{
  "id": "1",
  "count": 26,
  "words": [
    "arrow",
    "arrowroot",
    "athwart",
    "away",
    "awry",
    "harrow",
    "thataway",
    "thaw",
    "throw",
    "throwaway",
    "thwart",
    "wahoo",
    "wart",
    "warty",
    "wary",
    "watt",
    "what",
    "whoa",
    "woot",
    "worry",
    "worrywart",
    "wort",
    "worth",
    "worthy",
    "wrath",
    "yarrow"
  ],
  "meta": {
    "source_url": "https://www.sbsolver.com/s/1",
    "fetched_at": "2025-11-05T20:03:32Z",
    "user_agent": "Scraper/1.0 (+)",
    "pool": null,
    "center": null
  }
}