{
  "id": "2240",
  "count": 24,
  "words": [
    "akin",
    "alkali",
    "inking",
    "inkling",
    "irking",
    "kill",
    "killing",
    "kiln",
    "kilning",
    "king",
    "kinging",
    "kink",
    "kinking",
    "krill",
    "lank",
    "lark",
    "liking",
    "link",
    "linking",
    "raking",
    "rank",
    "ranking",
    "rankling",
    "rink"
  ],
  "meta": {
    "source_url": "https://www.sbsolver.com/s/2240",
    "fetched_at": "2025-11-05T23:18:27Z",
    "user_agent": "Scraper/1.0 (+)",
    "pool": null,
    "center": null
  }
}