{
  "id": "2241",
  "count": 42,
  "words": [
    "achoo",
    "ammo",
    "amoeba",
    "amoebae",
    "bamboo",
    "baobab",
    "beachcomb",
    "become",
    "boba",
    "bocce",
    "boho",
    "bomb",
    "bombe",
    "boob",
    "booboo",
    "boohoo",
    "boom",
    "cacao",
    "cameo",
    "camo",
    "chemo",
    "coach",
    "coca",
    "cocoa",
    "coho",
    "coma",
    "comb",
    "combo",
    "come",
    "comma",
    "echo",
    "haboob",
    "hobo",
    "home",
    "hooch",
    "macho",
    "mambo",
    "memo",
    "mocha",
    "momma",
    "mooch",
    "oboe"
  ],
  "meta": {
    "source_url": "https://www.sbsolver.com/s/2241",
    "fetched_at": "2025-11-05T23:18:30Z",
    "user_agent": "Scraper/1.0 (+)",
    "pool": null,
    "center": null
  }
}