{
  "id": "2242",
  "count": 49,
  "words": [
    "ammo",
    "amok",
    "anon",
    "anorak",
    "armor",
    "aroma",
    "arrow",
    "know",
    "known",
    "koan",
    "kook",
    "korma",
    "krona",
    "kronor",
    "kroon",
    "mako",
    "mammon",
    "manor",
    "maroon",
    "marrow",
    "moan",
    "momma",
    "monk",
    "mono",
    "moon",
    "moor",
    "morn",
    "moron",
    "morrow",
    "mown",
    "narrow",
    "nook",
    "noon",
    "norm",
    "okra",
    "roam",
    "roan",
    "roar",
    "rook",
    "room",
    "rowan",
    "woman",
    "wonk",
    "work",
    "workman",
    "workroom",
    "workwoman",
    "worm",
    "worn"
  ],
  "meta": {
    "source_url": "https://www.sbsolver.com/s/2242",
    "fetched_at": "2025-11-05T23:18:36Z",
    "user_agent": "Scraper/1.0 (+)",
    "pool": null,
    "center": null
  }
}