{
  "id": "2243",
  "count": 50,
  "words": [
    "agog",
    "allot",
    "aloe",
    "alto",
    "atoll",
    "evolve",
    "galoot",
    "gavotte",
    "gelato",
    "geotag",
    "gloat",
    "glottal",
    "glove",
    "goal",
    "goat",
    "goatee",
    "goggle",
    "google",
    "googol",
    "gotta",
    "legato",
    "loge",
    "logo",
    "loll",
    "loot",
    "lotto",
    "lovage",
    "love",
    "ogee",
    "ogle",
    "oleo",
    "oval",
    "ovate",
    "tattoo",
    "teetotal",
    "toga",
    "toggle",
    "toll",
    "tollgate",
    "tool",
    "toot",
    "tootle",
    "total",
    "tote",
    "veto",
    "vlog",
    "vole",
    "volt",
    "voltage",
    "vote"
  ],
  "meta": {
    "source_url": "https://www.sbsolver.com/s/2243",
    "fetched_at": "2025-11-05T23:18:40Z",
    "user_agent": "Scraper/1.0 (+)",
    "pool": null,
    "center": null
  }
}