{
  "id": "2244",
  "count": 43,
  "words": [
    "alga",
    "algal",
    "anal",
    "angular",
    "annal",
    "annual",
    "annul",
    "annular",
    "arugula",
    "aural",
    "dual",
    "dull",
    "dullard",
    "gala",
    "galangal",
    "gall",
    "gangland",
    "garland",
    "glad",
    "gland",
    "glandular",
    "glug",
    "gnarl",
    "gradual",
    "granular",
    "gulag",
    "gull",
    "laggard",
    "land",
    "lard",
    "laud",
    "luau",
    "lull",
    "lulu",
    "luna",
    "lunar",
    "lung",
    "lunula",
    "null",
    "raglan",
    "rural",
    "ulna",
    "ulnar"
  ],
  "meta": {
    "source_url": "https://www.sbsolver.com/s/2244",
    "fetched_at": "2025-11-05T23:18:44Z",
    "user_agent": "Scraper/1.0 (+)",
    "pool": null,
    "center": null
  }
}