{
  "id": "2245",
  "count": 40,
  "words": [
    "arbor",
    "arborio",
    "baba",
    "baboon",
    "banana",
    "baobab",
    "barb",
    "barbarian",
    "barn",
    "baron",
    "barrio",
    "barrow",
    "birria",
    "boar",
    "boba",
    "bobbin",
    "bonbon",
    "bonobo",
    "boob",
    "booboo",
    "boon",
    "boor",
    "born",
    "boron",
    "borrow",
    "bowwow",
    "brain",
    "bran",
    "brawn",
    "briar",
    "brio",
    "brow",
    "brown",
    "inborn",
    "nabob",
    "noob",
    "rabbi",
    "rainbow",
    "ribbon",
    "robin"
  ],
  "meta": {
    "source_url": "https://www.sbsolver.com/s/2245",
    "fetched_at": "2025-11-05T23:18:47Z",
    "user_agent": "Scraper/1.0 (+)",
    "pool": null,
    "center": null
  }
}