{
  "id": "2246",
  "count": 39,
  "words": [
    "ahead",
    "dahlia",
    "deadhead",
    "deadheaded",
    "hail",
    "hailed",
    "halal",
    "hale",
    "hall",
    "hand",
    "handed",
    "handheld",
    "handle",
    "handled",
    "head",
    "headed",
    "headland",
    "headline",
    "headlined",
    "heal",
    "healed",
    "heed",
    "heeded",
    "heel",
    "heeled",
    "heinie",
    "held",
    "hell",
    "henna",
    "hennaed",
    "hidden",
    "hide",
    "hied",
    "hill",
    "hilled",
    "hind",
    "inhale",
    "inhaled",
    "nailhead"
  ],
  "meta": {
    "source_url": "https://www.sbsolver.com/s/2246",
    "fetched_at": "2025-11-05T23:18:51Z",
    "user_agent": "Scraper/1.0 (+)",
    "pool": null,
    "center": null
  }
}