{
  "id": "2247",
  "count": 31,
  "words": [
    "afar",
    "afro",
    "aura",
    "aural",
    "aurora",
    "auroral",
    "farro",
    "favor",
    "flavor",
    "flavorful",
    "floor",
    "flora",
    "floral",
    "flour",
    "fora",
    "four",
    "froufrou",
    "furl",
    "furor",
    "larva",
    "larval",
    "oral",
    "ovular",
    "roar",
    "roll",
    "roof",
    "ruff",
    "rural",
    "uvular",
    "valor",
    "vulvar"
  ],
  "meta": {
    "source_url": "https://www.sbsolver.com/s/2247",
    "fetched_at": "2025-11-05T23:18:56Z",
    "user_agent": "Scraper/1.0 (+)",
    "pool": null,
    "center": null
  }
}