{
  "id": "2248",
  "count": 49,
  "words": [
    "alack",
    "arco",
    "cacao",
    "call",
    "calla",
    "callaloo",
    "callow",
    "carol",
    "clack",
    "claw",
    "cloaca",
    "cloak",
    "clock",
    "clockwork",
    "coal",
    "coca",
    "cock",
    "cocoa",
    "cola",
    "collar",
    "color",
    "cook",
    "cool",
    "coral",
    "cork",
    "corolla",
    "corral",
    "cowl",
    "crack",
    "craw",
    "crawl",
    "croak",
    "croc",
    "crock",
    "crook",
    "crow",
    "lack",
    "local",
    "lock",
    "loco",
    "oarlock",
    "orca",
    "rack",
    "rock",
    "rococo",
    "wack",
    "wacko",
    "warlock",
    "wrack"
  ],
  "meta": {
    "source_url": "https://www.sbsolver.com/s/2248",
    "fetched_at": "2025-11-05T23:18:59Z",
    "user_agent": "Scraper/1.0 (+)",
    "pool": null,
    "center": null
  }
}