{
  "id": "2249",
  "count": 18,
  "words": [
    "jigging",
    "jiggling",
    "jiggly",
    "jiggy",
    "jillion",
    "jingling",
    "jingly",
    "jingo",
    "jinn",
    "jinni",
    "jogging",
    "joggling",
    "join",
    "joining",
    "jollily",
    "jolly",
    "jollying",
    "joying"
  ],
  "meta": {
    "source_url": "https://www.sbsolver.com/s/2249",
    "fetched_at": "2025-11-05T23:19:03Z",
    "user_agent": "Scraper/1.0 (+)",
    "pool": null,
    "center": null
  }
}