{
  "id": "2250",
  "count": 54,
  "words": [
    "accept",
    "acceptance",
    "apace",
    "apnea",
    "canape",
    "cape",
    "catnap",
    "cuppa",
    "cutup",
    "epee",
    "nape",
    "neap",
    "pace",
    "pact",
    "paean",
    "panacea",
    "pancetta",
    "pane",
    "pant",
    "papa",
    "pate",
    "patent",
    "patentee",
    "peace",
    "peanut",
    "peat",
    "pecan",
    "peen",
    "peep",
    "penance",
    "pence",
    "pennant",
    "penne",
    "pent",
    "pentane",
    "puce",
    "punctuate",
    "punt",
    "pupa",
    "pupae",
    "pupate",
    "puppet",
    "putt",
    "tapa",
    "tape",
    "taupe",
    "teacup",
    "teepee",
    "tepee",
    "tuneup",
    "unacceptance",
    "unapt",
    "uncap",
    "unpen"
  ],
  "meta": {
    "source_url": "https://www.sbsolver.com/s/2250",
    "fetched_at": "2025-11-05T23:19:06Z",
    "user_agent": "Scraper/1.0 (+)",
    "pool": null,
    "center": null
  }
}