{
  "id": "2251",
  "count": 34,
  "words": [
    "beet",
    "biotech",
    "biotic",
    "bite",
    "boot",
    "bootee",
    "booth",
    "bootie",
    "botch",
    "both",
    "chit",
    "cite",
    "coot",
    "cootie",
    "cote",
    "etch",
    "ethic",
    "hectic",
    "hitch",
    "hobbit",
    "hoot",
    "hottie",
    "itch",
    "obit",
    "octet",
    "tech",
    "techie",
    "teeth",
    "teethe",
    "thee",
    "tithe",
    "toot",
    "tooth",
    "tote"
  ],
  "meta": {
    "source_url": "https://www.sbsolver.com/s/2251",
    "fetched_at": "2025-11-05T23:19:09Z",
    "user_agent": "Scraper/1.0 (+)",
    "pool": null,
    "center": null
  }
}