{
  "id": "2252",
  "count": 70,
  "words": [
    "defend",
    "defended",
    "defending",
    "defied",
    "defile",
    "defiled",
    "defiling",
    "define",
    "defined",
    "defining",
    "deified",
    "dignified",
    "edified",
    "elfin",
    "feed",
    "feeding",
    "feel",
    "feeling",
    "feign",
    "feigned",
    "feigning",
    "felid",
    "feline",
    "fell",
    "felled",
    "felling",
    "fend",
    "fended",
    "fending",
    "fennel",
    "fiddle",
    "fiddled",
    "fiddling",
    "fief",
    "field",
    "fielded",
    "fielding",
    "fiend",
    "fife",
    "fifed",
    "fifing",
    "file",
    "filed",
    "filing",
    "fill",
    "filled",
    "filling",
    "find",
    "finding",
    "fine",
    "fined",
    "fining",
    "finned",
    "fled",
    "fledge",
    "fledged",
    "fledging",
    "fledgling",
    "flee",
    "fleeing",
    "flied",
    "fling",
    "flinging",
    "infidel",
    "infield",
    "infill",
    "infilled",
    "infilling",
    "life",
    "lifeline"
  ],
  "meta": {
    "source_url": "https://www.sbsolver.com/s/2252",
    "fetched_at": "2025-11-05T23:19:13Z",
    "user_agent": "Scraper/1.0 (+)",
    "pool": null,
    "center": null
  }
}