{
  "id": "2253",
  "count": 28,
  "words": [
    "aloha",
    "annihilation",
    "anthill",
    "hail",
    "halal",
    "hall",
    "halo",
    "halt",
    "hath",
    "hatha",
    "hill",
    "hilt",
    "hint",
    "holt",
    "hoot",
    "inhalant",
    "inhalation",
    "lath",
    "litho",
    "loath",
    "ninth",
    "oath",
    "tahini",
    "than",
    "that",
    "thin",
    "tilth",
    "tooth"
  ],
  "meta": {
    "source_url": "https://www.sbsolver.com/s/2253",
    "fetched_at": "2025-11-05T23:19:17Z",
    "user_agent": "Scraper/1.0 (+)",
    "pool": null,
    "center": null
  }
}