{
  "id": "2254",
  "count": 38,
  "words": [
    "boor",
    "boring",
    "born",
    "boron",
    "borzoi",
    "bribing",
    "brig",
    "bring",
    "bringing",
    "brining",
    "brio",
    "bronzing",
    "gorging",
    "gorgon",
    "goring",
    "grin",
    "grinning",
    "grog",
    "groin",
    "ignoring",
    "inborn",
    "iron",
    "ironing",
    "nigiri",
    "noir",
    "nori",
    "origin",
    "orzo",
    "ribbing",
    "ribbon",
    "ribboning",
    "rigging",
    "rigor",
    "ring",
    "ringing",
    "robbing",
    "robin",
    "robing"
  ],
  "meta": {
    "source_url": "https://www.sbsolver.com/s/2254",
    "fetched_at": "2025-11-05T23:19:20Z",
    "user_agent": "Scraper/1.0 (+)",
    "pool": null,
    "center": null
  }
}