{
  "id": "2255",
  "count": 41,
  "words": [
    "ammo",
    "armor",
    "aroma",
    "atom",
    "farm",
    "foam",
    "form",
    "format",
    "from",
    "frontman",
    "mama",
    "mamma",
    "mammon",
    "manna",
    "manor",
    "manta",
    "mantra",
    "marm",
    "marmot",
    "maroon",
    "mart",
    "matron",
    "moan",
    "moat",
    "momma",
    "mono",
    "moon",
    "moonroof",
    "moor",
    "moot",
    "morn",
    "moron",
    "mortar",
    "motor",
    "motto",
    "norm",
    "ottoman",
    "roam",
    "room",
    "tomato",
    "tram"
  ],
  "meta": {
    "source_url": "https://www.sbsolver.com/s/2255",
    "fetched_at": "2025-11-05T23:19:23Z",
    "user_agent": "Scraper/1.0 (+)",
    "pool": null,
    "center": null
  }
}