{
  "id": "2256",
  "count": 26,
  "words": [
    "chew",
    "chewed",
    "hewed",
    "twee",
    "tweed",
    "tweet",
    "tweeted",
    "twice",
    "twit",
    "twitch",
    "twitched",
    "wedded",
    "weed",
    "weeded",
    "wetted",
    "whee",
    "whet",
    "whetted",
    "whew",
    "which",
    "whit",
    "white",
    "wide",
    "width",
    "witch",
    "with"
  ],
  "meta": {
    "source_url": "https://www.sbsolver.com/s/2256",
    "fetched_at": "2025-11-05T23:19:26Z",
    "user_agent": "Scraper/1.0 (+)",
    "pool": null,
    "center": null
  }
}