{
  "id": "2257",
  "count": 29,
  "words": [
    "comic",
    "common",
    "communion",
    "condom",
    "condominium",
    "cumin",
    "dominion",
    "domino",
    "doom",
    "dumdum",
    "idiom",
    "indium",
    "midi",
    "mimic",
    "mind",
    "mini",
    "minim",
    "minimum",
    "minion",
    "modicum",
    "mondo",
    "mono",
    "mood",
    "moon",
    "mound",
    "muumuu",
    "noncom",
    "odium",
    "uncommon"
  ],
  "meta": {
    "source_url": "https://www.sbsolver.com/s/2257",
    "fetched_at": "2025-11-05T23:19:30Z",
    "user_agent": "Scraper/1.0 (+)",
    "pool": null,
    "center": null
  }
}