{
  "id": "2258",
  "count": 44,
  "words": [
    "annual",
    "annul",
    "annuli",
    "annulling",
    "biannual",
    "bilingual",
    "bubba",
    "bubbling",
    "bugging",
    "bugling",
    "bulb",
    "bulging",
    "bull",
    "bung",
    "bungling",
    "gauging",
    "glug",
    "glugging",
    "gluing",
    "gulag",
    "gull",
    "gulling",
    "gunning",
    "iguana",
    "linguini",
    "luau",
    "lubing",
    "lugging",
    "luging",
    "lull",
    "lulling",
    "lulu",
    "luna",
    "lung",
    "lunging",
    "lunula",
    "nubbin",
    "null",
    "ulna",
    "unbag",
    "unbagging",
    "unban",
    "unbanning",
    "unilingual"
  ],
  "meta": {
    "source_url": "https://www.sbsolver.com/s/2258",
    "fetched_at": "2025-11-05T23:19:33Z",
    "user_agent": "Scraper/1.0 (+)",
    "pool": null,
    "center": null
  }
}