{
  "id": "2259",
  "count": 51,
  "words": [
    "cite",
    "cocci",
    "coin",
    "conceit",
    "concoction",
    "conic",
    "conjoin",
    "conjoint",
    "connection",
    "contention",
    "continence",
    "continent",
    "cootie",
    "ejection",
    "enjoin",
    "entice",
    "icon",
    "iconic",
    "incite",
    "incontinence",
    "incontinent",
    "inject",
    "injection",
    "innie",
    "innocence",
    "innocent",
    "intent",
    "intention",
    "into",
    "intone",
    "ionic",
    "jinn",
    "jinni",
    "join",
    "joint",
    "nice",
    "nicotine",
    "niece",
    "nine",
    "nineteen",
    "nite",
    "notice",
    "notion",
    "onion",
    "tectonic",
    "tinct",
    "tine",
    "tint",
    "tonic",
    "tontine",
    "toonie"
  ],
  "meta": {
    "source_url": "https://www.sbsolver.com/s/2259",
    "fetched_at": "2025-11-05T23:19:43Z",
    "user_agent": "Scraper/1.0 (+)",
    "pool": null,
    "center": null
  }
}