{
  "id": "2260",
  "count": 42,
  "words": [
    "alarm",
    "amoral",
    "amorally",
    "armor",
    "armory",
    "army",
    "aroma",
    "array",
    "arroyo",
    "lorry",
    "mammary",
    "manor",
    "marm",
    "maroon",
    "marry",
    "mayor",
    "mayoral",
    "molar",
    "moor",
    "moral",
    "morally",
    "moray",
    "morn",
    "moron",
    "nary",
    "nonroyal",
    "norm",
    "normal",
    "normally",
    "oral",
    "orally",
    "rally",
    "rayon",
    "roam",
    "roan",
    "roar",
    "roll",
    "room",
    "roomy",
    "royal",
    "royally",
    "yarn"
  ],
  "meta": {
    "source_url": "https://www.sbsolver.com/s/2260",
    "fetched_at": "2025-11-05T23:19:47Z",
    "user_agent": "Scraper/1.0 (+)",
    "pool": null,
    "center": null
  }
}