{
  "id": "2262",
  "count": 42,
  "words": [
    "denude",
    "denuded",
    "dude",
    "duet",
    "duetted",
    "dune",
    "dunned",
    "duvet",
    "endue",
    "endued",
    "ennui",
    "etude",
    "intuit",
    "intuited",
    "intuitive",
    "nude",
    "nudie",
    "tune",
    "tuned",
    "tutee",
    "tutted",
    "tutti",
    "tutu",
    "undid",
    "undivided",
    "undue",
    "unedited",
    "uneven",
    "unintended",
    "uninventive",
    "uninvited",
    "unit",
    "unite",
    "united",
    "unitive",
    "unneeded",
    "untended",
    "untie",
    "untied",
    "untune",
    "untuned",
    "venue"
  ],
  "meta": {
    "source_url": "https://www.sbsolver.com/s/2262",
    "fetched_at": "2025-11-05T23:19:59Z",
    "user_agent": "Scraper/1.0 (+)",
    "pool": null,
    "center": null
  }
}