{
  "id": "2263",
  "count": 32,
  "words": [
    "abate",
    "abet",
    "appetite",
    "appetize",
    "bait",
    "baptize",
    "bate",
    "beat",
    "beet",
    "beta",
    "bite",
    "pate",
    "peat",
    "pepita",
    "petit",
    "petite",
    "pipet",
    "pipette",
    "pipit",
    "pita",
    "pitapat",
    "tapa",
    "tape",
    "teat",
    "teepee",
    "tepee",
    "tibia",
    "tibiae",
    "tipi",
    "tippet",
    "zeta",
    "ziti"
  ],
  "meta": {
    "source_url": "https://www.sbsolver.com/s/2263",
    "fetched_at": "2025-11-05T23:20:03Z",
    "user_agent": "Scraper/1.0 (+)",
    "pool": null,
    "center": null
  }
}