{
  "id": "2264",
  "count": 57,
  "words": [
    "dwell",
    "dwelled",
    "dwelling",
    "dwindle",
    "dwindled",
    "dwindling",
    "lewd",
    "newel",
    "wedded",
    "wedding",
    "wedge",
    "wedged",
    "wedgie",
    "wedging",
    "weed",
    "weeded",
    "weeding",
    "weenie",
    "weld",
    "welded",
    "welding",
    "well",
    "welled",
    "welling",
    "wend",
    "wended",
    "wending",
    "wide",
    "widen",
    "widened",
    "widening",
    "wield",
    "wielded",
    "wielding",
    "wienie",
    "wigged",
    "wigging",
    "wiggle",
    "wiggled",
    "wiggling",
    "wild",
    "wildling",
    "wile",
    "will",
    "willed",
    "willing",
    "wind",
    "winded",
    "winding",
    "wine",
    "wined",
    "wing",
    "wingding",
    "winged",
    "winging",
    "wining",
    "winning"
  ],
  "meta": {
    "source_url": "https://www.sbsolver.com/s/2264",
    "fetched_at": "2025-11-05T23:20:07Z",
    "user_agent": "Scraper/1.0 (+)",
    "pool": null,
    "center": null
  }
}