{
  "id": "2265",
  "count": 58,
  "words": [
    "achoo",
    "arch",
    "archaic",
    "arhat",
    "arthritic",
    "attach",
    "catarrh",
    "catch",
    "cathartic",
    "chai",
    "chair",
    "chaotic",
    "char",
    "chariot",
    "chart",
    "chat",
    "chia",
    "chic",
    "chica",
    "chichi",
    "chit",
    "chitchat",
    "choir",
    "coach",
    "cochair",
    "coho",
    "cohort",
    "crotch",
    "hair",
    "haricot",
    "hart",
    "hatch",
    "hath",
    "hatha",
    "hitch",
    "hoar",
    "hooch",
    "hoorah",
    "hoot",
    "hora",
    "horchata",
    "horror",
    "ichor",
    "itch",
    "oath",
    "orthotic",
    "rhotic",
    "rich",
    "roach",
    "tach",
    "that",
    "thatch",
    "thoracic",
    "throat",
    "tooth",
    "torah",
    "torch",
    "troth"
  ],
  "meta": {
    "source_url": "https://www.sbsolver.com/s/2265",
    "fetched_at": "2025-11-05T23:20:14Z",
    "user_agent": "Scraper/1.0 (+)",
    "pool": null,
    "center": null
  }
}