{
  "id": "2266",
  "count": 30,
  "words": [
    "agate",
    "agita",
    "agitate",
    "baggage",
    "baggie",
    "begat",
    "begem",
    "beget",
    "beige",
    "biggie",
    "gaga",
    "gage",
    "gait",
    "gambit",
    "game",
    "gamete",
    "gamma",
    "gate",
    "gibe",
    "gigabit",
    "gimme",
    "image",
    "mage",
    "magi",
    "magma",
    "mega",
    "megabit",
    "mitigate",
    "taiga",
    "teabag"
  ],
  "meta": {
    "source_url": "https://www.sbsolver.com/s/2266",
    "fetched_at": "2025-11-05T23:20:21Z",
    "user_agent": "Scraper/1.0 (+)",
    "pool": null,
    "center": null
  }
}