{
  "id": "2267",
  "count": 47,
  "words": [
    "demon",
    "deny",
    "done",
    "donee",
    "donned",
    "doyen",
    "doyenne",
    "dyne",
    "emend",
    "emended",
    "ended",
    "enemy",
    "homonym",
    "homonymy",
    "hone",
    "honed",
    "honey",
    "honeyed",
    "honeymoon",
    "honeymooned",
    "hymen",
    "hymn",
    "mend",
    "mended",
    "mondo",
    "money",
    "moneyed",
    "moneymen",
    "mono",
    "mononym",
    "moon",
    "mooned",
    "moony",
    "need",
    "needed",
    "needy",
    "nene",
    "neon",
    "nodded",
    "node",
    "none",
    "noon",
    "odeon",
    "omen",
    "yenned",
    "yeomen",
    "yond"
  ],
  "meta": {
    "source_url": "https://www.sbsolver.com/s/2267",
    "fetched_at": "2025-11-05T23:20:25Z",
    "user_agent": "Scraper/1.0 (+)",
    "pool": null,
    "center": null
  }
}