{
  "id": "2268",
  "count": 49,
  "words": [
    "alike",
    "alit",
    "alive",
    "alkali",
    "allele",
    "alleviate",
    "atilt",
    "avail",
    "aviate",
    "eave",
    "elate",
    "elevate",
    "kale",
    "lake",
    "late",
    "latke",
    "latte",
    "lava",
    "lave",
    "leak",
    "leave",
    "levitate",
    "tail",
    "take",
    "tale",
    "tali",
    "talk",
    "talkative",
    "talkie",
    "tall",
    "tallit",
    "tattle",
    "tattletale",
    "teak",
    "teakettle",
    "teal",
    "teat",
    "telltale",
    "tikka",
    "titillate",
    "titivate",
    "vale",
    "valet",
    "valve",
    "veal",
    "vial",
    "villa",
    "vital",
    "vitiate"
  ],
  "meta": {
    "source_url": "https://www.sbsolver.com/s/2268",
    "fetched_at": "2025-11-05T23:20:30Z",
    "user_agent": "Scraper/1.0 (+)",
    "pool": null,
    "center": null
  }
}