{
  "id": "2269",
  "count": 21,
  "words": [
    "dink",
    "dinky",
    "dunk",
    "inky",
    "kiln",
    "kind",
    "kindly",
    "kink",
    "kinkily",
    "kinky",
    "link",
    "lunk",
    "ninny",
    "nudnik",
    "null",
    "undid",
    "unduly",
    "unkind",
    "unkindly",
    "unkink",
    "unlink"
  ],
  "meta": {
    "source_url": "https://www.sbsolver.com/s/2269",
    "fetched_at": "2025-11-05T23:20:34Z",
    "user_agent": "Scraper/1.0 (+)",
    "pool": null,
    "center": null
  }
}