{
  "id": "2270",
  "count": 35,
  "words": [
    "delight",
    "delighted",
    "eight",
    "eighth",
    "eightieth",
    "ghee",
    "hedge",
    "hedged",
    "heed",
    "heeded",
    "heel",
    "heeled",
    "height",
    "held",
    "hell",
    "hide",
    "hied",
    "high",
    "highlight",
    "highlighted",
    "hill",
    "hilled",
    "hilt",
    "light",
    "lighted",
    "lithe",
    "teeth",
    "teethe",
    "teethed",
    "thee",
    "thigh",
    "tight",
    "tilth",
    "tithe",
    "tithed"
  ],
  "meta": {
    "source_url": "https://www.sbsolver.com/s/2270",
    "fetched_at": "2025-11-05T23:20:38Z",
    "user_agent": "Scraper/1.0 (+)",
    "pool": null,
    "center": null
  }
}