{
  "id": "2271",
  "count": 47,
  "words": [
    "concord",
    "concur",
    "condor",
    "conductor",
    "contort",
    "contour",
    "cord",
    "cordon",
    "corn",
    "court",
    "croc",
    "croon",
    "crouton",
    "crud",
    "curd",
    "curt",
    "doctor",
    "donor",
    "door",
    "dour",
    "nonconductor",
    "occur",
    "odor",
    "orotund",
    "outdoor",
    "outro",
    "outrun",
    "rococo",
    "rondo",
    "rood",
    "root",
    "rotor",
    "rotund",
    "round",
    "rout",
    "runout",
    "runt",
    "torn",
    "toro",
    "tort",
    "tour",
    "trod",
    "trot",
    "trout",
    "turn",
    "turnout",
    "tutor"
  ],
  "meta": {
    "source_url": "https://www.sbsolver.com/s/2271",
    "fetched_at": "2025-11-05T23:20:41Z",
    "user_agent": "Scraper/1.0 (+)",
    "pool": null,
    "center": null
  }
}