{
  "id": "2272",
  "count": 39,
  "words": [
    "aback",
    "able",
    "baba",
    "babble",
    "babe",
    "babel",
    "babka",
    "back",
    "backache",
    "bake",
    "bale",
    "balk",
    "ball",
    "beach",
    "beak",
    "beck",
    "beech",
    "belch",
    "bell",
    "belle",
    "blab",
    "black",
    "blackball",
    "blah",
    "bleach",
    "bleak",
    "blech",
    "cabal",
    "cabala",
    "cable",
    "callable",
    "callback",
    "celeb",
    "checkable",
    "hackable",
    "healable",
    "kabbalah",
    "kebab",
    "label"
  ],
  "meta": {
    "source_url": "https://www.sbsolver.com/s/2272",
    "fetched_at": "2025-11-05T23:20:45Z",
    "user_agent": "Scraper/1.0 (+)",
    "pool": null,
    "center": null
  }
}