{
  "id": "2273",
  "count": 28,
  "words": [
    "afar",
    "affair",
    "affirm",
    "afro",
    "ammo",
    "aria",
    "armor",
    "aroma",
    "fair",
    "farm",
    "farro",
    "fava",
    "favor",
    "foam",
    "fora",
    "friar",
    "imam",
    "mafia",
    "maim",
    "mama",
    "mamma",
    "marm",
    "momma",
    "raffia",
    "riffraff",
    "roam",
    "roar",
    "variform"
  ],
  "meta": {
    "source_url": "https://www.sbsolver.com/s/2273",
    "fetched_at": "2025-11-05T23:20:49Z",
    "user_agent": "Scraper/1.0 (+)",
    "pool": null,
    "center": null
  }
}