{
  "id": "2274",
  "count": 61,
  "words": [
    "acacia",
    "acai",
    "aching",
    "acing",
    "anarchic",
    "arancini",
    "arcana",
    "arch",
    "archaic",
    "arching",
    "arcing",
    "arnica",
    "caching",
    "caging",
    "cairn",
    "cancan",
    "caning",
    "canna",
    "canning",
    "caring",
    "chagrin",
    "chai",
    "chain",
    "chaining",
    "chair",
    "chairing",
    "chancing",
    "changing",
    "char",
    "charging",
    "charring",
    "chia",
    "chic",
    "chica",
    "chichi",
    "chin",
    "china",
    "chinning",
    "cigar",
    "cinch",
    "cinching",
    "circa",
    "cirri",
    "crag",
    "crania",
    "craning",
    "cringing",
    "gracing",
    "grinch",
    "highchair",
    "icing",
    "inch",
    "inching",
    "narc",
    "niacin",
    "racing",
    "ranch",
    "ranching",
    "rich",
    "ricin",
    "ricing"
  ],
  "meta": {
    "source_url": "https://www.sbsolver.com/s/2274",
    "fetched_at": "2025-11-05T23:20:53Z",
    "user_agent": "Scraper/1.0 (+)",
    "pool": null,
    "center": null
  }
}