{
  "id": "2275",
  "count": 30,
  "words": [
    "allot",
    "allow",
    "alto",
    "atoll",
    "auto",
    "koala",
    "kola",
    "kook",
    "kowtow",
    "loll",
    "look",
    "lookout",
    "loot",
    "lotto",
    "lout",
    "outlaw",
    "outlook",
    "outtalk",
    "tallow",
    "tattoo",
    "toll",
    "took",
    "tool",
    "toot",
    "total",
    "tout",
    "walkout",
    "wallow",
    "wool",
    "woot"
  ],
  "meta": {
    "source_url": "https://www.sbsolver.com/s/2275",
    "fetched_at": "2025-11-05T23:20:57Z",
    "user_agent": "Scraper/1.0 (+)",
    "pool": null,
    "center": null
  }
}