{
  "id": "2276",
  "count": 39,
  "words": [
    "cell",
    "celli",
    "cicely",
    "clemency",
    "clime",
    "cycle",
    "eely",
    "emcee",
    "eminence",
    "enemy",
    "icemen",
    "icicle",
    "imminence",
    "inclemency",
    "incline",
    "innie",
    "lenience",
    "leniency",
    "lice",
    "lien",
    "lime",
    "line",
    "linemen",
    "linen",
    "melee",
    "meme",
    "mice",
    "mien",
    "mile",
    "mime",
    "mince",
    "mine",
    "myelin",
    "nene",
    "nice",
    "nicely",
    "niece",
    "nine",
    "yell"
  ],
  "meta": {
    "source_url": "https://www.sbsolver.com/s/2276",
    "fetched_at": "2025-11-05T23:21:02Z",
    "user_agent": "Scraper/1.0 (+)",
    "pool": null,
    "center": null
  }
}