{
  "id": "2277",
  "count": 54,
  "words": [
    "fillip",
    "flip",
    "flipflop",
    "flipflopping",
    "flipping",
    "flop",
    "flopping",
    "gloop",
    "glop",
    "glopping",
    "goop",
    "lipo",
    "lipping",
    "lollipop",
    "lollop",
    "lolloping",
    "loop",
    "looping",
    "loping",
    "lopping",
    "nipping",
    "opining",
    "opinion",
    "piffling",
    "pigging",
    "piling",
    "pill",
    "pilling",
    "pillion",
    "ping",
    "pinging",
    "pining",
    "pinion",
    "pinioning",
    "pinning",
    "piping",
    "pippin",
    "plop",
    "plopping",
    "pogo",
    "pogoing",
    "poling",
    "polio",
    "poll",
    "polling",
    "polo",
    "pong",
    "poof",
    "pool",
    "pooling",
    "poop",
    "pooping",
    "poplin",
    "popping"
  ],
  "meta": {
    "source_url": "https://www.sbsolver.com/s/2277",
    "fetched_at": "2025-11-05T23:21:07Z",
    "user_agent": "Scraper/1.0 (+)",
    "pool": null,
    "center": null
  }
}