{
  "id": "2278",
  "count": 25,
  "words": [
    "ache",
    "achy",
    "ankh",
    "cache",
    "chance",
    "chancy",
    "check",
    "cheek",
    "cheeky",
    "each",
    "enhance",
    "hack",
    "hackney",
    "haka",
    "hake",
    "hank",
    "hanky",
    "heck",
    "hence",
    "henna",
    "hyena",
    "khan",
    "yeah",
    "yecch",
    "yech"
  ],
  "meta": {
    "source_url": "https://www.sbsolver.com/s/2278",
    "fetched_at": "2025-11-05T23:21:11Z",
    "user_agent": "Scraper/1.0 (+)",
    "pool": null,
    "center": null
  }
}