{
  "id": "2279",
  "count": 28,
  "words": [
    "anvil",
    "avail",
    "avian",
    "cava",
    "cavil",
    "civic",
    "civil",
    "civilian",
    "convivial",
    "lava",
    "naval",
    "nonvocal",
    "nova",
    "oval",
    "vain",
    "vanilla",
    "vanillin",
    "vial",
    "villa",
    "villain",
    "viol",
    "viola",
    "violin",
    "vocal",
    "vocalic",
    "voila",
    "volcanic",
    "volcano"
  ],
  "meta": {
    "source_url": "https://www.sbsolver.com/s/2279",
    "fetched_at": "2025-11-05T23:21:18Z",
    "user_agent": "Scraper/1.0 (+)",
    "pool": null,
    "center": null
  }
}