{
  "id": "2280",
  "count": 47,
  "words": [
    "biotin",
    "birth",
    "bonito",
    "boot",
    "booth",
    "both",
    "broth",
    "hint",
    "hobbit",
    "hoot",
    "inhibit",
    "inhibition",
    "inhibitor",
    "into",
    "intro",
    "ninth",
    "nitro",
    "north",
    "notion",
    "obit",
    "onto",
    "orbit",
    "ribbit",
    "riot",
    "robot",
    "root",
    "roti",
    "rotini",
    "rotor",
    "thin",
    "thorn",
    "throb",
    "tinhorn",
    "tint",
    "toon",
    "toot",
    "tooth",
    "tori",
    "torii",
    "torn",
    "toro",
    "tort",
    "tortoni",
    "trio",
    "triton",
    "trot",
    "troth"
  ],
  "meta": {
    "source_url": "https://www.sbsolver.com/s/2280",
    "fetched_at": "2025-11-05T23:21:23Z",
    "user_agent": "Scraper/1.0 (+)",
    "pool": null,
    "center": null
  }
}