{
  "id": "2281",
  "count": 54,
  "words": [
    "come",
    "comet",
    "commode",
    "comp",
    "comped",
    "compete",
    "competed",
    "compote",
    "deem",
    "deemed",
    "demo",
    "demoed",
    "demote",
    "demoted",
    "dome",
    "domed",
    "doom",
    "doomed",
    "emcee",
    "emceed",
    "emote",
    "emoted",
    "meet",
    "meme",
    "memed",
    "memo",
    "mete",
    "meted",
    "mode",
    "modem",
    "mood",
    "mooed",
    "moot",
    "mooted",
    "mope",
    "moped",
    "mopped",
    "moppet",
    "mote",
    "motet",
    "motto",
    "poem",
    "pome",
    "pomp",
    "pompom",
    "teem",
    "teemed",
    "temp",
    "temped",
    "tempo",
    "tempt",
    "tempted",
    "tome",
    "totem"
  ],
  "meta": {
    "source_url": "https://www.sbsolver.com/s/2281",
    "fetched_at": "2025-11-05T23:21:28Z",
    "user_agent": "Scraper/1.0 (+)",
    "pool": null,
    "center": null
  }
}