{
  "id": "2282",
  "count": 26,
  "words": [
    "cirri",
    "crimp",
    "crimping",
    "cringing",
    "grim",
    "grin",
    "grinning",
    "grip",
    "griping",
    "gripping",
    "mirin",
    "miring",
    "nigiri",
    "pricing",
    "prig",
    "prim",
    "priming",
    "primp",
    "primping",
    "ricin",
    "ricing",
    "rigging",
    "rimming",
    "ring",
    "ringing",
    "ripping"
  ],
  "meta": {
    "source_url": "https://www.sbsolver.com/s/2282",
    "fetched_at": "2025-11-05T23:21:31Z",
    "user_agent": "Scraper/1.0 (+)",
    "pool": null,
    "center": null
  }
}