{
  "id": "2283",
  "count": 37,
  "words": [
    "afar",
    "affair",
    "affiant",
    "affinity",
    "affray",
    "antifa",
    "faint",
    "fair",
    "fairy",
    "fanny",
    "farina",
    "fart",
    "fatty",
    "fiat",
    "fifty",
    "frat",
    "fratty",
    "fray",
    "friar",
    "friary",
    "frittata",
    "iffy",
    "infant",
    "infantry",
    "infinity",
    "naif",
    "nifty",
    "raffia",
    "raft",
    "ratify",
    "riff",
    "riffraff",
    "rift",
    "taffy",
    "tariff",
    "tiff",
    "tiffany"
  ],
  "meta": {
    "source_url": "https://www.sbsolver.com/s/2283",
    "fetched_at": "2025-11-05T23:21:35Z",
    "user_agent": "Scraper/1.0 (+)",
    "pool": null,
    "center": null
  }
}