{
  "id": "2284",
  "count": 46,
  "words": [
    "able",
    "affable",
    "affix",
    "alexia",
    "alfalfa",
    "alibi",
    "allele",
    "axel",
    "axial",
    "axilla",
    "axillae",
    "axle",
    "baba",
    "babble",
    "babe",
    "babel",
    "baffle",
    "bail",
    "bailee",
    "bailiff",
    "bale",
    "ball",
    "befall",
    "biaxial",
    "bilabial",
    "billable",
    "blab",
    "fable",
    "fail",
    "falafel",
    "fall",
    "fallible",
    "fella",
    "filial",
    "fillable",
    "fixable",
    "flab",
    "flail",
    "flax",
    "flea",
    "label",
    "labia",
    "labial",
    "labile",
    "leaf",
    "liable"
  ],
  "meta": {
    "source_url": "https://www.sbsolver.com/s/2284",
    "fetched_at": "2025-11-05T23:21:40Z",
    "user_agent": "Scraper/1.0 (+)",
    "pool": null,
    "center": null
  }
}