{
  "id": "2285",
  "count": 16,
  "words": [
    "agonizing",
    "antagonizing",
    "gazing",
    "gonzo",
    "ionization",
    "ionizing",
    "oozing",
    "zagging",
    "zigging",
    "zigzag",
    "zigzagging",
    "zing",
    "zinging",
    "zinnia",
    "ziti",
    "zoning"
  ],
  "meta": {
    "source_url": "https://www.sbsolver.com/s/2285",
    "fetched_at": "2025-11-05T23:21:46Z",
    "user_agent": "Scraper/1.0 (+)",
    "pool": null,
    "center": null
  }
}