{
  "id": "2286",
  "count": 56,
  "words": [
    "cent",
    "check",
    "cheek",
    "chicken",
    "cite",
    "entente",
    "entice",
    "etch",
    "ethic",
    "ethnic",
    "heck",
    "hectic",
    "heinie",
    "hence",
    "hike",
    "hitchhike",
    "incite",
    "innie",
    "intent",
    "keen",
    "kente",
    "ketch",
    "kinetic",
    "kitchen",
    "kitchenette",
    "kite",
    "kitten",
    "knee",
    "neck",
    "necktie",
    "nene",
    "nice",
    "niche",
    "niece",
    "nine",
    "nineteen",
    "nineteenth",
    "ninetieth",
    "nite",
    "tech",
    "techie",
    "teen",
    "teeth",
    "teethe",
    "tenet",
    "tent",
    "tenth",
    "thee",
    "then",
    "thence",
    "thicken",
    "thicket",
    "thine",
    "ticket",
    "tine",
    "tithe"
  ],
  "meta": {
    "source_url": "https://www.sbsolver.com/s/2286",
    "fetched_at": "2025-11-05T23:21:51Z",
    "user_agent": "Scraper/1.0 (+)",
    "pool": null,
    "center": null
  }
}