{
  "id": "2287",
  "count": 47,
  "words": [
    "aback",
    "abbot",
    "baba",
    "babka",
    "back",
    "backlot",
    "backtalk",
    "balk",
    "ball",
    "ballcock",
    "ballot",
    "baobab",
    "blab",
    "black",
    "blackball",
    "blat",
    "bloat",
    "blob",
    "bloc",
    "block",
    "blot",
    "blotto",
    "boat",
    "boba",
    "bobcat",
    "bock",
    "bola",
    "boll",
    "bolo",
    "bolt",
    "boob",
    "booboo",
    "book",
    "boot",
    "bootblack",
    "cabal",
    "cabala",
    "callback",
    "cobalt",
    "collab",
    "cookbook",
    "kabob",
    "lobo",
    "lookbook",
    "tabla",
    "taboo",
    "tobacco"
  ],
  "meta": {
    "source_url": "https://www.sbsolver.com/s/2287",
    "fetched_at": "2025-11-05T23:21:59Z",
    "user_agent": "Scraper/1.0 (+)",
    "pool": null,
    "center": null
  }
}