{
  "id": "2288",
  "count": 32,
  "words": [
    "acacia",
    "acai",
    "acid",
    "acidic",
    "acidy",
    "adamancy",
    "caddy",
    "caiman",
    "cami",
    "cancan",
    "candid",
    "candidacy",
    "candy",
    "candyman",
    "canid",
    "canna",
    "canny",
    "cayman",
    "cicada",
    "cyan",
    "cynic",
    "dynamic",
    "indica",
    "indicia",
    "macadam",
    "macadamia",
    "maniac",
    "manic",
    "mica",
    "mimic",
    "minicam",
    "niacin"
  ],
  "meta": {
    "source_url": "https://www.sbsolver.com/s/2288",
    "fetched_at": "2025-11-05T23:22:02Z",
    "user_agent": "Scraper/1.0 (+)",
    "pool": null,
    "center": null
  }
}