{
  "id": "2289",
  "count": 65,
  "words": [
    "evolve",
    "intention",
    "into",
    "intone",
    "invention",
    "involve",
    "lento",
    "leonine",
    "lion",
    "loin",
    "loll",
    "lone",
    "loon",
    "loonie",
    "loot",
    "lotion",
    "lotto",
    "love",
    "neon",
    "noel",
    "none",
    "nonet",
    "nonevent",
    "nonillion",
    "nonviolent",
    "noon",
    "note",
    "notion",
    "novel",
    "novelette",
    "oleo",
    "olio",
    "olive",
    "ollie",
    "onion",
    "online",
    "onto",
    "oven",
    "ovine",
    "tenon",
    "toil",
    "toile",
    "toilet",
    "toilette",
    "toll",
    "tone",
    "tonne",
    "tontine",
    "tool",
    "toon",
    "toonie",
    "toot",
    "tootle",
    "tote",
    "veto",
    "viol",
    "violent",
    "violet",
    "violin",
    "voile",
    "vole",
    "volition",
    "volt",
    "vote",
    "votive"
  ],
  "meta": {
    "source_url": "https://www.sbsolver.com/s/2289",
    "fetched_at": "2025-11-05T23:22:08Z",
    "user_agent": "Scraper/1.0 (+)",
    "pool": null,
    "center": null
  }
}