{
  "id": "2290",
  "count": 34,
  "words": [
    "ammo",
    "armor",
    "aroma",
    "atom",
    "imam",
    "imitator",
    "maim",
    "mama",
    "mamma",
    "marm",
    "marmot",
    "mart",
    "mirror",
    "mitt",
    "moat",
    "momma",
    "moor",
    "moot",
    "moratoria",
    "mortar",
    "motivator",
    "motor",
    "motto",
    "omit",
    "roam",
    "room",
    "tamari",
    "tatami",
    "tomato",
    "tomtit",
    "tram",
    "trim",
    "vomit",
    "vroom"
  ],
  "meta": {
    "source_url": "https://www.sbsolver.com/s/2290",
    "fetched_at": "2025-11-05T23:22:12Z",
    "user_agent": "Scraper/1.0 (+)",
    "pool": null,
    "center": null
  }
}