{
  "id": "2291",
  "count": 20,
  "words": [
    "bubbly",
    "bulb",
    "bull",
    "bully",
    "club",
    "clubby",
    "cubby",
    "cubic",
    "cull",
    "lull",
    "lulu",
    "pubic",
    "public",
    "publicly",
    "puli",
    "pull",
    "pulp",
    "pulpy",
    "pupil",
    "puppy"
  ],
  "meta": {
    "source_url": "https://www.sbsolver.com/s/2291",
    "fetched_at": "2025-11-05T23:22:15Z",
    "user_agent": "Scraper/1.0 (+)",
    "pool": null,
    "center": null
  }
}