{
  "id": "2292",
  "count": 69,
  "words": [
    "abbot",
    "abort",
    "allot",
    "altar",
    "alto",
    "aorta",
    "aortal",
    "arty",
    "atoll",
    "attaboy",
    "attar",
    "ballot",
    "batboy",
    "batty",
    "blat",
    "bloat",
    "blot",
    "blotto",
    "boat",
    "bolt",
    "boot",
    "booty",
    "brat",
    "bratty",
    "laboratory",
    "loot",
    "lotto",
    "loyalty",
    "oaty",
    "orator",
    "oratory",
    "ratatat",
    "rattly",
    "ratty",
    "robot",
    "root",
    "rotary",
    "rotator",
    "rotatory",
    "rotor",
    "royalty",
    "tabby",
    "tabla",
    "taboo",
    "tabor",
    "tall",
    "tallboy",
    "tally",
    "taro",
    "tarot",
    "tarry",
    "tart",
    "tartar",
    "tartly",
    "tattoo",
    "tatty",
    "toll",
    "tool",
    "toolbar",
    "toot",
    "toro",
    "tort",
    "total",
    "totally",
    "tray",
    "troll",
    "trot",
    "troy",
    "tyro"
  ],
  "meta": {
    "source_url": "https://www.sbsolver.com/s/2292",
    "fetched_at": "2025-11-05T23:22:18Z",
    "user_agent": "Scraper/1.0 (+)",
    "pool": null,
    "center": null
  }
}