{
  "id": "2293",
  "count": 34,
  "words": [
    "diddling",
    "dill",
    "divulging",
    "dull",
    "dulling",
    "giggling",
    "gild",
    "gilding",
    "gill",
    "gilling",
    "gliding",
    "glug",
    "glugging",
    "gluing",
    "guild",
    "gull",
    "gulling",
    "idling",
    "indulging",
    "linguini",
    "lining",
    "livid",
    "living",
    "lugging",
    "luging",
    "lull",
    "lulling",
    "lulu",
    "lung",
    "lunging",
    "niggling",
    "null",
    "unliving",
    "vigil"
  ],
  "meta": {
    "source_url": "https://www.sbsolver.com/s/2293",
    "fetched_at": "2025-11-05T23:22:22Z",
    "user_agent": "Scraper/1.0 (+)",
    "pool": null,
    "center": null
  }
}