{
  "id": "2294",
  "count": 27,
  "words": [
    "dodo",
    "doggo",
    "dong",
    "donor",
    "door",
    "dough",
    "dour",
    "drug",
    "dugong",
    "dung",
    "dunno",
    "good",
    "gourd",
    "ground",
    "groundhog",
    "hood",
    "hoodoo",
    "hound",
    "nunhood",
    "odor",
    "rondo",
    "rood",
    "round",
    "udon",
    "undo",
    "unground",
    "unhood"
  ],
  "meta": {
    "source_url": "https://www.sbsolver.com/s/2294",
    "fetched_at": "2025-11-05T23:22:25Z",
    "user_agent": "Scraper/1.0 (+)",
    "pool": null,
    "center": null
  }
}