{
  "id": "2295",
  "count": 40,
  "words": [
    "ahoy",
    "apathy",
    "arhat",
    "atrophy",
    "happy",
    "harp",
    "harpy",
    "harry",
    "hart",
    "hath",
    "hatha",
    "hoar",
    "hoary",
    "hoop",
    "hoorah",
    "hooray",
    "hoot",
    "hoppy",
    "hora",
    "horror",
    "hortatory",
    "hotpot",
    "hypo",
    "oath",
    "paratha",
    "path",
    "pharaoh",
    "phat",
    "photo",
    "pooh",
    "that",
    "throat",
    "throaty",
    "tooth",
    "toothy",
    "torah",
    "trophy",
    "troth",
    "yahoo",
    "yoohoo"
  ],
  "meta": {
    "source_url": "https://www.sbsolver.com/s/2295",
    "fetched_at": "2025-11-05T23:22:31Z",
    "user_agent": "Scraper/1.0 (+)",
    "pool": null,
    "center": null
  }
}