{
  "id": "2296",
  "count": 27,
  "words": [
    "epee",
    "expo",
    "hippie",
    "hippo",
    "hoop",
    "hope",
    "ninepin",
    "nope",
    "open",
    "opine",
    "opinion",
    "peen",
    "peep",
    "penne",
    "peon",
    "phoenix",
    "phone",
    "phono",
    "pine",
    "pinion",
    "pipe",
    "pippin",
    "pixie",
    "pone",
    "pooh",
    "poop",
    "pope"
  ],
  "meta": {
    "source_url": "https://www.sbsolver.com/s/2296",
    "fetched_at": "2025-11-05T23:22:36Z",
    "user_agent": "Scraper/1.0 (+)",
    "pool": null,
    "center": null
  }
}