{
  "id": "2297",
  "count": 47,
  "words": [
    "alibi",
    "ambling",
    "baaing",
    "baba",
    "babbling",
    "bagging",
    "bagman",
    "bail",
    "bailing",
    "baling",
    "ball",
    "balling",
    "balm",
    "banal",
    "banana",
    "bang",
    "banging",
    "banning",
    "bilabial",
    "bill",
    "billing",
    "binging",
    "binning",
    "blab",
    "blabbing",
    "blam",
    "blaming",
    "blin",
    "bling",
    "blini",
    "gabbing",
    "gabbling",
    "gambling",
    "gibing",
    "glib",
    "iamb",
    "iambi",
    "imbibing",
    "labia",
    "labial",
    "lamb",
    "limb",
    "mailbag",
    "mamba",
    "nabbing",
    "nibbling",
    "nimbi"
  ],
  "meta": {
    "source_url": "https://www.sbsolver.com/s/2297",
    "fetched_at": "2025-11-05T23:22:41Z",
    "user_agent": "Scraper/1.0 (+)",
    "pool": null,
    "center": null
  }
}