{
  "id": "2298",
  "count": 42,
  "words": [
    "chuck",
    "chucked",
    "chunk",
    "chunked",
    "cued",
    "cuke",
    "deduce",
    "deduced",
    "denude",
    "denuded",
    "deuce",
    "duck",
    "ducked",
    "dude",
    "duke",
    "duked",
    "dunce",
    "dune",
    "dunk",
    "dunked",
    "dunned",
    "educe",
    "educed",
    "endue",
    "endued",
    "eunuch",
    "hued",
    "hunch",
    "hunched",
    "hunk",
    "kudu",
    "nude",
    "nuke",
    "nuked",
    "nunchuck",
    "nunchuk",
    "unceded",
    "uncheck",
    "unchecked",
    "undue",
    "unheeded",
    "unneeded"
  ],
  "meta": {
    "source_url": "https://www.sbsolver.com/s/2298",
    "fetched_at": "2025-11-05T23:22:45Z",
    "user_agent": "Scraper/1.0 (+)",
    "pool": null,
    "center": null
  }
}