{
  "id": "2299",
  "count": 69,
  "words": [
    "abate",
    "abbot",
    "abet",
    "ablate",
    "able",
    "appealable",
    "baba",
    "babble",
    "babe",
    "babel",
    "bale",
    "ball",
    "ballet",
    "ballot",
    "baobab",
    "bate",
    "battle",
    "beat",
    "beatable",
    "bebop",
    "beep",
    "beet",
    "beetle",
    "belate",
    "bell",
    "belle",
    "belt",
    "beta",
    "betel",
    "blab",
    "blat",
    "bleat",
    "bleep",
    "bloat",
    "blob",
    "bloop",
    "blot",
    "blotto",
    "boat",
    "boatel",
    "boba",
    "bobble",
    "bola",
    "boll",
    "bolo",
    "bolt",
    "boob",
    "booboo",
    "boop",
    "boot",
    "bootee",
    "bottle",
    "label",
    "lobe",
    "lobo",
    "oblate",
    "oboe",
    "palatable",
    "palpable",
    "pebble",
    "peelable",
    "pleb",
    "plebe",
    "potable",
    "tabla",
    "table",
    "tablet",
    "tabletop",
    "taboo"
  ],
  "meta": {
    "source_url": "https://www.sbsolver.com/s/2299",
    "fetched_at": "2025-11-05T23:22:48Z",
    "user_agent": "Scraper/1.0 (+)",
    "pool": null,
    "center": null
  }
}