{
  "id": "2300",
  "count": 50,
  "words": [
    "acacia",
    "acai",
    "anionic",
    "cacao",
    "caiman",
    "cami",
    "camo",
    "camp",
    "campo",
    "cancan",
    "canna",
    "cannon",
    "canon",
    "canonic",
    "canopic",
    "capo",
    "capon",
    "ciao",
    "cinnamon",
    "cioppino",
    "coca",
    "cocci",
    "cocoa",
    "cocoon",
    "coin",
    "coma",
    "comic",
    "comma",
    "common",
    "comp",
    "companion",
    "conic",
    "coop",
    "icon",
    "iconic",
    "ionic",
    "maniac",
    "manic",
    "mica",
    "mimic",
    "minicam",
    "minicamp",
    "monomaniac",
    "niacin",
    "nincompoop",
    "noncom",
    "panic",
    "pica",
    "picnic",
    "poinciana"
  ],
  "meta": {
    "source_url": "https://www.sbsolver.com/s/2300",
    "fetched_at": "2025-11-05T23:22:51Z",
    "user_agent": "Scraper/1.0 (+)",
    "pool": null,
    "center": null
  }
}