{
  "id": "2301",
  "count": 37,
  "words": [
    "effete",
    "feel",
    "feet",
    "fell",
    "felt",
    "femme",
    "fete",
    "fettle",
    "fief",
    "fife",
    "file",
    "filet",
    "fill",
    "fillet",
    "film",
    "flee",
    "fleet",
    "flit",
    "floe",
    "foil",
    "folio",
    "fool",
    "foot",
    "footie",
    "left",
    "leftie",
    "leitmotif",
    "life",
    "lifetime",
    "lift",
    "liftoff",
    "loft",
    "miff",
    "motif",
    "teff",
    "tiff",
    "toffee"
  ],
  "meta": {
    "source_url": "https://www.sbsolver.com/s/2301",
    "fetched_at": "2025-11-05T23:22:55Z",
    "user_agent": "Scraper/1.0 (+)",
    "pool": null,
    "center": null
  }
}