{
  "id": "2302",
  "count": 27,
  "words": [
    "ahoy",
    "aioli",
    "allay",
    "alloy",
    "ally",
    "aloha",
    "daddy",
    "dahlia",
    "daily",
    "dally",
    "daylily",
    "dial",
    "dillydally",
    "doodad",
    "dyad",
    "hail",
    "halal",
    "hall",
    "halo",
    "hiya",
    "holiday",
    "lady",
    "laid",
    "load",
    "loyal",
    "loyally",
    "yahoo"
  ],
  "meta": {
    "source_url": "https://www.sbsolver.com/s/2302",
    "fetched_at": "2025-11-05T23:22:58Z",
    "user_agent": "Scraper/1.0 (+)",
    "pool": null,
    "center": null
  }
}