{
  "id": "2303",
  "count": 50,
  "words": [
    "ginkgo",
    "going",
    "gong",
    "gonging",
    "goon",
    "gouging",
    "gout",
    "ignition",
    "ingot",
    "into",
    "intoning",
    "intuition",
    "knot",
    "knotting",
    "kook",
    "noggin",
    "nonunion",
    "nook",
    "noon",
    "noting",
    "notion",
    "noun",
    "oink",
    "oinking",
    "ongoing",
    "onion",
    "onto",
    "outgo",
    "outgoing",
    "outgun",
    "outgunning",
    "outing",
    "togging",
    "toking",
    "tong",
    "tonging",
    "tonguing",
    "toning",
    "took",
    "toon",
    "toot",
    "tooting",
    "toting",
    "tout",
    "touting",
    "tuition",
    "union",
    "unknot",
    "unknotting",
    "unto"
  ],
  "meta": {
    "source_url": "https://www.sbsolver.com/s/2303",
    "fetched_at": "2025-11-05T23:23:04Z",
    "user_agent": "Scraper/1.0 (+)",
    "pool": null,
    "center": null
  }
}