{
  "id": "2304",
  "count": 58,
  "words": [
    "demimonde",
    "demo",
    "demoed",
    "demon",
    "demonize",
    "demonized",
    "dino",
    "diode",
    "dodo",
    "dome",
    "domed",
    "dominion",
    "domino",
    "done",
    "donee",
    "donned",
    "doom",
    "doomed",
    "doozie",
    "doze",
    "dozed",
    "dozen",
    "idiom",
    "iodide",
    "iodine",
    "iodize",
    "iodized",
    "ionize",
    "ionized",
    "memo",
    "mezzo",
    "mimeo",
    "minion",
    "mode",
    "modem",
    "mondo",
    "monied",
    "mono",
    "mood",
    "mooed",
    "moon",
    "mooned",
    "neon",
    "nodded",
    "node",
    "nominee",
    "none",
    "noon",
    "odeon",
    "omen",
    "onion",
    "ooze",
    "oozed",
    "ozone",
    "zone",
    "zoned",
    "zoom",
    "zoomed"
  ],
  "meta": {
    "source_url": "https://www.sbsolver.com/s/2304",
    "fetched_at": "2025-11-05T23:23:07Z",
    "user_agent": "Scraper/1.0 (+)",
    "pool": null,
    "center": null
  }
}