{
  "id": "2305",
  "count": 34,
  "words": [
    "arrow",
    "arrowroot",
    "athwart",
    "harrow",
    "hawthorn",
    "narrow",
    "nohow",
    "rowan",
    "thaw",
    "throw",
    "thrown",
    "thwart",
    "town",
    "wahoo",
    "wanna",
    "want",
    "wanton",
    "warn",
    "warrant",
    "warrantor",
    "wart",
    "watt",
    "what",
    "whatnot",
    "whoa",
    "wont",
    "wonton",
    "woohoo",
    "woot",
    "worn",
    "wort",
    "worth",
    "wrath",
    "wroth"
  ],
  "meta": {
    "source_url": "https://www.sbsolver.com/s/2305",
    "fetched_at": "2025-11-05T23:23:10Z",
    "user_agent": "Scraper/1.0 (+)",
    "pool": null,
    "center": null
  }
}