{
  "id": "2306",
  "count": 30,
  "words": [
    "acacia",
    "acai",
    "ataxia",
    "atomic",
    "attic",
    "axiom",
    "axiomatic",
    "cacti",
    "cami",
    "ciao",
    "coati",
    "cocci",
    "comic",
    "commit",
    "imam",
    "iota",
    "maim",
    "maxi",
    "maxim",
    "maxima",
    "mica",
    "mimic",
    "mitt",
    "omit",
    "tacit",
    "tactic",
    "tatami",
    "taxi",
    "tomtit",
    "toxic"
  ],
  "meta": {
    "source_url": "https://www.sbsolver.com/s/2306",
    "fetched_at": "2025-11-05T23:23:14Z",
    "user_agent": "Scraper/1.0 (+)",
    "pool": null,
    "center": null
  }
}