{
  "id": "2307",
  "count": 50,
  "words": [
    "afar",
    "affair",
    "affiant",
    "antifa",
    "faint",
    "fainting",
    "fair",
    "fang",
    "fanning",
    "farina",
    "faring",
    "fart",
    "farting",
    "fating",
    "fiat",
    "fifing",
    "fining",
    "firing",
    "fitting",
    "frag",
    "fragging",
    "fragrant",
    "frat",
    "friar",
    "fringing",
    "frittata",
    "gaff",
    "gift",
    "gifting",
    "graffiti",
    "graffitiing",
    "graft",
    "grafting",
    "griffin",
    "grift",
    "grifting",
    "infant",
    "infringing",
    "naif",
    "raffia",
    "raft",
    "rafting",
    "riff",
    "riffing",
    "riffraff",
    "rift",
    "rifting",
    "tariff",
    "tariffing",
    "tiff"
  ],
  "meta": {
    "source_url": "https://www.sbsolver.com/s/2307",
    "fetched_at": "2025-11-05T23:23:17Z",
    "user_agent": "Scraper/1.0 (+)",
    "pool": null,
    "center": null
  }
}