{
  "id": "2308",
  "count": 29,
  "words": [
    "abandon",
    "adobo",
    "ankh",
    "anon",
    "baba",
    "babka",
    "baboon",
    "banana",
    "band",
    "bandana",
    "bandanna",
    "bank",
    "baobab",
    "boba",
    "dank",
    "doodad",
    "haboob",
    "haka",
    "hand",
    "handbook",
    "hank",
    "hookah",
    "kabob",
    "khan",
    "koan",
    "naan",
    "nabob",
    "nada",
    "nana"
  ],
  "meta": {
    "source_url": "https://www.sbsolver.com/s/2308",
    "fetched_at": "2025-11-05T23:23:20Z",
    "user_agent": "Scraper/1.0 (+)",
    "pool": null,
    "center": null
  }
}