{
  "id": "2309",
  "count": 51,
  "words": [
    "cede",
    "ceded",
    "cocci",
    "cocoon",
    "cocooned",
    "code",
    "coded",
    "codeine",
    "codon",
    "coed",
    "coin",
    "coincide",
    "coincided",
    "coincidence",
    "coined",
    "concede",
    "conceded",
    "condo",
    "condone",
    "condoned",
    "cone",
    "coned",
    "conic",
    "conjoin",
    "conjoined",
    "conned",
    "cooed",
    "decide",
    "decided",
    "deco",
    "decode",
    "decoded",
    "deice",
    "deiced",
    "deicide",
    "dice",
    "diced",
    "ecocide",
    "encode",
    "encoded",
    "iced",
    "icon",
    "iconic",
    "incidence",
    "innocence",
    "ionic",
    "neocon",
    "nice",
    "niece",
    "nonce",
    "once"
  ],
  "meta": {
    "source_url": "https://www.sbsolver.com/s/2309",
    "fetched_at": "2025-11-05T23:23:24Z",
    "user_agent": "Scraper/1.0 (+)",
    "pool": null,
    "center": null
  }
}