{
  "id": "2310",
  "count": 33,
  "words": [
    "anti",
    "arrant",
    "atria",
    "attain",
    "attar",
    "avatar",
    "bait",
    "brat",
    "invariant",
    "irritant",
    "natant",
    "rabbit",
    "raita",
    "rant",
    "ratatat",
    "rattan",
    "ribbit",
    "taint",
    "tannin",
    "tantara",
    "tantra",
    "tart",
    "tartan",
    "tartar",
    "tiara",
    "tibia",
    "tint",
    "titan",
    "train",
    "trait",
    "trivia",
    "variant",
    "vibrant"
  ],
  "meta": {
    "source_url": "https://www.sbsolver.com/s/2310",
    "fetched_at": "2025-11-05T23:23:29Z",
    "user_agent": "Scraper/1.0 (+)",
    "pool": null,
    "center": null
  }
}