{
  "id": "2311",
  "count": 39,
  "words": [
    "agog",
    "alga",
    "algal",
    "amalgam",
    "apology",
    "gaga",
    "gala",
    "gall",
    "gallop",
    "galop",
    "gamma",
    "gamy",
    "gayly",
    "glam",
    "glom",
    "gloom",
    "gloomy",
    "gloop",
    "gloopy",
    "glop",
    "gloppy",
    "goal",
    "goggly",
    "golly",
    "googly",
    "googol",
    "goop",
    "goopy",
    "laggy",
    "lallygag",
    "logo",
    "logy",
    "lollygag",
    "magma",
    "mammalogy",
    "pogo",
    "polygamy",
    "pygmy",
    "yoga"
  ],
  "meta": {
    "source_url": "https://www.sbsolver.com/s/2311",
    "fetched_at": "2025-11-05T23:23:33Z",
    "user_agent": "Scraper/1.0 (+)",
    "pool": null,
    "center": null
  }
}