{
  "id": "2312",
  "count": 29,
  "words": [
    "aargh",
    "afar",
    "agar",
    "arhat",
    "attar",
    "augur",
    "aura",
    "fart",
    "frag",
    "frat",
    "fraught",
    "frug",
    "graft",
    "gruff",
    "guar",
    "guru",
    "hart",
    "hurrah",
    "hurt",
    "raft",
    "raga",
    "ragtag",
    "ragu",
    "ratatat",
    "ruff",
    "tart",
    "tartar",
    "truth",
    "turf"
  ],
  "meta": {
    "source_url": "https://www.sbsolver.com/s/2312",
    "fetched_at": "2025-11-05T23:23:36Z",
    "user_agent": "Scraper/1.0 (+)",
    "pool": null,
    "center": null
  }
}