{
  "id": "2313",
  "count": 46,
  "words": [
    "delve",
    "delved",
    "devil",
    "deviled",
    "devoid",
    "devolve",
    "devolved",
    "dive",
    "dived",
    "divide",
    "divided",
    "divvied",
    "dove",
    "evil",
    "evolve",
    "evolved",
    "five",
    "fivefold",
    "ivied",
    "levee",
    "level",
    "leveled",
    "levied",
    "live",
    "lived",
    "livid",
    "love",
    "loved",
    "olive",
    "ovoid",
    "veil",
    "veiled",
    "veld",
    "video",
    "videoed",
    "vied",
    "vile",
    "vilified",
    "viol",
    "vivid",
    "vivified",
    "void",
    "voided",
    "voile",
    "vole",
    "voodoo"
  ],
  "meta": {
    "source_url": "https://www.sbsolver.com/s/2313",
    "fetched_at": "2025-11-05T23:23:40Z",
    "user_agent": "Scraper/1.0 (+)",
    "pool": null,
    "center": null
  }
}