{
  "id": "2314",
  "count": 55,
  "words": [
    "abomination",
    "ambit",
    "ambition",
    "amino",
    "ammonia",
    "amnio",
    "anima",
    "animation",
    "anion",
    "annotation",
    "anoint",
    "anti",
    "attain",
    "bait",
    "biota",
    "biotin",
    "bobbin",
    "bonito",
    "iamb",
    "iambi",
    "imam",
    "imitation",
    "initiation",
    "intimation",
    "into",
    "intonation",
    "iota",
    "maim",
    "main",
    "maintain",
    "mania",
    "mini",
    "minim",
    "minima",
    "minion",
    "mint",
    "mitt",
    "monomania",
    "motion",
    "nation",
    "nimbi",
    "nomination",
    "notation",
    "notion",
    "obit",
    "obtain",
    "omit",
    "onion",
    "taint",
    "tannin",
    "tatami",
    "tibia",
    "tint",
    "titan",
    "tomtit"
  ],
  "meta": {
    "source_url": "https://www.sbsolver.com/s/2314",
    "fetched_at": "2025-11-05T23:23:43Z",
    "user_agent": "Scraper/1.0 (+)",
    "pool": null,
    "center": null
  }
}