{
  "id": "2315",
  "count": 66,
  "words": [
    "eight",
    "eighteen",
    "eighteenth",
    "eighth",
    "eightieth",
    "ghee",
    "height",
    "heighten",
    "heightening",
    "heinie",
    "henge",
    "hewing",
    "hewn",
    "high",
    "hinge",
    "hinging",
    "hint",
    "hinting",
    "hitting",
    "neigh",
    "neighing",
    "nigh",
    "night",
    "nightie",
    "nineteenth",
    "ninetieth",
    "ninth",
    "teeth",
    "teethe",
    "teething",
    "tenth",
    "thee",
    "then",
    "thigh",
    "thin",
    "thine",
    "thing",
    "thinning",
    "tight",
    "tighten",
    "tightening",
    "tithe",
    "tithing",
    "twentieth",
    "weigh",
    "weighing",
    "weight",
    "weighting",
    "whee",
    "when",
    "whet",
    "whetting",
    "whew",
    "whine",
    "whinge",
    "whingeing",
    "whinging",
    "whining",
    "whit",
    "white",
    "whiten",
    "whitening",
    "whiting",
    "wight",
    "with",
    "within"
  ],
  "meta": {
    "source_url": "https://www.sbsolver.com/s/2315",
    "fetched_at": "2025-11-05T23:23:47Z",
    "user_agent": "Scraper/1.0 (+)",
    "pool": null,
    "center": null
  }
}