{
  "id": "2316",
  "count": 35,
  "words": [
    "accept",
    "acetate",
    "affect",
    "apace",
    "cafe",
    "cape",
    "efface",
    "effect",
    "effete",
    "epee",
    "face",
    "facet",
    "fate",
    "feat",
    "feet",
    "feta",
    "fete",
    "pace",
    "pate",
    "payee",
    "peace",
    "peat",
    "peaty",
    "peep",
    "peppy",
    "petty",
    "tacet",
    "taffeta",
    "tape",
    "teat",
    "teepee",
    "teff",
    "tepee",
    "type",
    "typeface"
  ],
  "meta": {
    "source_url": "https://www.sbsolver.com/s/2316",
    "fetched_at": "2025-11-05T23:23:51Z",
    "user_agent": "Scraper/1.0 (+)",
    "pool": null,
    "center": null
  }
}