{
  "id": "2317",
  "count": 28,
  "words": [
    "city",
    "clod",
    "clot",
    "cloy",
    "cocci",
    "codicil",
    "coil",
    "cold",
    "coldly",
    "colic",
    "colloid",
    "colt",
    "cool",
    "coolly",
    "coot",
    "coyly",
    "cyclic",
    "docility",
    "icily",
    "idiocy",
    "idiotic",
    "idyllic",
    "illicit",
    "illicitly",
    "licit",
    "licitly",
    "loci",
    "loco"
  ],
  "meta": {
    "source_url": "https://www.sbsolver.com/s/2317",
    "fetched_at": "2025-11-05T23:23:54Z",
    "user_agent": "Scraper/1.0 (+)",
    "pool": null,
    "center": null
  }
}