{
  "id": "2318",
  "count": 45,
  "words": [
    "bribing",
    "brig",
    "bring",
    "bringing",
    "brining",
    "bruin",
    "burb",
    "burg",
    "burn",
    "burning",
    "burp",
    "burping",
    "burr",
    "grin",
    "grinning",
    "grip",
    "griping",
    "gripping",
    "grub",
    "grubbing",
    "guru",
    "inuring",
    "inurn",
    "inurning",
    "nigiri",
    "prig",
    "pruning",
    "purging",
    "purr",
    "purring",
    "ribbing",
    "rigging",
    "ring",
    "ringing",
    "ripping",
    "rubbing",
    "ruin",
    "ruing",
    "ruining",
    "rung",
    "running",
    "unrig",
    "unrigging",
    "upbringing",
    "urging"
  ],
  "meta": {
    "source_url": "https://www.sbsolver.com/s/2318",
    "fetched_at": "2025-11-05T23:23:57Z",
    "user_agent": "Scraper/1.0 (+)",
    "pool": null,
    "center": null
  }
}