{
  "id": "2319",
  "count": 47,
  "words": [
    "abbot",
    "abloom",
    "baba",
    "baht",
    "ball",
    "ballot",
    "balm",
    "bamboo",
    "baobab",
    "bath",
    "bathmat",
    "blab",
    "blah",
    "blam",
    "blat",
    "bloat",
    "blob",
    "bloom",
    "blot",
    "blotto",
    "boat",
    "boba",
    "boho",
    "bola",
    "boll",
    "bolo",
    "bolt",
    "bomb",
    "boob",
    "booboo",
    "boohoo",
    "boom",
    "boot",
    "booth",
    "both",
    "bottom",
    "haboob",
    "hobo",
    "lamb",
    "lobo",
    "mamba",
    "mambo",
    "mothball",
    "tabla",
    "taboo",
    "tollbooth",
    "tomb"
  ],
  "meta": {
    "source_url": "https://www.sbsolver.com/s/2319",
    "fetched_at": "2025-11-05T23:24:01Z",
    "user_agent": "Scraper/1.0 (+)",
    "pool": null,
    "center": null
  }
}