{
  "id": "2320",
  "count": 39,
  "words": [
    "ache",
    "ached",
    "acidhead",
    "ahead",
    "cache",
    "cached",
    "chad",
    "chai",
    "check",
    "checked",
    "cheek",
    "chia",
    "chic",
    "chica",
    "chichi",
    "chick",
    "chickadee",
    "chide",
    "chided",
    "dacha",
    "deadhead",
    "deadheaded",
    "each",
    "hack",
    "hacked",
    "haka",
    "hake",
    "head",
    "headache",
    "headed",
    "heck",
    "heed",
    "heeded",
    "hick",
    "hide",
    "hied",
    "hike",
    "hiked",
    "khaki"
  ],
  "meta": {
    "source_url": "https://www.sbsolver.com/s/2320",
    "fetched_at": "2025-11-05T23:24:04Z",
    "user_agent": "Scraper/1.0 (+)",
    "pool": null,
    "center": null
  }
}