{
  "id": "2321",
  "count": 47,
  "words": [
    "alien",
    "alive",
    "allele",
    "anal",
    "annal",
    "anneal",
    "anvil",
    "avail",
    "avian",
    "eave",
    "elan",
    "inane",
    "jail",
    "java",
    "javelin",
    "javelina",
    "jean",
    "lain",
    "lanai",
    "lane",
    "lava",
    "lave",
    "lean",
    "leave",
    "leaven",
    "lineal",
    "naan",
    "nail",
    "naive",
    "nana",
    "naval",
    "nave",
    "navel",
    "ninja",
    "vain",
    "vale",
    "valve",
    "vane",
    "vanilla",
    "vanillin",
    "veal",
    "venal",
    "venial",
    "vial",
    "villa",
    "villain",
    "villanelle"
  ],
  "meta": {
    "source_url": "https://www.sbsolver.com/s/2321",
    "fetched_at": "2025-11-05T23:24:07Z",
    "user_agent": "Scraper/1.0 (+)",
    "pool": null,
    "center": null
  }
}