{
  "id": "2322",
  "count": 55,
  "words": [
    "deem",
    "deemed",
    "deeming",
    "denim",
    "dime",
    "dimmed",
    "dimming",
    "emend",
    "emended",
    "emending",
    "gimme",
    "lemming",
    "lime",
    "limn",
    "limned",
    "limning",
    "linemen",
    "meddle",
    "meddled",
    "meddling",
    "meld",
    "melded",
    "melding",
    "melee",
    "meme",
    "memed",
    "meming",
    "mend",
    "mended",
    "mending",
    "middle",
    "middlemen",
    "middling",
    "midge",
    "midi",
    "mien",
    "mild",
    "mile",
    "mill",
    "milled",
    "milling",
    "mime",
    "mimed",
    "miming",
    "mind",
    "minded",
    "minding",
    "mine",
    "mined",
    "mingle",
    "mingled",
    "mingling",
    "mini",
    "minim",
    "mining"
  ],
  "meta": {
    "source_url": "https://www.sbsolver.com/s/2322",
    "fetched_at": "2025-11-05T23:24:11Z",
    "user_agent": "Scraper/1.0 (+)",
    "pool": null,
    "center": null
  }
}