{
  "id": "2323",
  "count": 38,
  "words": [
    "cell",
    "celli",
    "chicle",
    "chicly",
    "chiefly",
    "chili",
    "chill",
    "chilly",
    "cicely",
    "clef",
    "cliche",
    "cliff",
    "cycle",
    "cyclic",
    "eely",
    "feel",
    "fell",
    "filch",
    "file",
    "fill",
    "filly",
    "flee",
    "fleece",
    "fleecy",
    "heel",
    "hell",
    "hill",
    "hilly",
    "icicle",
    "icily",
    "illy",
    "lech",
    "leech",
    "lice",
    "life",
    "lily",
    "lychee",
    "yell"
  ],
  "meta": {
    "source_url": "https://www.sbsolver.com/s/2323",
    "fetched_at": "2025-11-05T23:24:14Z",
    "user_agent": "Scraper/1.0 (+)",
    "pool": null,
    "center": null
  }
}