{
  "id": "2324",
  "count": 57,
  "words": [
    "aboard",
    "abroad",
    "accord",
    "adobo",
    "arbor",
    "arco",
    "ardor",
    "backboard",
    "backdoor",
    "baobab",
    "barbacoa",
    "boar",
    "board",
    "boba",
    "bock",
    "boob",
    "booboo",
    "book",
    "bookrack",
    "boor",
    "broad",
    "brood",
    "brook",
    "cacao",
    "cardboard",
    "carob",
    "cobra",
    "coca",
    "cock",
    "cocoa",
    "coda",
    "cook",
    "cookbook",
    "cord",
    "cork",
    "corkboard",
    "croak",
    "croc",
    "crock",
    "crook",
    "dock",
    "dodo",
    "doodad",
    "door",
    "dorado",
    "dork",
    "kabob",
    "kook",
    "odor",
    "okra",
    "orca",
    "road",
    "roar",
    "rock",
    "rococo",
    "rood",
    "rook"
  ],
  "meta": {
    "source_url": "https://www.sbsolver.com/s/2324",
    "fetched_at": "2025-11-05T23:24:19Z",
    "user_agent": "Scraper/1.0 (+)",
    "pool": null,
    "center": null
  }
}