{
  "id": "2325",
  "count": 24,
  "words": [
    "attach",
    "camp",
    "captcha",
    "catch",
    "catchup",
    "champ",
    "chap",
    "chat",
    "chum",
    "chump",
    "chuppah",
    "cuppa",
    "cutup",
    "hatch",
    "hutch",
    "match",
    "matcha",
    "matchup",
    "much",
    "pact",
    "patch",
    "tach",
    "tact",
    "thatch"
  ],
  "meta": {
    "source_url": "https://www.sbsolver.com/s/2325",
    "fetched_at": "2025-11-05T23:24:22Z",
    "user_agent": "Scraper/1.0 (+)",
    "pool": null,
    "center": null
  }
}