{
  "id": "2326",
  "count": 52,
  "words": [
    "beet",
    "beetle",
    "beget",
    "beige",
    "belie",
    "belittle",
    "bell",
    "belle",
    "belly",
    "belt",
    "betel",
    "bible",
    "bigeye",
    "biggie",
    "bile",
    "bilge",
    "billet",
    "bite",
    "byte",
    "eely",
    "eggy",
    "elegy",
    "eligibility",
    "eligible",
    "eligibly",
    "elite",
    "eyelet",
    "gelee",
    "gelt",
    "gibe",
    "giblet",
    "giggle",
    "glee",
    "illegibility",
    "illegible",
    "illegibly",
    "leggy",
    "legibility",
    "legible",
    "legibly",
    "legit",
    "libel",
    "libelee",
    "liege",
    "lite",
    "little",
    "tell",
    "tile",
    "title",
    "tittle",
    "yell",
    "yeti"
  ],
  "meta": {
    "source_url": "https://www.sbsolver.com/s/2326",
    "fetched_at": "2025-11-05T23:24:26Z",
    "user_agent": "Scraper/1.0 (+)",
    "pool": null,
    "center": null
  }
}