{
  "id": "2327",
  "count": 47,
  "words": [
    "citron",
    "cocoon",
    "coffin",
    "coin",
    "concoct",
    "concoction",
    "confit",
    "confront",
    "conic",
    "contort",
    "contortion",
    "contrition",
    "corn",
    "cotton",
    "croon",
    "fiction",
    "finito",
    "font",
    "friction",
    "front",
    "icon",
    "iconic",
    "info",
    "into",
    "intro",
    "ionic",
    "iron",
    "ironic",
    "nitric",
    "nitro",
    "noir",
    "nonfiction",
    "noon",
    "nori",
    "notion",
    "onion",
    "onto",
    "ricin",
    "rotini",
    "tinct",
    "tint",
    "tonic",
    "toon",
    "torn",
    "tortoni",
    "tricorn",
    "triton"
  ],
  "meta": {
    "source_url": "https://www.sbsolver.com/s/2327",
    "fetched_at": "2025-11-05T23:24:29Z",
    "user_agent": "Scraper/1.0 (+)",
    "pool": null,
    "center": null
  }
}