{
  "id": "2328",
  "count": 28,
  "words": [
    "aeon",
    "anew",
    "anon",
    "baboon",
    "banana",
    "bane",
    "banjo",
    "bean",
    "been",
    "bonbon",
    "bone",
    "bonobo",
    "boon",
    "ebon",
    "jawbone",
    "jean",
    "naan",
    "nabob",
    "nana",
    "nene",
    "neon",
    "none",
    "noob",
    "noon",
    "wane",
    "wanna",
    "wannabe",
    "wean"
  ],
  "meta": {
    "source_url": "https://www.sbsolver.com/s/2328",
    "fetched_at": "2025-11-05T23:24:32Z",
    "user_agent": "Scraper/1.0 (+)",
    "pool": null,
    "center": null
  }
}