{
  "id": "2329",
  "count": 40,
  "words": [
    "allay",
    "allayed",
    "alley",
    "ally",
    "daddy",
    "daily",
    "dally",
    "daylily",
    "dazedly",
    "deadeye",
    "deadly",
    "delay",
    "delayed",
    "dialyze",
    "dialyzed",
    "diddly",
    "dilly",
    "dillydallied",
    "dillydally",
    "dizzily",
    "dizzy",
    "dyad",
    "dyed",
    "eddy",
    "eely",
    "eyed",
    "eyelid",
    "ideally",
    "idly",
    "idyl",
    "idyll",
    "illy",
    "lady",
    "lazily",
    "lazy",
    "lily",
    "yell",
    "yelled",
    "yield",
    "yielded"
  ],
  "meta": {
    "source_url": "https://www.sbsolver.com/s/2329",
    "fetched_at": "2025-11-05T23:24:36Z",
    "user_agent": "Scraper/1.0 (+)",
    "pool": null,
    "center": null
  }
}