{
  "id": "2330",
  "count": 37,
  "words": [
    "abut",
    "alit",
    "atilt",
    "baht",
    "bait",
    "bath",
    "bathtub",
    "blat",
    "built",
    "butt",
    "habit",
    "habitat",
    "habitual",
    "halibut",
    "halt",
    "hath",
    "hatha",
    "hiatal",
    "hilt",
    "lath",
    "lilt",
    "tabla",
    "tail",
    "tali",
    "tall",
    "tallit",
    "taut",
    "that",
    "tibia",
    "tibial",
    "till",
    "tilt",
    "tilth",
    "tuba",
    "tubal",
    "tutti",
    "tutu"
  ],
  "meta": {
    "source_url": "https://www.sbsolver.com/s/2330",
    "fetched_at": "2025-11-05T23:24:39Z",
    "user_agent": "Scraper/1.0 (+)",
    "pool": null,
    "center": null
  }
}