{
  "id": "2331",
  "count": 26,
  "words": [
    "dippy",
    "dopy",
    "drip",
    "drippy",
    "droop",
    "droopy",
    "drop",
    "goop",
    "goopy",
    "gorp",
    "grip",
    "grippy",
    "opioid",
    "piggy",
    "pogo",
    "poop",
    "poor",
    "poppy",
    "prig",
    "prior",
    "priory",
    "prod",
    "prodigy",
    "prop",
    "pyro",
    "ropy"
  ],
  "meta": {
    "source_url": "https://www.sbsolver.com/s/2331",
    "fetched_at": "2025-11-05T23:24:42Z",
    "user_agent": "Scraper/1.0 (+)",
    "pool": null,
    "center": null
  }
}