{
  "id": "2332",
  "count": 37,
  "words": [
    "adamant",
    "adding",
    "adman",
    "admin",
    "admit",
    "admitting",
    "aiding",
    "amid",
    "damaging",
    "damming",
    "dammit",
    "damn",
    "damning",
    "dang",
    "data",
    "dating",
    "digging",
    "digit",
    "dimming",
    "ding",
    "dinging",
    "dining",
    "dint",
    "gadding",
    "indignant",
    "intimidating",
    "madam",
    "madman",
    "maid",
    "mandating",
    "midi",
    "mind",
    "minding",
    "nada",
    "naiad",
    "tiding",
    "timid"
  ],
  "meta": {
    "source_url": "https://www.sbsolver.com/s/2332",
    "fetched_at": "2025-11-05T23:24:46Z",
    "user_agent": "Scraper/1.0 (+)",
    "pool": null,
    "center": null
  }
}