{
  "id": "2333",
  "count": 46,
  "words": [
    "alluvial",
    "anal",
    "annal",
    "annual",
    "annul",
    "annuli",
    "anvil",
    "avail",
    "avian",
    "avid",
    "dial",
    "diva",
    "divan",
    "dual",
    "individual",
    "inlaid",
    "inland",
    "invalid",
    "laid",
    "lain",
    "lanai",
    "land",
    "laud",
    "lava",
    "luau",
    "luna",
    "lunula",
    "naan",
    "nada",
    "naiad",
    "nail",
    "nana",
    "naval",
    "ulna",
    "unlaid",
    "uvula",
    "vain",
    "valid",
    "vandal",
    "vanilla",
    "vanillin",
    "vial",
    "villa",
    "villain",
    "vulva",
    "vulval"
  ],
  "meta": {
    "source_url": "https://www.sbsolver.com/s/2333",
    "fetched_at": "2025-11-05T23:24:49Z",
    "user_agent": "Scraper/1.0 (+)",
    "pool": null,
    "center": null
  }
}