{
  "id": "2334",
  "count": 60,
  "words": [
    "ahoy",
    "aorta",
    "arhat",
    "array",
    "arrow",
    "arrowroot",
    "arroyo",
    "arty",
    "athwart",
    "attar",
    "away",
    "awry",
    "harrow",
    "harry",
    "hart",
    "hath",
    "hatha",
    "hoar",
    "hoary",
    "hoorah",
    "hooray",
    "hora",
    "hortatory",
    "oath",
    "oaty",
    "orator",
    "oratory",
    "ratatat",
    "ratty",
    "roar",
    "rotary",
    "rotator",
    "rotatory",
    "taro",
    "tarot",
    "tarry",
    "tart",
    "tartar",
    "tattoo",
    "tatty",
    "that",
    "thataway",
    "thaw",
    "throat",
    "throaty",
    "throwaway",
    "thwart",
    "torah",
    "tray",
    "wahoo",
    "wart",
    "warty",
    "wary",
    "watt",
    "what",
    "whoa",
    "worrywart",
    "wrath",
    "yahoo",
    "yarrow"
  ],
  "meta": {
    "source_url": "https://www.sbsolver.com/s/2334",
    "fetched_at": "2025-11-05T23:24:52Z",
    "user_agent": "Scraper/1.0 (+)",
    "pool": null,
    "center": null
  }
}