{
  "id": "2335",
  "count": 44,
  "words": [
    "eely",
    "elegy",
    "ethyl",
    "eyehole",
    "eyelet",
    "gelee",
    "gelt",
    "geology",
    "glee",
    "goggle",
    "goggly",
    "golly",
    "google",
    "googly",
    "googol",
    "heel",
    "hell",
    "hellhole",
    "hello",
    "hole",
    "holey",
    "holly",
    "holt",
    "holy",
    "hotel",
    "hotly",
    "leggy",
    "loge",
    "logo",
    "logy",
    "loll",
    "loot",
    "lotto",
    "ogle",
    "oleo",
    "otology",
    "teleology",
    "tell",
    "theology",
    "toggle",
    "toll",
    "tool",
    "tootle",
    "yell"
  ],
  "meta": {
    "source_url": "https://www.sbsolver.com/s/2335",
    "fetched_at": "2025-11-05T23:24:57Z",
    "user_agent": "Scraper/1.0 (+)",
    "pool": null,
    "center": null
  }
}