{
  "id": "2336",
  "count": 25,
  "words": [
    "fifing",
    "figgy",
    "filing",
    "filling",
    "fining",
    "fling",
    "flinging",
    "flying",
    "gigging",
    "giggling",
    "giggly",
    "gill",
    "gilling",
    "ginning",
    "giving",
    "infilling",
    "inning",
    "lining",
    "living",
    "lying",
    "niggling",
    "vigil",
    "vilifying",
    "vivifying",
    "vying"
  ],
  "meta": {
    "source_url": "https://www.sbsolver.com/s/2336",
    "fetched_at": "2025-11-05T23:25:02Z",
    "user_agent": "Scraper/1.0 (+)",
    "pool": null,
    "center": null
  }
}