{
  "id": "2337",
  "count": 50,
  "words": [
    "deem",
    "deemed",
    "demimonde",
    "demo",
    "demoed",
    "demon",
    "denim",
    "dime",
    "dimmed",
    "dome",
    "domed",
    "dominion",
    "domino",
    "doom",
    "doomed",
    "emend",
    "emended",
    "idiom",
    "meme",
    "memed",
    "memo",
    "mend",
    "mended",
    "midi",
    "mien",
    "mime",
    "mimed",
    "mimeo",
    "mind",
    "minded",
    "mine",
    "mined",
    "mini",
    "minim",
    "minion",
    "minx",
    "mixed",
    "mode",
    "modem",
    "mondo",
    "monied",
    "mono",
    "monoxide",
    "mood",
    "mooed",
    "moon",
    "mooned",
    "moxie",
    "nominee",
    "omen"
  ],
  "meta": {
    "source_url": "https://www.sbsolver.com/s/2337",
    "fetched_at": "2025-11-05T23:25:06Z",
    "user_agent": "Scraper/1.0 (+)",
    "pool": null,
    "center": null
  }
}