{
  "id": "2338",
  "count": 48,
  "words": [
    "celli",
    "cite",
    "civet",
    "civic",
    "civil",
    "cocci",
    "coil",
    "colic",
    "collective",
    "collie",
    "cootie",
    "eclectic",
    "elective",
    "elicit",
    "elite",
    "evict",
    "evictee",
    "evil",
    "icicle",
    "illicit",
    "lice",
    "licit",
    "lilt",
    "lite",
    "little",
    "live",
    "loci",
    "oleic",
    "olio",
    "olive",
    "ollie",
    "tile",
    "till",
    "tilt",
    "title",
    "tittle",
    "toil",
    "toile",
    "toilet",
    "toilette",
    "veil",
    "vice",
    "vile",
    "viol",
    "violet",
    "voice",
    "voile",
    "votive"
  ],
  "meta": {
    "source_url": "https://www.sbsolver.com/s/2338",
    "fetched_at": "2025-11-05T23:25:09Z",
    "user_agent": "Scraper/1.0 (+)",
    "pool": null,
    "center": null
  }
}