{
  "id": "2339",
  "count": 57,
  "words": [
    "ache",
    "ahem",
    "attach",
    "attache",
    "cache",
    "cachet",
    "catch",
    "chai",
    "chat",
    "cheat",
    "cheetah",
    "chia",
    "chic",
    "chica",
    "chichi",
    "chime",
    "chit",
    "chitchat",
    "each",
    "etch",
    "ethic",
    "hamachi",
    "hamate",
    "hatch",
    "hatchet",
    "hate",
    "hath",
    "hatha",
    "heat",
    "heath",
    "hectic",
    "hematite",
    "heme",
    "hitch",
    "itch",
    "machete",
    "mahatma",
    "mahimahi",
    "match",
    "matcha",
    "math",
    "mathematic",
    "meth",
    "tach",
    "teach",
    "tech",
    "techie",
    "teeth",
    "teethe",
    "that",
    "thatch",
    "thee",
    "them",
    "thematic",
    "theme",
    "theta",
    "tithe"
  ],
  "meta": {
    "source_url": "https://www.sbsolver.com/s/2339",
    "fetched_at": "2025-11-05T23:25:13Z",
    "user_agent": "Scraper/1.0 (+)",
    "pool": null,
    "center": null
  }
}