{
  "id": "2340",
  "count": 58,
  "words": [
    "dingo",
    "dino",
    "dodging",
    "dodo",
    "dogging",
    "doggo",
    "doing",
    "dong",
    "donning",
    "donor",
    "door",
    "dour",
    "droid",
    "droning",
    "dugong",
    "dunno",
    "going",
    "gong",
    "gonging",
    "good",
    "goon",
    "gorging",
    "gorgon",
    "goring",
    "gouging",
    "gourd",
    "gridiron",
    "grog",
    "groin",
    "ground",
    "grounding",
    "ignoring",
    "indigo",
    "indoor",
    "iron",
    "ironing",
    "nodding",
    "noggin",
    "noir",
    "nonunion",
    "noon",
    "nori",
    "noun",
    "odor",
    "ongoing",
    "onion",
    "origin",
    "rigor",
    "rondo",
    "rood",
    "rouging",
    "round",
    "rounding",
    "udon",
    "undo",
    "undoing",
    "unground",
    "union"
  ],
  "meta": {
    "source_url": "https://www.sbsolver.com/s/2340",
    "fetched_at": "2025-11-05T23:25:16Z",
    "user_agent": "Scraper/1.0 (+)",
    "pool": null,
    "center": null
  }
}