{
  "id": "2341",
  "count": 42,
  "words": [
    "apnea",
    "epee",
    "happen",
    "happy",
    "heap",
    "hoop",
    "hope",
    "hoppy",
    "hype",
    "hyphen",
    "hypo",
    "nape",
    "neap",
    "nope",
    "open",
    "paean",
    "pane",
    "papa",
    "papaya",
    "pappy",
    "payee",
    "payphone",
    "peahen",
    "peen",
    "peep",
    "penne",
    "penny",
    "peon",
    "peony",
    "peppy",
    "phone",
    "phono",
    "phony",
    "phooey",
    "pone",
    "pony",
    "pooh",
    "poop",
    "pope",
    "poppa",
    "poppy",
    "yappy"
  ],
  "meta": {
    "source_url": "https://www.sbsolver.com/s/2341",
    "fetched_at": "2025-11-05T23:25:19Z",
    "user_agent": "Scraper/1.0 (+)",
    "pool": null,
    "center": null
  }
}