{
  "id": "2342",
  "count": 46,
  "words": [
    "aioli",
    "alloy",
    "aloof",
    "aloofly",
    "cacao",
    "calico",
    "callaloo",
    "ciao",
    "cloaca",
    "cloy",
    "coal",
    "coca",
    "cocci",
    "cocoa",
    "coif",
    "coil",
    "cola",
    "colic",
    "cool",
    "coolly",
    "coyly",
    "falloff",
    "foal",
    "focaccia",
    "focal",
    "foci",
    "foil",
    "folic",
    "folio",
    "folly",
    "fool",
    "layoff",
    "loaf",
    "local",
    "locally",
    "loci",
    "loco",
    "loll",
    "loofa",
    "loyal",
    "loyally",
    "offal",
    "official",
    "officially",
    "oily",
    "olio"
  ],
  "meta": {
    "source_url": "https://www.sbsolver.com/s/2342",
    "fetched_at": "2025-11-05T23:25:23Z",
    "user_agent": "Scraper/1.0 (+)",
    "pool": null,
    "center": null
  }
}