{
  "id": "2343",
  "count": 67,
  "words": [
    "adage",
    "aged",
    "agenda",
    "alga",
    "algae",
    "algal",
    "allege",
    "alleged",
    "angel",
    "angle",
    "angled",
    "cadge",
    "cadged",
    "cage",
    "caged",
    "clang",
    "clanged",
    "dang",
    "dangle",
    "dangled",
    "eagle",
    "eagled",
    "edge",
    "edged",
    "egad",
    "egged",
    "elegance",
    "encage",
    "encaged",
    "engage",
    "engaged",
    "gadded",
    "gaga",
    "gage",
    "gagged",
    "gaggle",
    "gala",
    "galangal",
    "gale",
    "gall",
    "galled",
    "gang",
    "ganged",
    "gangland",
    "geld",
    "gelded",
    "gelee",
    "gelled",
    "gene",
    "glace",
    "glad",
    "gladden",
    "gladdened",
    "glade",
    "glance",
    "glanced",
    "gland",
    "glean",
    "gleaned",
    "glee",
    "glen",
    "lagged",
    "ledge",
    "legal",
    "legend",
    "legged",
    "nagged"
  ],
  "meta": {
    "source_url": "https://www.sbsolver.com/s/2343",
    "fetched_at": "2025-11-05T23:25:26Z",
    "user_agent": "Scraper/1.0 (+)",
    "pool": null,
    "center": null
  }
}