{
  "id": "2344",
  "count": 28,
  "words": [
    "acme",
    "ammo",
    "amok",
    "came",
    "cameo",
    "camo",
    "coma",
    "come",
    "comma",
    "emcee",
    "game",
    "gamecock",
    "gamma",
    "mace",
    "mage",
    "magma",
    "make",
    "mako",
    "mama",
    "mamma",
    "mecca",
    "meek",
    "mega",
    "meme",
    "memo",
    "mock",
    "momma",
    "omega"
  ],
  "meta": {
    "source_url": "https://www.sbsolver.com/s/2344",
    "fetched_at": "2025-11-05T23:25:31Z",
    "user_agent": "Scraper/1.0 (+)",
    "pool": null,
    "center": null
  }
}