{
  "id": "2345",
  "count": 33,
  "words": [
    "egging",
    "engine",
    "geez",
    "gene",
    "genie",
    "genii",
    "ghee",
    "heinie",
    "henge",
    "hewing",
    "hewn",
    "hinge",
    "innie",
    "neigh",
    "neighing",
    "nene",
    "nine",
    "weenie",
    "weigh",
    "weighing",
    "whee",
    "wheeze",
    "wheezing",
    "when",
    "whew",
    "whine",
    "whinge",
    "whingeing",
    "wienie",
    "wine",
    "wizen",
    "wizening",
    "zine"
  ],
  "meta": {
    "source_url": "https://www.sbsolver.com/s/2345",
    "fetched_at": "2025-11-05T23:25:35Z",
    "user_agent": "Scraper/1.0 (+)",
    "pool": null,
    "center": null
  }
}