{
  "id": "2346",
  "count": 60,
  "words": [
    "aeon",
    "allot",
    "aloe",
    "aloha",
    "alone",
    "alto",
    "annotate",
    "anon",
    "atoll",
    "atonal",
    "atone",
    "ethanol",
    "halo",
    "hellhole",
    "hello",
    "hole",
    "holt",
    "hone",
    "hoot",
    "hotel",
    "lento",
    "llano",
    "loan",
    "loath",
    "loathe",
    "loll",
    "lone",
    "loon",
    "loot",
    "lotto",
    "neon",
    "neonatal",
    "neonate",
    "noel",
    "none",
    "nonet",
    "nonlethal",
    "noon",
    "notate",
    "note",
    "oaten",
    "oath",
    "oleo",
    "onto",
    "talon",
    "tattoo",
    "teetotal",
    "telethon",
    "tenon",
    "toll",
    "tonal",
    "tone",
    "tonne",
    "tool",
    "toon",
    "toot",
    "tooth",
    "tootle",
    "total",
    "tote"
  ],
  "meta": {
    "source_url": "https://www.sbsolver.com/s/2346",
    "fetched_at": "2025-11-05T23:25:38Z",
    "user_agent": "Scraper/1.0 (+)",
    "pool": null,
    "center": null
  }
}