{
  "id": "2347",
  "count": 41,
  "words": [
    "agar",
    "arguably",
    "array",
    "arugula",
    "augur",
    "augury",
    "aura",
    "aural",
    "aurally",
    "barb",
    "blur",
    "blurb",
    "blurry",
    "brag",
    "braggy",
    "bray",
    "bulgur",
    "burb",
    "burg",
    "burglar",
    "burglary",
    "burl",
    "burly",
    "burr",
    "bury",
    "garb",
    "grab",
    "grabby",
    "gray",
    "grub",
    "grubby",
    "guar",
    "guru",
    "raga",
    "ragbag",
    "ragu",
    "rally",
    "ruby",
    "rugby",
    "rural",
    "rurally"
  ],
  "meta": {
    "source_url": "https://www.sbsolver.com/s/2347",
    "fetched_at": "2025-11-05T23:25:44Z",
    "user_agent": "Scraper/1.0 (+)",
    "pool": null,
    "center": null
  }
}