{
  "id": "2348",
  "count": 58,
  "words": [
    "adamant",
    "adman",
    "ammo",
    "armada",
    "armor",
    "aroma",
    "atom",
    "damn",
    "doom",
    "doorman",
    "doormat",
    "dorm",
    "dormant",
    "dram",
    "drama",
    "madam",
    "madman",
    "mama",
    "mamma",
    "mammon",
    "manna",
    "manor",
    "manta",
    "mantra",
    "marm",
    "marmot",
    "maroon",
    "mart",
    "matador",
    "matron",
    "moan",
    "moat",
    "momma",
    "monad",
    "mondo",
    "mono",
    "monodrama",
    "mood",
    "moon",
    "moor",
    "moot",
    "mordant",
    "morn",
    "moron",
    "mortar",
    "motor",
    "motto",
    "nomad",
    "nonrandom",
    "norm",
    "ottoman",
    "ramada",
    "ramrod",
    "random",
    "roam",
    "room",
    "tomato",
    "tram"
  ],
  "meta": {
    "source_url": "https://www.sbsolver.com/s/2348",
    "fetched_at": "2025-11-05T23:25:51Z",
    "user_agent": "Scraper/1.0 (+)",
    "pool": null,
    "center": null
  }
}