{
  "id": "2349",
  "count": 53,
  "words": [
    "billion",
    "billionth",
    "biotin",
    "blob",
    "blot",
    "blotto",
    "bobbin",
    "boho",
    "boil",
    "boll",
    "bolo",
    "bolt",
    "bonbon",
    "bonito",
    "bonobo",
    "boob",
    "booboo",
    "boohoo",
    "boon",
    "boot",
    "booth",
    "both",
    "hobbit",
    "hobnob",
    "hobo",
    "holt",
    "hoot",
    "inhibition",
    "into",
    "lion",
    "litho",
    "lobo",
    "loin",
    "loll",
    "loon",
    "loot",
    "lotion",
    "lotto",
    "nonillion",
    "noob",
    "noon",
    "notion",
    "obit",
    "olio",
    "onion",
    "onto",
    "toil",
    "toll",
    "tollbooth",
    "tool",
    "toon",
    "toot",
    "tooth"
  ],
  "meta": {
    "source_url": "https://www.sbsolver.com/s/2349",
    "fetched_at": "2025-11-05T23:25:54Z",
    "user_agent": "Scraper/1.0 (+)",
    "pool": null,
    "center": null
  }
}