{
  "id": "2350",
  "count": 24,
  "words": [
    "fake",
    "flak",
    "flake",
    "folk",
    "folktale",
    "kale",
    "keel",
    "keto",
    "kettle",
    "koala",
    "kola",
    "kook",
    "lake",
    "latke",
    "leak",
    "leek",
    "look",
    "take",
    "takeoff",
    "talk",
    "teak",
    "teakettle",
    "toke",
    "took"
  ],
  "meta": {
    "source_url": "https://www.sbsolver.com/s/2350",
    "fetched_at": "2025-11-05T23:25:59Z",
    "user_agent": "Scraper/1.0 (+)",
    "pool": null,
    "center": null
  }
}