{
  "id": "2351",
  "count": 40,
  "words": [
    "deem",
    "deemed",
    "dumdum",
    "dump",
    "dumped",
    "emend",
    "emended",
    "lumen",
    "lump",
    "lumped",
    "meddle",
    "meddled",
    "meld",
    "melded",
    "melee",
    "meme",
    "memed",
    "mend",
    "mended",
    "menu",
    "muddle",
    "muddled",
    "mule",
    "mull",
    "mulled",
    "muumuu",
    "pendulum",
    "penmen",
    "peplum",
    "plenum",
    "plum",
    "plume",
    "plumed",
    "plump",
    "plumped",
    "pummel",
    "pummeled",
    "pump",
    "pumped",
    "umped"
  ],
  "meta": {
    "source_url": "https://www.sbsolver.com/s/2351",
    "fetched_at": "2025-11-05T23:26:03Z",
    "user_agent": "Scraper/1.0 (+)",
    "pool": null,
    "center": null
  }
}