{
  "id": "2352",
  "count": 36,
  "words": [
    "abhor",
    "arhat",
    "athrob",
    "baht",
    "bath",
    "bathmat",
    "bathroom",
    "boho",
    "boohoo",
    "booth",
    "both",
    "broth",
    "haboob",
    "haram",
    "harbor",
    "harm",
    "hart",
    "hath",
    "hatha",
    "hoar",
    "hobo",
    "hoorah",
    "hoot",
    "hora",
    "horror",
    "mahatma",
    "mammoth",
    "math",
    "moth",
    "oath",
    "that",
    "throat",
    "throb",
    "tooth",
    "torah",
    "troth"
  ],
  "meta": {
    "source_url": "https://www.sbsolver.com/s/2352",
    "fetched_at": "2025-11-05T23:26:07Z",
    "user_agent": "Scraper/1.0 (+)",
    "pool": null,
    "center": null
  }
}