{
  "id": "2353",
  "count": 37,
  "words": [
    "city",
    "coconut",
    "concoct",
    "concoction",
    "continuity",
    "coot",
    "cotton",
    "cottony",
    "count",
    "county",
    "cutout",
    "into",
    "intuit",
    "intuition",
    "itty",
    "notion",
    "nutty",
    "onto",
    "tinct",
    "tinny",
    "tint",
    "tiny",
    "tonic",
    "tony",
    "toon",
    "toot",
    "tout",
    "tuition",
    "tunic",
    "tutti",
    "tutu",
    "tycoon",
    "unction",
    "uncut",
    "unit",
    "unity",
    "unto"
  ],
  "meta": {
    "source_url": "https://www.sbsolver.com/s/2353",
    "fetched_at": "2025-11-05T23:26:10Z",
    "user_agent": "Scraper/1.0 (+)",
    "pool": null,
    "center": null
  }
}