{
  "id": "2354",
  "count": 56,
  "words": [
    "accept",
    "apace",
    "apathetic",
    "apiece",
    "appetite",
    "cape",
    "captcha",
    "chap",
    "chapati",
    "cheap",
    "cheapie",
    "cheep",
    "chip",
    "epee",
    "epic",
    "epitaph",
    "epithet",
    "haptic",
    "heap",
    "hepatic",
    "hepcat",
    "hippie",
    "ipecac",
    "pace",
    "pact",
    "papa",
    "patch",
    "pate",
    "path",
    "pathetic",
    "peace",
    "peach",
    "peat",
    "peep",
    "pepita",
    "peptic",
    "petit",
    "petite",
    "phat",
    "pica",
    "piccata",
    "piece",
    "pipe",
    "pipet",
    "pipette",
    "pipit",
    "pita",
    "pitapat",
    "pitch",
    "pith",
    "tapa",
    "tape",
    "teepee",
    "tepee",
    "tipi",
    "tippet"
  ],
  "meta": {
    "source_url": "https://www.sbsolver.com/s/2354",
    "fetched_at": "2025-11-05T23:26:14Z",
    "user_agent": "Scraper/1.0 (+)",
    "pool": null,
    "center": null
  }
}