{
  "id": "2355",
  "count": 25,
  "words": [
    "doff",
    "doffing",
    "duff",
    "duffing",
    "fifing",
    "find",
    "finding",
    "fining",
    "fogging",
    "fond",
    "food",
    "found",
    "founding",
    "fudging",
    "fugu",
    "fund",
    "funding",
    "fungi",
    "fungo",
    "goof",
    "goofing",
    "guff",
    "info",
    "offing",
    "unfound"
  ],
  "meta": {
    "source_url": "https://www.sbsolver.com/s/2355",
    "fetched_at": "2025-11-05T23:26:17Z",
    "user_agent": "Scraper/1.0 (+)",
    "pool": null,
    "center": null
  }
}