{
  "id": "2356",
  "count": 39,
  "words": [
    "cell",
    "cello",
    "cellule",
    "clench",
    "cloche",
    "clone",
    "clue",
    "colleen",
    "colonel",
    "cone",
    "coulee",
    "echelon",
    "echo",
    "eunuch",
    "heel",
    "hell",
    "hellhole",
    "hello",
    "hence",
    "hole",
    "hone",
    "lech",
    "leech",
    "lone",
    "louche",
    "luncheon",
    "lune",
    "nene",
    "neocon",
    "neon",
    "noel",
    "nonce",
    "none",
    "nucleon",
    "oleo",
    "once",
    "ounce",
    "uncle",
    "unclench"
  ],
  "meta": {
    "source_url": "https://www.sbsolver.com/s/2356",
    "fetched_at": "2025-11-05T23:26:20Z",
    "user_agent": "Scraper/1.0 (+)",
    "pool": null,
    "center": null
  }
}