{
  "id": "2357",
  "count": 50,
  "words": [
    "civet",
    "civic",
    "deceive",
    "deceived",
    "detective",
    "devein",
    "deveined",
    "device",
    "dive",
    "dived",
    "divide",
    "divided",
    "dividend",
    "divine",
    "divined",
    "divvied",
    "endive",
    "envied",
    "even",
    "evened",
    "event",
    "evict",
    "evicted",
    "evictee",
    "evidence",
    "evidenced",
    "evident",
    "evince",
    "evinced",
    "incentive",
    "invective",
    "invent",
    "invented",
    "inventive",
    "invite",
    "invited",
    "invitee",
    "ivied",
    "vein",
    "veined",
    "vend",
    "vended",
    "vent",
    "vented",
    "vetted",
    "vice",
    "vied",
    "vindictive",
    "vine",
    "vivid"
  ],
  "meta": {
    "source_url": "https://www.sbsolver.com/s/2357",
    "fetched_at": "2025-11-05T23:26:24Z",
    "user_agent": "Scraper/1.0 (+)",
    "pool": null,
    "center": null
  }
}