{
  "id": "2358",
  "count": 40,
  "words": [
    "agog",
    "agora",
    "aloha",
    "ammo",
    "amoral",
    "armor",
    "aroma",
    "glamor",
    "glom",
    "gloom",
    "goal",
    "googol",
    "grog",
    "groom",
    "halo",
    "hoar",
    "hologram",
    "hoorah",
    "hora",
    "horror",
    "largo",
    "loam",
    "logo",
    "logogram",
    "logroll",
    "loll",
    "loom",
    "mammogram",
    "molar",
    "moll",
    "momma",
    "moola",
    "moolah",
    "moor",
    "moral",
    "oral",
    "roam",
    "roar",
    "roll",
    "room"
  ],
  "meta": {
    "source_url": "https://www.sbsolver.com/s/2358",
    "fetched_at": "2025-11-05T23:26:29Z",
    "user_agent": "Scraper/1.0 (+)",
    "pool": null,
    "center": null
  }
}