{
  "id": "2359",
  "count": 52,
  "words": [
    "acacia",
    "acai",
    "arch",
    "archaic",
    "arctic",
    "arhat",
    "aria",
    "arthritic",
    "atria",
    "attach",
    "attar",
    "attic",
    "attract",
    "aura",
    "cacti",
    "carat",
    "cart",
    "cataract",
    "catarrh",
    "catch",
    "cathartic",
    "chai",
    "chair",
    "char",
    "chart",
    "chat",
    "chia",
    "chica",
    "chihuahua",
    "chitchat",
    "circa",
    "hair",
    "haircut",
    "hart",
    "hatch",
    "hath",
    "hatha",
    "hurrah",
    "raita",
    "ratatat",
    "tach",
    "tacit",
    "tact",
    "tactic",
    "tart",
    "tartar",
    "taut",
    "that",
    "thatch",
    "tiara",
    "tract",
    "trait"
  ],
  "meta": {
    "source_url": "https://www.sbsolver.com/s/2359",
    "fetched_at": "2025-11-05T23:26:34Z",
    "user_agent": "Scraper/1.0 (+)",
    "pool": null,
    "center": null
  }
}