{
  "id": "2360",
  "count": 40,
  "words": [
    "enemy",
    "enjoy",
    "enjoyment",
    "entente",
    "jenny",
    "memento",
    "mentee",
    "metonym",
    "metonymy",
    "moment",
    "money",
    "moneymen",
    "mono",
    "mononym",
    "monotone",
    "monotony",
    "monte",
    "moon",
    "moony",
    "nene",
    "neon",
    "netty",
    "none",
    "nonet",
    "noon",
    "note",
    "omen",
    "onto",
    "teen",
    "teeny",
    "tenement",
    "tenet",
    "tenon",
    "tent",
    "tone",
    "tonne",
    "tony",
    "toon",
    "yente",
    "yeomen"
  ],
  "meta": {
    "source_url": "https://www.sbsolver.com/s/2360",
    "fetched_at": "2025-11-05T23:26:37Z",
    "user_agent": "Scraper/1.0 (+)",
    "pool": null,
    "center": null
  }
}