{
  "id": "2361",
  "count": 43,
  "words": [
    "diddling",
    "digging",
    "dildo",
    "dill",
    "ding",
    "dinging",
    "dingo",
    "dining",
    "dino",
    "diploid",
    "dipping",
    "dodging",
    "dodo",
    "dogging",
    "doggo",
    "doing",
    "doling",
    "doll",
    "dolling",
    "dollop",
    "dolloping",
    "dong",
    "donning",
    "doodling",
    "doping",
    "gild",
    "gilding",
    "gliding",
    "gold",
    "good",
    "idling",
    "idol",
    "indigo",
    "lipid",
    "lodging",
    "nodding",
    "noodling",
    "opioid",
    "piddling",
    "pidgin",
    "plod",
    "plodding",
    "pond"
  ],
  "meta": {
    "source_url": "https://www.sbsolver.com/s/2361",
    "fetched_at": "2025-11-05T23:26:41Z",
    "user_agent": "Scraper/1.0 (+)",
    "pool": null,
    "center": null
  }
}