{
  "id": "2362",
  "count": 38,
  "words": [
    "acacia",
    "acai",
    "antic",
    "anticipant",
    "attic",
    "cacti",
    "cancan",
    "canna",
    "canny",
    "cant",
    "cantata",
    "cantina",
    "capacity",
    "captain",
    "captaincy",
    "catnap",
    "catnip",
    "catty",
    "city",
    "cyan",
    "cynic",
    "incant",
    "incapacity",
    "intact",
    "niacin",
    "pact",
    "panic",
    "papacy",
    "pica",
    "piccata",
    "picnic",
    "tacit",
    "tact",
    "tactic",
    "tactician",
    "tannic",
    "tinct",
    "titanic"
  ],
  "meta": {
    "source_url": "https://www.sbsolver.com/s/2362",
    "fetched_at": "2025-11-05T23:26:44Z",
    "user_agent": "Scraper/1.0 (+)",
    "pool": null,
    "center": null
  }
}