{
  "id": "2363",
  "count": 32,
  "words": [
    "ahead",
    "bedhead",
    "behead",
    "beheaded",
    "beheld",
    "blah",
    "bullheaded",
    "deadhead",
    "deadheaded",
    "halal",
    "hale",
    "hall",
    "haul",
    "hauled",
    "head",
    "headed",
    "heal",
    "healable",
    "healed",
    "heed",
    "heeded",
    "heel",
    "heeled",
    "held",
    "hell",
    "hubbub",
    "huddle",
    "huddled",
    "hued",
    "hula",
    "hull",
    "hulled"
  ],
  "meta": {
    "source_url": "https://www.sbsolver.com/s/2363",
    "fetched_at": "2025-11-05T23:26:47Z",
    "user_agent": "Scraper/1.0 (+)",
    "pool": null,
    "center": null
  }
}