{
  "id": "2364",
  "count": 51,
  "words": [
    "agape",
    "algae",
    "allege",
    "allele",
    "aloe",
    "apogee",
    "appeal",
    "appellee",
    "apple",
    "eagle",
    "elope",
    "epee",
    "falafel",
    "feel",
    "fell",
    "fella",
    "flagella",
    "flagpole",
    "flea",
    "flee",
    "floe",
    "gaffe",
    "gage",
    "gaggle",
    "gale",
    "gape",
    "gelee",
    "glee",
    "goggle",
    "google",
    "lapel",
    "leaf",
    "leap",
    "legal",
    "loge",
    "lope",
    "ogee",
    "ogle",
    "oleo",
    "paella",
    "page",
    "pale",
    "paleo",
    "peal",
    "peel",
    "peep",
    "pelf",
    "people",
    "plea",
    "pole",
    "pope"
  ],
  "meta": {
    "source_url": "https://www.sbsolver.com/s/2364",
    "fetched_at": "2025-11-05T23:26:51Z",
    "user_agent": "Scraper/1.0 (+)",
    "pool": null,
    "center": null
  }
}