{
  "id": "2365",
  "count": 48,
  "words": [
    "aiming",
    "airman",
    "anagram",
    "anagramming",
    "anima",
    "arming",
    "gamin",
    "gaming",
    "gamma",
    "gram",
    "gramma",
    "grammar",
    "grammarian",
    "grim",
    "imaging",
    "imagining",
    "imam",
    "magi",
    "magma",
    "maim",
    "maiming",
    "main",
    "mama",
    "mamma",
    "managing",
    "manga",
    "mania",
    "manna",
    "manning",
    "margin",
    "marina",
    "marinara",
    "marm",
    "marring",
    "miming",
    "mini",
    "minim",
    "minima",
    "mining",
    "mirin",
    "miring",
    "naming",
    "ramming",
    "rimming",
    "warm",
    "warming",
    "wigwam",
    "wingman"
  ],
  "meta": {
    "source_url": "https://www.sbsolver.com/s/2365",
    "fetched_at": "2025-11-05T23:26:55Z",
    "user_agent": "Scraper/1.0 (+)",
    "pool": null,
    "center": null
  }
}