{
  "id": "2366",
  "count": 33,
  "words": [
    "foot",
    "form",
    "fort",
    "fortify",
    "forty",
    "from",
    "mirror",
    "mommy",
    "moor",
    "moot",
    "mortify",
    "motif",
    "motor",
    "motto",
    "omit",
    "riot",
    "roof",
    "room",
    "roomy",
    "root",
    "roti",
    "rotor",
    "tommyrot",
    "tomtit",
    "toot",
    "tori",
    "torii",
    "toro",
    "tort",
    "trio",
    "trot",
    "troy",
    "tyro"
  ],
  "meta": {
    "source_url": "https://www.sbsolver.com/s/2366",
    "fetched_at": "2025-11-05T23:26:59Z",
    "user_agent": "Scraper/1.0 (+)",
    "pool": null,
    "center": null
  }
}