{
  "id": "2367",
  "count": 54,
  "words": [
    "cede",
    "ceded",
    "cement",
    "cemented",
    "cent",
    "cite",
    "cited",
    "decedent",
    "deceit",
    "decent",
    "decide",
    "decided",
    "deice",
    "deiced",
    "deicide",
    "detect",
    "detected",
    "dice",
    "diced",
    "dietetic",
    "edict",
    "eidetic",
    "emcee",
    "emceed",
    "emetic",
    "eminence",
    "endemic",
    "entice",
    "enticed",
    "enticement",
    "iced",
    "icemen",
    "imminence",
    "incidence",
    "incident",
    "incite",
    "incited",
    "incitement",
    "indecent",
    "indict",
    "indicted",
    "indictment",
    "medic",
    "medicine",
    "memetic",
    "mice",
    "mimetic",
    "mimic",
    "mince",
    "minced",
    "nice",
    "niece",
    "tinct",
    "titmice"
  ],
  "meta": {
    "source_url": "https://www.sbsolver.com/s/2367",
    "fetched_at": "2025-11-05T23:27:17Z",
    "user_agent": "Scraper/1.0 (+)",
    "pool": null,
    "center": null
  }
}