{
  "id": "2368",
  "count": 37,
  "words": [
    "flog",
    "flout",
    "fool",
    "foot",
    "fought",
    "foul",
    "ghoul",
    "golf",
    "goof",
    "googol",
    "goth",
    "gout",
    "holt",
    "hoof",
    "hoot",
    "hotfoot",
    "loft",
    "logo",
    "loll",
    "loot",
    "lotto",
    "lout",
    "ought",
    "outfought",
    "outgo",
    "outthought",
    "thou",
    "though",
    "thought",
    "thoughtful",
    "tofu",
    "toll",
    "tool",
    "toot",
    "tooth",
    "tough",
    "tout"
  ],
  "meta": {
    "source_url": "https://www.sbsolver.com/s/2368",
    "fetched_at": "2025-11-05T23:27:21Z",
    "user_agent": "Scraper/1.0 (+)",
    "pool": null,
    "center": null
  }
}