{
  "id": "2369",
  "count": 58,
  "words": [
    "agave",
    "avenge",
    "avenged",
    "avenging",
    "avian",
    "avid",
    "devein",
    "deveined",
    "deveining",
    "diva",
    "divan",
    "dive",
    "dived",
    "divide",
    "divided",
    "dividend",
    "dividing",
    "divine",
    "divined",
    "diving",
    "divining",
    "divvied",
    "eave",
    "eaved",
    "endive",
    "envied",
    "evade",
    "evaded",
    "evading",
    "even",
    "evened",
    "evening",
    "gavage",
    "gave",
    "give",
    "given",
    "giving",
    "invade",
    "invaded",
    "invading",
    "ivied",
    "naive",
    "nave",
    "vagina",
    "vain",
    "vane",
    "vegan",
    "vegged",
    "veggie",
    "vegging",
    "vein",
    "veined",
    "vend",
    "vended",
    "vending",
    "vied",
    "vine",
    "vivid"
  ],
  "meta": {
    "source_url": "https://www.sbsolver.com/s/2369",
    "fetched_at": "2025-11-05T23:27:26Z",
    "user_agent": "Scraper/1.0 (+)",
    "pool": null,
    "center": null
  }
}