{
  "id": "2370",
  "count": 27,
  "words": [
    "acacia",
    "acai",
    "arch",
    "archaic",
    "carp",
    "carpi",
    "chai",
    "chair",
    "chap",
    "char",
    "chia",
    "chic",
    "chica",
    "chichi",
    "chip",
    "chirp",
    "cigar",
    "circa",
    "cirri",
    "crag",
    "crap",
    "graphic",
    "highchair",
    "parch",
    "pica",
    "priapic",
    "rich"
  ],
  "meta": {
    "source_url": "https://www.sbsolver.com/s/2370",
    "fetched_at": "2025-11-05T23:27:31Z",
    "user_agent": "Scraper/1.0 (+)",
    "pool": null,
    "center": null
  }
}