{
  "id": "2371",
  "count": 73,
  "words": [
    "allay",
    "allot",
    "alloy",
    "ally",
    "altar",
    "alto",
    "aortal",
    "appall",
    "apply",
    "aptly",
    "atoll",
    "laptop",
    "loll",
    "lollop",
    "loop",
    "loopy",
    "loot",
    "lorry",
    "lotto",
    "loyal",
    "loyally",
    "loyalty",
    "opal",
    "oral",
    "orally",
    "palapa",
    "palatal",
    "pall",
    "pallor",
    "palp",
    "paltry",
    "papal",
    "papally",
    "parlay",
    "parlor",
    "parol",
    "partly",
    "patly",
    "patrol",
    "payola",
    "payroll",
    "plat",
    "play",
    "plop",
    "plot",
    "ploy",
    "polar",
    "poll",
    "polo",
    "polyp",
    "pool",
    "poorly",
    "poplar",
    "portal",
    "portly",
    "portrayal",
    "rally",
    "raptly",
    "rattly",
    "roll",
    "rolltop",
    "royal",
    "royally",
    "royalty",
    "tall",
    "tally",
    "tartly",
    "toll",
    "tool",
    "total",
    "totally",
    "troll",
    "trollop"
  ],
  "meta": {
    "source_url": "https://www.sbsolver.com/s/2371",
    "fetched_at": "2025-11-05T23:27:37Z",
    "user_agent": "Scraper/1.0 (+)",
    "pool": null,
    "center": null
  }
}