{
  "id": "2372",
  "count": 42,
  "words": [
    "ammo",
    "anon",
    "atom",
    "atop",
    "hath",
    "hatha",
    "mahatma",
    "mama",
    "mamma",
    "mammon",
    "mammoth",
    "manhattan",
    "manna",
    "manta",
    "math",
    "moan",
    "moat",
    "momma",
    "naan",
    "nana",
    "natant",
    "oath",
    "oompah",
    "ottoman",
    "pampa",
    "panama",
    "pant",
    "papa",
    "path",
    "phantom",
    "phat",
    "photomap",
    "pompano",
    "poppa",
    "potato",
    "tamp",
    "tampon",
    "tapa",
    "tattoo",
    "than",
    "that",
    "tomato"
  ],
  "meta": {
    "source_url": "https://www.sbsolver.com/s/2372",
    "fetched_at": "2025-11-05T23:27:41Z",
    "user_agent": "Scraper/1.0 (+)",
    "pool": null,
    "center": null
  }
}