{
  "id": "2373",
  "count": 40,
  "words": [
    "admit",
    "amid",
    "ammo",
    "atom",
    "atomic",
    "cami",
    "camo",
    "coma",
    "comic",
    "comma",
    "commit",
    "dammit",
    "diatom",
    "diatomic",
    "doom",
    "idiom",
    "idiomatic",
    "imam",
    "macadam",
    "macadamia",
    "madam",
    "maid",
    "maim",
    "mama",
    "mamma",
    "mica",
    "midi",
    "mimic",
    "mitt",
    "moat",
    "momma",
    "mood",
    "moot",
    "motto",
    "omit",
    "tatami",
    "timid",
    "tomato",
    "tomcat",
    "tomtit"
  ],
  "meta": {
    "source_url": "https://www.sbsolver.com/s/2373",
    "fetched_at": "2025-11-05T23:27:45Z",
    "user_agent": "Scraper/1.0 (+)",
    "pool": null,
    "center": null
  }
}