{
  "id": "2374",
  "count": 36,
  "words": [
    "able",
    "ably",
    "allay",
    "allele",
    "alley",
    "ally",
    "anal",
    "anally",
    "annal",
    "anneal",
    "babble",
    "babel",
    "bale",
    "baleen",
    "ball",
    "banal",
    "banally",
    "beanball",
    "belay",
    "bell",
    "belle",
    "belly",
    "blab",
    "blabby",
    "eely",
    "elan",
    "enable",
    "eyeball",
    "jell",
    "jelly",
    "jellybean",
    "label",
    "lane",
    "lean",
    "leanly",
    "yell"
  ],
  "meta": {
    "source_url": "https://www.sbsolver.com/s/2374",
    "fetched_at": "2025-11-05T23:27:49Z",
    "user_agent": "Scraper/1.0 (+)",
    "pool": null,
    "center": null
  }
}