{
  "id": "2375",
  "count": 44,
  "words": [
    "acetate",
    "actuate",
    "acute",
    "attach",
    "attache",
    "cachet",
    "catch",
    "chat",
    "chateau",
    "chateaux",
    "cheat",
    "cheetah",
    "chute",
    "cute",
    "etch",
    "exact",
    "exacta",
    "execute",
    "hatch",
    "hatchet",
    "hate",
    "hath",
    "hatha",
    "haute",
    "heat",
    "heath",
    "hutch",
    "tacet",
    "tach",
    "tact",
    "taut",
    "taxa",
    "teach",
    "teat",
    "tech",
    "teeth",
    "teethe",
    "text",
    "that",
    "thatch",
    "thee",
    "theta",
    "tutee",
    "tutu"
  ],
  "meta": {
    "source_url": "https://www.sbsolver.com/s/2375",
    "fetched_at": "2025-11-05T23:27:55Z",
    "user_agent": "Scraper/1.0 (+)",
    "pool": null,
    "center": null
  }
}