{
  "id": "2376",
  "count": 69,
  "words": [
    "adorn",
    "annotator",
    "anon",
    "aorta",
    "ardor",
    "around",
    "aurora",
    "auto",
    "dodo",
    "donor",
    "donut",
    "doodad",
    "door",
    "dorado",
    "dotard",
    "dour",
    "dunno",
    "narrator",
    "nonart",
    "noon",
    "notator",
    "noun",
    "odor",
    "onto",
    "orator",
    "orotund",
    "outdo",
    "outdoor",
    "outran",
    "outro",
    "outrun",
    "radon",
    "rando",
    "road",
    "roan",
    "roar",
    "rondo",
    "rood",
    "root",
    "rotator",
    "rotor",
    "rotund",
    "rotunda",
    "round",
    "rout",
    "runaround",
    "runout",
    "tandoor",
    "taro",
    "tarot",
    "tattoo",
    "toad",
    "toon",
    "toot",
    "torn",
    "tornado",
    "toro",
    "tort",
    "tour",
    "tout",
    "trod",
    "trot",
    "trout",
    "turnaround",
    "turnout",
    "tutor",
    "udon",
    "undo",
    "unto"
  ],
  "meta": {
    "source_url": "https://www.sbsolver.com/s/2376",
    "fetched_at": "2025-11-05T23:27:58Z",
    "user_agent": "Scraper/1.0 (+)",
    "pool": null,
    "center": null
  }
}