{
  "id": "2377",
  "count": 46,
  "words": [
    "been",
    "begging",
    "begin",
    "beginning",
    "begone",
    "beige",
    "being",
    "benign",
    "bigeye",
    "biggie",
    "binge",
    "bingeing",
    "bogey",
    "bogeying",
    "bone",
    "boogie",
    "boogieing",
    "bygone",
    "ebbing",
    "ebon",
    "ebony",
    "egging",
    "eggnog",
    "eggy",
    "enby",
    "engine",
    "eyeing",
    "eying",
    "gene",
    "genie",
    "genii",
    "gibe",
    "gone",
    "gooey",
    "innie",
    "nene",
    "neon",
    "nine",
    "nonbeing",
    "none",
    "noogie",
    "obey",
    "obeying",
    "oboe",
    "ogee",
    "yenning"
  ],
  "meta": {
    "source_url": "https://www.sbsolver.com/s/2377",
    "fetched_at": "2025-11-05T23:28:03Z",
    "user_agent": "Scraper/1.0 (+)",
    "pool": null,
    "center": null
  }
}