{
  "id": "2378",
  "count": 42,
  "words": [
    "acquaint",
    "acquit",
    "anti",
    "antic",
    "aquanaut",
    "aquatic",
    "aquatint",
    "attain",
    "attic",
    "aunt",
    "cacti",
    "cant",
    "cantata",
    "cantina",
    "incant",
    "intact",
    "intuit",
    "natant",
    "quaint",
    "quant",
    "quanta",
    "quint",
    "quit",
    "tacit",
    "tact",
    "tactic",
    "tactician",
    "taint",
    "tannic",
    "tannin",
    "taunt",
    "taut",
    "tinct",
    "tint",
    "titan",
    "titanic",
    "tuna",
    "tunic",
    "tutti",
    "tutu",
    "uncut",
    "unit"
  ],
  "meta": {
    "source_url": "https://www.sbsolver.com/s/2378",
    "fetched_at": "2025-11-05T23:28:07Z",
    "user_agent": "Scraper/1.0 (+)",
    "pool": null,
    "center": null
  }
}