{
  "id": "2379",
  "count": 33,
  "words": [
    "arhat",
    "arthropod",
    "doth",
    "hard",
    "hardhat",
    "hardtop",
    "harp",
    "hart",
    "hath",
    "hatha",
    "hoar",
    "hoard",
    "hood",
    "hoodoo",
    "hoop",
    "hoorah",
    "hoot",
    "hora",
    "horror",
    "hotpot",
    "hotrod",
    "oath",
    "paratha",
    "path",
    "pharaoh",
    "phat",
    "photo",
    "pooh",
    "that",
    "throat",
    "tooth",
    "torah",
    "troth"
  ],
  "meta": {
    "source_url": "https://www.sbsolver.com/s/2379",
    "fetched_at": "2025-11-05T23:28:11Z",
    "user_agent": "Scraper/1.0 (+)",
    "pool": null,
    "center": null
  }
}