{
  "id": "2380",
  "count": 50,
  "words": [
    "denied",
    "denim",
    "dine",
    "dined",
    "dwindle",
    "dwindled",
    "emend",
    "emended",
    "ended",
    "indeed",
    "indie",
    "innie",
    "lend",
    "lien",
    "limn",
    "limned",
    "line",
    "lined",
    "linemen",
    "linen",
    "mend",
    "mended",
    "middlemen",
    "midline",
    "mien",
    "mind",
    "minded",
    "mine",
    "mined",
    "mini",
    "minim",
    "need",
    "needed",
    "needle",
    "needled",
    "nene",
    "newel",
    "nine",
    "weenie",
    "wend",
    "wended",
    "widen",
    "widened",
    "wienie",
    "wind",
    "winded",
    "windmill",
    "windmilled",
    "wine",
    "wined"
  ],
  "meta": {
    "source_url": "https://www.sbsolver.com/s/2380",
    "fetched_at": "2025-11-05T23:28:14Z",
    "user_agent": "Scraper/1.0 (+)",
    "pool": null,
    "center": null
  }
}