{
  "id": "2381",
  "count": 28,
  "words": [
    "dimity",
    "dirt",
    "dirty",
    "ditto",
    "ditty",
    "dormitory",
    "droid",
    "idiom",
    "idiot",
    "itty",
    "midi",
    "mirror",
    "mitt",
    "oddity",
    "omit",
    "riot",
    "roti",
    "tidy",
    "timid",
    "timidity",
    "tomtit",
    "tori",
    "torii",
    "toroid",
    "torrid",
    "torridity",
    "trim",
    "trio"
  ],
  "meta": {
    "source_url": "https://www.sbsolver.com/s/2381",
    "fetched_at": "2025-11-05T23:28:18Z",
    "user_agent": "Scraper/1.0 (+)",
    "pool": null,
    "center": null
  }
}