{
  "id": "2382",
  "count": 44,
  "words": [
    "eminent",
    "emit",
    "emitting",
    "entente",
    "gent",
    "getting",
    "ignite",
    "igniting",
    "imminent",
    "intent",
    "item",
    "itemize",
    "itemizing",
    "meet",
    "meeting",
    "mentee",
    "mete",
    "meting",
    "mint",
    "minting",
    "mite",
    "mitt",
    "mitten",
    "netizen",
    "netting",
    "nineteen",
    "nite",
    "teeing",
    "teem",
    "teeming",
    "teen",
    "tenement",
    "tenet",
    "tent",
    "tenting",
    "time",
    "timing",
    "tine",
    "tinge",
    "tingeing",
    "tinging",
    "tint",
    "tinting",
    "ziti"
  ],
  "meta": {
    "source_url": "https://www.sbsolver.com/s/2382",
    "fetched_at": "2025-11-05T23:28:24Z",
    "user_agent": "Scraper/1.0 (+)",
    "pool": null,
    "center": null
  }
}