{
  "id": "2383",
  "count": 73,
  "words": [
    "ammo",
    "ample",
    "atom",
    "attempt",
    "emote",
    "lama",
    "lame",
    "lamp",
    "lemma",
    "llama",
    "loam",
    "loom",
    "male",
    "mall",
    "mallet",
    "malt",
    "mama",
    "mamma",
    "mammal",
    "maple",
    "mate",
    "matte",
    "meal",
    "meat",
    "meet",
    "melee",
    "melt",
    "meme",
    "memo",
    "meta",
    "metal",
    "mete",
    "mettle",
    "moat",
    "mole",
    "moll",
    "molt",
    "momma",
    "moola",
    "moot",
    "mope",
    "moppet",
    "mote",
    "motel",
    "motet",
    "mottle",
    "motto",
    "oatmeal",
    "omelet",
    "omelette",
    "palm",
    "palmetto",
    "pampa",
    "poem",
    "pome",
    "pomelo",
    "pommel",
    "pomp",
    "pompom",
    "tamale",
    "tame",
    "tamp",
    "team",
    "teammate",
    "teem",
    "temp",
    "template",
    "temple",
    "tempo",
    "tempt",
    "tomato",
    "tome",
    "totem"
  ],
  "meta": {
    "source_url": "https://www.sbsolver.com/s/2383",
    "fetched_at": "2025-11-05T23:28:29Z",
    "user_agent": "Scraper/1.0 (+)",
    "pool": null,
    "center": null
  }
}