{
  "id": "2384",
  "count": 30,
  "words": [
    "amount",
    "aunt",
    "aunty",
    "auto",
    "automat",
    "automata",
    "automaton",
    "autonomy",
    "autumn",
    "mount",
    "mummy",
    "mutant",
    "mutt",
    "mutton",
    "muumuu",
    "noun",
    "nutty",
    "outman",
    "tantamount",
    "taunt",
    "taut",
    "tout",
    "tummy",
    "tuna",
    "tutu",
    "unman",
    "unmount",
    "unto",
    "yuan",
    "yummy"
  ],
  "meta": {
    "source_url": "https://www.sbsolver.com/s/2384",
    "fetched_at": "2025-11-05T23:28:33Z",
    "user_agent": "Scraper/1.0 (+)",
    "pool": null,
    "center": null
  }
}