{
  "id": "2385",
  "count": 64,
  "words": [
    "alien",
    "alienable",
    "alpine",
    "anal",
    "annal",
    "anneal",
    "apian",
    "apnea",
    "baleen",
    "banal",
    "banana",
    "bane",
    "bean",
    "beanball",
    "beanie",
    "beeline",
    "been",
    "biennia",
    "biennial",
    "biplane",
    "blin",
    "blini",
    "elan",
    "enable",
    "inalienable",
    "inane",
    "innie",
    "lain",
    "lanai",
    "lane",
    "lean",
    "lien",
    "line",
    "lineal",
    "linen",
    "naan",
    "nail",
    "nana",
    "nape",
    "neap",
    "nene",
    "nibble",
    "nine",
    "ninepin",
    "nipple",
    "paean",
    "pain",
    "pane",
    "panel",
    "panini",
    "peen",
    "penal",
    "penile",
    "penne",
    "pinball",
    "pine",
    "pineapple",
    "pipeline",
    "pippin",
    "plain",
    "plan",
    "plane",
    "plebeian",
    "plena"
  ],
  "meta": {
    "source_url": "https://www.sbsolver.com/s/2385",
    "fetched_at": "2025-11-05T23:28:36Z",
    "user_agent": "Scraper/1.0 (+)",
    "pool": null,
    "center": null
  }
}