{
  "id": "2386",
  "count": 42,
  "words": [
    "down",
    "downed",
    "downwind",
    "endow",
    "endowed",
    "owed",
    "owned",
    "peewee",
    "pewee",
    "pinewood",
    "powwow",
    "wedded",
    "weed",
    "weeded",
    "weenie",
    "weep",
    "weepie",
    "wend",
    "wended",
    "wide",
    "widen",
    "widened",
    "widow",
    "widowed",
    "wienie",
    "wind",
    "winded",
    "window",
    "windpipe",
    "wine",
    "wined",
    "winnow",
    "winnowed",
    "wino",
    "wipe",
    "wiped",
    "wood",
    "wooded",
    "wooden",
    "woodwind",
    "wooed",
    "wowed"
  ],
  "meta": {
    "source_url": "https://www.sbsolver.com/s/2386",
    "fetched_at": "2025-11-05T23:28:40Z",
    "user_agent": "Scraper/1.0 (+)",
    "pool": null,
    "center": null
  }
}