{
  "id": "2387",
  "count": 20,
  "words": [
    "hail",
    "halal",
    "hale",
    "hall",
    "halva",
    "halvah",
    "halve",
    "have",
    "heal",
    "heave",
    "heavily",
    "heavy",
    "heel",
    "hell",
    "helve",
    "hill",
    "hilly",
    "hive",
    "hiya",
    "yeah"
  ],
  "meta": {
    "source_url": "https://www.sbsolver.com/s/2387",
    "fetched_at": "2025-11-05T23:28:45Z",
    "user_agent": "Scraper/1.0 (+)",
    "pool": null,
    "center": null
  }
}