{
  "id": "2388",
  "count": 41,
  "words": [
    "arco",
    "aria",
    "armor",
    "aroma",
    "carioca",
    "carom",
    "circa",
    "cirri",
    "coir",
    "cork",
    "crack",
    "cram",
    "crick",
    "croak",
    "croc",
    "croci",
    "crock",
    "crook",
    "karma",
    "karmic",
    "korma",
    "macro",
    "maraca",
    "mark",
    "marm",
    "micro",
    "microcrack",
    "mirror",
    "moor",
    "morocco",
    "okra",
    "orca",
    "rack",
    "rick",
    "roam",
    "roar",
    "rock",
    "rococo",
    "romcom",
    "rook",
    "room"
  ],
  "meta": {
    "source_url": "https://www.sbsolver.com/s/2388",
    "fetched_at": "2025-11-05T23:28:48Z",
    "user_agent": "Scraper/1.0 (+)",
    "pool": null,
    "center": null
  }
}