{
  "id": "2389",
  "count": 63,
  "words": [
    "agaze",
    "ageing",
    "agile",
    "algae",
    "alien",
    "allege",
    "alleging",
    "allele",
    "angel",
    "angle",
    "anneal",
    "annealing",
    "azalea",
    "eagle",
    "egging",
    "elan",
    "elegize",
    "elegizing",
    "engage",
    "engaging",
    "engine",
    "gage",
    "gaggle",
    "gale",
    "gaze",
    "gazelle",
    "geez",
    "gelee",
    "gelling",
    "gene",
    "genial",
    "genie",
    "genii",
    "giggle",
    "glaze",
    "glean",
    "gleaning",
    "glee",
    "glen",
    "illegal",
    "inane",
    "innie",
    "lane",
    "laze",
    "lean",
    "leaning",
    "legal",
    "legalize",
    "legalizing",
    "legging",
    "liege",
    "lien",
    "linage",
    "line",
    "lineage",
    "lineal",
    "linen",
    "negligee",
    "nene",
    "niggle",
    "nine",
    "zeal",
    "zine"
  ],
  "meta": {
    "source_url": "https://www.sbsolver.com/s/2389",
    "fetched_at": "2025-11-05T23:28:52Z",
    "user_agent": "Scraper/1.0 (+)",
    "pool": null,
    "center": null
  }
}