{
  "id": "2390",
  "count": 37,
  "words": [
    "abaci",
    "aback",
    "alibi",
    "baba",
    "babka",
    "bacilli",
    "back",
    "backbit",
    "backlit",
    "backtalk",
    "bail",
    "bait",
    "balalaika",
    "balk",
    "ball",
    "batik",
    "biblical",
    "bilabial",
    "bilk",
    "bill",
    "blab",
    "black",
    "blackball",
    "blat",
    "cabal",
    "cabala",
    "callback",
    "ciabatta",
    "clickbait",
    "kickback",
    "kickball",
    "labia",
    "labial",
    "tabla",
    "tailback",
    "tibia",
    "tibial"
  ],
  "meta": {
    "source_url": "https://www.sbsolver.com/s/2390",
    "fetched_at": "2025-11-05T23:28:55Z",
    "user_agent": "Scraper/1.0 (+)",
    "pool": null,
    "center": null
  }
}