{
  "id": "2391",
  "count": 51,
  "words": [
    "denote",
    "denoted",
    "dodo",
    "done",
    "donee",
    "donned",
    "donut",
    "dote",
    "doted",
    "dotted",
    "dunno",
    "duotone",
    "endnote",
    "neon",
    "nodded",
    "node",
    "none",
    "nonet",
    "noon",
    "note",
    "noted",
    "noun",
    "odeon",
    "onto",
    "outdo",
    "outdone",
    "outed",
    "quote",
    "quoted",
    "tendon",
    "tenon",
    "tenoned",
    "toed",
    "tone",
    "toned",
    "tonne",
    "toon",
    "toot",
    "tooted",
    "toque",
    "tote",
    "toted",
    "tout",
    "touted",
    "udon",
    "undo",
    "undone",
    "unnoted",
    "unquote",
    "unquoted",
    "unto"
  ],
  "meta": {
    "source_url": "https://www.sbsolver.com/s/2391",
    "fetched_at": "2025-11-05T23:28:59Z",
    "user_agent": "Scraper/1.0 (+)",
    "pool": null,
    "center": null
  }
}