{
  "id": "2392",
  "count": 48,
  "words": [
    "adapt",
    "adapting",
    "apian",
    "aping",
    "dapping",
    "dipping",
    "gaping",
    "inapt",
    "napping",
    "nipping",
    "padding",
    "pagan",
    "paginating",
    "paging",
    "paid",
    "pain",
    "paining",
    "paint",
    "painting",
    "panda",
    "pandit",
    "pang",
    "panini",
    "panning",
    "pant",
    "panting",
    "papa",
    "patina",
    "patting",
    "pidgin",
    "pigging",
    "pinata",
    "ping",
    "pinging",
    "pining",
    "pinning",
    "pint",
    "piping",
    "pipit",
    "pippin",
    "pita",
    "pitapat",
    "pitting",
    "tapa",
    "taping",
    "tapping",
    "tipi",
    "tipping"
  ],
  "meta": {
    "source_url": "https://www.sbsolver.com/s/2392",
    "fetched_at": "2025-11-05T23:29:05Z",
    "user_agent": "Scraper/1.0 (+)",
    "pool": null,
    "center": null
  }
}