{
  "id": "2393",
  "count": 28,
  "words": [
    "anal",
    "annal",
    "banal",
    "banana",
    "band",
    "bandana",
    "bandanna",
    "bind",
    "bindi",
    "bland",
    "blin",
    "blind",
    "blini",
    "hand",
    "handball",
    "handbill",
    "hind",
    "inlaid",
    "inland",
    "lain",
    "lanai",
    "land",
    "libidinal",
    "naan",
    "nada",
    "naiad",
    "nail",
    "nana"
  ],
  "meta": {
    "source_url": "https://www.sbsolver.com/s/2393",
    "fetched_at": "2025-11-05T23:29:11Z",
    "user_agent": "Scraper/1.0 (+)",
    "pool": null,
    "center": null
  }
}