{
  "id": "2394",
  "count": 25,
  "words": [
    "chlorophyll",
    "clop",
    "cloy",
    "color",
    "cool",
    "coolly",
    "coyly",
    "holly",
    "holy",
    "loch",
    "loco",
    "loll",
    "lollop",
    "loop",
    "loopy",
    "lorry",
    "phyllo",
    "plop",
    "ploy",
    "poll",
    "polo",
    "polyp",
    "pool",
    "poorly",
    "roll"
  ],
  "meta": {
    "source_url": "https://www.sbsolver.com/s/2394",
    "fetched_at": "2025-11-05T23:29:15Z",
    "user_agent": "Scraper/1.0 (+)",
    "pool": null,
    "center": null
  }
}