{
  "id": "2395",
  "count": 44,
  "words": [
    "agape",
    "aped",
    "apogee",
    "dapped",
    "deep",
    "dope",
    "doped",
    "dopey",
    "dopy",
    "epee",
    "epode",
    "gape",
    "gaped",
    "gapped",
    "goop",
    "goopy",
    "padded",
    "paddy",
    "page",
    "paged",
    "pagoda",
    "papa",
    "papaya",
    "pappy",
    "payday",
    "payee",
    "peapod",
    "pedagogy",
    "peed",
    "peep",
    "peeped",
    "pegged",
    "pepped",
    "peppy",
    "pogo",
    "pogoed",
    "poop",
    "pooped",
    "pope",
    "poppa",
    "popped",
    "poppy",
    "yapped",
    "yappy"
  ],
  "meta": {
    "source_url": "https://www.sbsolver.com/s/2395",
    "fetched_at": "2025-11-05T23:29:22Z",
    "user_agent": "Scraper/1.0 (+)",
    "pool": null,
    "center": null
  }
}