{
  "id": "2396",
  "count": 30,
  "words": [
    "chilling",
    "chinning",
    "cinching",
    "clinching",
    "cling",
    "clinging",
    "fifing",
    "filching",
    "filing",
    "filling",
    "fining",
    "flinching",
    "fling",
    "flinging",
    "gigging",
    "giggling",
    "gill",
    "gilling",
    "ginning",
    "high",
    "hilling",
    "hinging",
    "icing",
    "inching",
    "inclining",
    "infilling",
    "inning",
    "lining",
    "niggling",
    "nigh"
  ],
  "meta": {
    "source_url": "https://www.sbsolver.com/s/2396",
    "fetched_at": "2025-11-05T23:29:25Z",
    "user_agent": "Scraper/1.0 (+)",
    "pool": null,
    "center": null
  }
}