{
  "id": "2397",
  "count": 33,
  "words": [
    "abbot",
    "about",
    "abut",
    "attack",
    "auto",
    "boat",
    "bobcat",
    "boot",
    "bout",
    "butt",
    "buttock",
    "coat",
    "cockatoo",
    "cookout",
    "coot",
    "cutback",
    "cutout",
    "outback",
    "taboo",
    "tack",
    "taco",
    "tact",
    "tattoo",
    "taut",
    "tobacco",
    "toccata",
    "tock",
    "took",
    "toot",
    "tout",
    "tuba",
    "tuck",
    "tutu"
  ],
  "meta": {
    "source_url": "https://www.sbsolver.com/s/2397",
    "fetched_at": "2025-11-05T23:29:29Z",
    "user_agent": "Scraper/1.0 (+)",
    "pool": null,
    "center": null
  }
}