{
  "id": "2398",
  "count": 61,
  "words": [
    "acacia",
    "acai",
    "acclaim",
    "almanac",
    "antic",
    "anticlimactic",
    "attic",
    "cacti",
    "caiman",
    "call",
    "calla",
    "calm",
    "cami",
    "canal",
    "cancan",
    "canna",
    "cant",
    "cantata",
    "cantina",
    "catcall",
    "catmint",
    "cattail",
    "cilia",
    "claim",
    "claimant",
    "clam",
    "clan",
    "climactic",
    "climatic",
    "clinic",
    "clinical",
    "clinician",
    "iliac",
    "illicit",
    "incant",
    "inimical",
    "intact",
    "italic",
    "lactic",
    "laic",
    "laical",
    "licit",
    "lilac",
    "malic",
    "mancala",
    "maniac",
    "maniacal",
    "manic",
    "mica",
    "mimic",
    "minicam",
    "niacin",
    "tacit",
    "tact",
    "tactic",
    "tactical",
    "tactician",
    "talc",
    "tannic",
    "tinct",
    "titanic"
  ],
  "meta": {
    "source_url": "https://www.sbsolver.com/s/2398",
    "fetched_at": "2025-11-05T23:29:34Z",
    "user_agent": "Scraper/1.0 (+)",
    "pool": null,
    "center": null
  }
}