{
  "id": "2399",
  "count": 42,
  "words": [
    "abed",
    "abide",
    "abided",
    "adage",
    "added",
    "aged",
    "ahead",
    "aide",
    "aided",
    "baaed",
    "baba",
    "babe",
    "babied",
    "baddie",
    "bade",
    "badge",
    "badged",
    "baggage",
    "bagged",
    "baggie",
    "bead",
    "beaded",
    "bedhead",
    "behead",
    "beheaded",
    "bighead",
    "bigheaded",
    "dabbed",
    "dead",
    "deadhead",
    "deadheaded",
    "egad",
    "egghead",
    "eggheaded",
    "gabbed",
    "gadded",
    "gaga",
    "gage",
    "gagged",
    "head",
    "headed",
    "idea"
  ],
  "meta": {
    "source_url": "https://www.sbsolver.com/s/2399",
    "fetched_at": "2025-11-05T23:29:40Z",
    "user_agent": "Scraper/1.0 (+)",
    "pool": null,
    "center": null
  }
}