{
  "id": "2400",
  "count": 40,
  "words": [
    "acclaim",
    "ammo",
    "amyl",
    "calm",
    "calmly",
    "cami",
    "camo",
    "claim",
    "clam",
    "clammy",
    "coma",
    "comic",
    "comical",
    "comically",
    "comma",
    "imam",
    "lama",
    "lima",
    "limo",
    "llama",
    "loam",
    "loamy",
    "loom",
    "mail",
    "maim",
    "malic",
    "mall",
    "mama",
    "mamma",
    "mammal",
    "mayo",
    "mica",
    "mill",
    "mimic",
    "moil",
    "moll",
    "molly",
    "momma",
    "mommy",
    "moola"
  ],
  "meta": {
    "source_url": "https://www.sbsolver.com/s/2400",
    "fetched_at": "2025-11-05T23:29:45Z",
    "user_agent": "Scraper/1.0 (+)",
    "pool": null,
    "center": null
  }
}