{
  "id": "2401",
  "count": 57,
  "words": [
    "emote",
    "entente",
    "heme",
    "hewn",
    "home",
    "hometown",
    "hone",
    "meet",
    "meme",
    "memento",
    "memo",
    "mentee",
    "meow",
    "mete",
    "meth",
    "moment",
    "monotone",
    "monte",
    "mote",
    "motet",
    "nene",
    "neon",
    "newt",
    "newton",
    "none",
    "nonet",
    "note",
    "omen",
    "teem",
    "teen",
    "teeth",
    "teethe",
    "tenement",
    "tenet",
    "tenon",
    "tent",
    "tenth",
    "thee",
    "them",
    "theme",
    "then",
    "tome",
    "tone",
    "tonne",
    "tote",
    "totem",
    "towhee",
    "townhome",
    "twee",
    "tween",
    "tweet",
    "went",
    "whee",
    "when",
    "whet",
    "whew",
    "women"
  ],
  "meta": {
    "source_url": "https://www.sbsolver.com/s/2401",
    "fetched_at": "2025-11-05T23:29:50Z",
    "user_agent": "Scraper/1.0 (+)",
    "pool": null,
    "center": null
  }
}