{
  "id": "2402",
  "count": 24,
  "words": [
    "babka",
    "bake",
    "baked",
    "bank",
    "banked",
    "beak",
    "beaked",
    "dank",
    "deke",
    "deked",
    "eked",
    "embank",
    "embanked",
    "kebab",
    "keen",
    "keened",
    "knead",
    "kneaded",
    "knee",
    "kneed",
    "make",
    "meek",
    "naked",
    "nankeen"
  ],
  "meta": {
    "source_url": "https://www.sbsolver.com/s/2402",
    "fetched_at": "2025-11-05T23:29:56Z",
    "user_agent": "Scraper/1.0 (+)",
    "pool": null,
    "center": null
  }
}