{
  "id": "2403",
  "count": 41,
  "words": [
    "dogtrot",
    "donor",
    "door",
    "dour",
    "drug",
    "gorgon",
    "gourd",
    "grog",
    "grotto",
    "ground",
    "groundout",
    "grout",
    "grunt",
    "guru",
    "odor",
    "orotund",
    "outdoor",
    "outro",
    "outrun",
    "rondo",
    "rood",
    "root",
    "rotgut",
    "rotor",
    "rotund",
    "round",
    "rout",
    "rung",
    "runout",
    "runt",
    "torn",
    "toro",
    "tort",
    "tour",
    "trod",
    "trot",
    "trout",
    "turn",
    "turnout",
    "tutor",
    "unground"
  ],
  "meta": {
    "source_url": "https://www.sbsolver.com/s/2403",
    "fetched_at": "2025-11-05T23:29:59Z",
    "user_agent": "Scraper/1.0 (+)",
    "pool": null,
    "center": null
  }
}