{
  "id": "2404",
  "count": 38,
  "words": [
    "hiply",
    "hippo",
    "hippy",
    "hoop",
    "hoppy",
    "hypo",
    "lipo",
    "lippy",
    "lollipop",
    "lollop",
    "loop",
    "loopily",
    "loopy",
    "nippy",
    "opinion",
    "phonily",
    "phono",
    "phony",
    "phyllo",
    "pill",
    "pillion",
    "pinion",
    "pinny",
    "pippin",
    "plop",
    "ploy",
    "polio",
    "poll",
    "polo",
    "polyp",
    "polyphony",
    "pony",
    "pooh",
    "pool",
    "poop",
    "poplin",
    "poppy",
    "pylon"
  ],
  "meta": {
    "source_url": "https://www.sbsolver.com/s/2404",
    "fetched_at": "2025-11-05T23:30:06Z",
    "user_agent": "Scraper/1.0 (+)",
    "pool": null,
    "center": null
  }
}