{
  "id": "2405",
  "count": 68,
  "words": [
    "additive",
    "admit",
    "admitted",
    "aviate",
    "aviated",
    "dammit",
    "data",
    "date",
    "dated",
    "dative",
    "demit",
    "demitted",
    "deviate",
    "deviated",
    "diet",
    "dieted",
    "edit",
    "edited",
    "emit",
    "emitted",
    "ideate",
    "ideated",
    "imitate",
    "imitated",
    "imitative",
    "immediate",
    "item",
    "mate",
    "mated",
    "matte",
    "matted",
    "meat",
    "mediate",
    "mediated",
    "meditate",
    "meditated",
    "meditative",
    "meet",
    "meta",
    "metadata",
    "mete",
    "meted",
    "mite",
    "mitt",
    "tame",
    "tamed",
    "tatami",
    "tatted",
    "team",
    "teamed",
    "teammate",
    "teat",
    "teatime",
    "teed",
    "teem",
    "teemed",
    "tide",
    "tided",
    "tidied",
    "tied",
    "time",
    "timed",
    "timid",
    "titivate",
    "titivated",
    "vetted",
    "vitiate",
    "vitiated"
  ],
  "meta": {
    "source_url": "https://www.sbsolver.com/s/2405",
    "fetched_at": "2025-11-05T23:30:11Z",
    "user_agent": "Scraper/1.0 (+)",
    "pool": null,
    "center": null
  }
}