{
  "id": "2406",
  "count": 43,
  "words": [
    "acacia",
    "acai",
    "accent",
    "acetate",
    "acetic",
    "acne",
    "ancient",
    "antic",
    "attic",
    "cacti",
    "cancan",
    "cane",
    "canine",
    "canna",
    "cant",
    "cantata",
    "canteen",
    "cantina",
    "cent",
    "cetacean",
    "cite",
    "enact",
    "entice",
    "exact",
    "exacta",
    "excite",
    "exec",
    "extinct",
    "incant",
    "incite",
    "inexact",
    "intact",
    "niacin",
    "nice",
    "niece",
    "tacet",
    "tacit",
    "tact",
    "tactic",
    "tactician",
    "tannic",
    "tinct",
    "titanic"
  ],
  "meta": {
    "source_url": "https://www.sbsolver.com/s/2406",
    "fetched_at": "2025-11-05T23:30:15Z",
    "user_agent": "Scraper/1.0 (+)",
    "pool": null,
    "center": null
  }
}