{
  "id": "2407",
  "count": 33,
  "words": [
    "ginkgo",
    "going",
    "gong",
    "gonging",
    "goon",
    "gouging",
    "gown",
    "gowning",
    "know",
    "knowing",
    "known",
    "kook",
    "noggin",
    "nonunion",
    "nook",
    "noon",
    "noun",
    "oink",
    "oinking",
    "ongoing",
    "onion",
    "owing",
    "owning",
    "union",
    "unknowing",
    "unknown",
    "unwon",
    "winnow",
    "winnowing",
    "wino",
    "wonk",
    "wooing",
    "wowing"
  ],
  "meta": {
    "source_url": "https://www.sbsolver.com/s/2407",
    "fetched_at": "2025-11-05T23:30:19Z",
    "user_agent": "Scraper/1.0 (+)",
    "pool": null,
    "center": null
  }
}