{
  "id": "2408",
  "count": 42,
  "words": [
    "cent",
    "efficient",
    "entente",
    "entice",
    "even",
    "event",
    "evince",
    "feint",
    "fence",
    "fifteen",
    "fine",
    "finite",
    "incentive",
    "incite",
    "ineffective",
    "inefficient",
    "infect",
    "infective",
    "infinite",
    "infinitive",
    "innie",
    "intent",
    "invective",
    "invent",
    "inventive",
    "invite",
    "invitee",
    "nene",
    "nice",
    "niece",
    "nine",
    "nineteen",
    "nite",
    "teen",
    "tenet",
    "tent",
    "tinct",
    "tine",
    "tint",
    "vein",
    "vent",
    "vine"
  ],
  "meta": {
    "source_url": "https://www.sbsolver.com/s/2408",
    "fetched_at": "2025-11-05T23:30:24Z",
    "user_agent": "Scraper/1.0 (+)",
    "pool": null,
    "center": null
  }
}