{
  "id": "2409",
  "count": 19,
  "words": [
    "body",
    "booby",
    "booty",
    "boycott",
    "boycotted",
    "byte",
    "coyote",
    "decoy",
    "decoyed",
    "dotty",
    "dyed",
    "eddy",
    "eyed",
    "obey",
    "obeyed",
    "oocyte",
    "teddy",
    "toddy",
    "toyed"
  ],
  "meta": {
    "source_url": "https://www.sbsolver.com/s/2409",
    "fetched_at": "2025-11-05T23:30:28Z",
    "user_agent": "Scraper/1.0 (+)",
    "pool": null,
    "center": null
  }
}