{
  "id": "2410",
  "count": 47,
  "words": [
    "amazon",
    "amino",
    "ammo",
    "ammonia",
    "amnio",
    "animation",
    "anion",
    "annotation",
    "anoint",
    "anon",
    "atom",
    "atomization",
    "imitation",
    "initiation",
    "intimation",
    "into",
    "intonation",
    "ionization",
    "iota",
    "mammon",
    "matzo",
    "minimization",
    "minion",
    "moan",
    "moat",
    "momma",
    "mono",
    "monomania",
    "moon",
    "moot",
    "motion",
    "motto",
    "nation",
    "nomination",
    "noon",
    "notation",
    "notion",
    "omit",
    "onion",
    "onto",
    "ottoman",
    "tattoo",
    "tomato",
    "tomtit",
    "toon",
    "toot",
    "zoom"
  ],
  "meta": {
    "source_url": "https://www.sbsolver.com/s/2410",
    "fetched_at": "2025-11-05T23:30:33Z",
    "user_agent": "Scraper/1.0 (+)",
    "pool": null,
    "center": null
  }
}