{
  "id": "2411",
  "count": 27,
  "words": [
    "arty",
    "attack",
    "attar",
    "attract",
    "carat",
    "cart",
    "cartway",
    "cataract",
    "catty",
    "karat",
    "kart",
    "ratatat",
    "ratty",
    "tack",
    "tacky",
    "tact",
    "tarry",
    "tart",
    "tartar",
    "tatty",
    "track",
    "trackway",
    "tract",
    "tray",
    "wart",
    "warty",
    "watt"
  ],
  "meta": {
    "source_url": "https://www.sbsolver.com/s/2411",
    "fetched_at": "2025-11-05T23:30:40Z",
    "user_agent": "Scraper/1.0 (+)",
    "pool": null,
    "center": null
  }
}