{
  "id": "2412",
  "count": 43,
  "words": [
    "ache",
    "achoo",
    "alcohol",
    "aloha",
    "ancho",
    "cache",
    "challah",
    "chance",
    "chancel",
    "channel",
    "clench",
    "cloche",
    "coach",
    "cochlea",
    "cochleae",
    "coho",
    "conch",
    "each",
    "echelon",
    "echo",
    "enhance",
    "halal",
    "hale",
    "hall",
    "halo",
    "heal",
    "heel",
    "hell",
    "hellhole",
    "hello",
    "hence",
    "henna",
    "hole",
    "honcho",
    "hone",
    "hooch",
    "leach",
    "lech",
    "leech",
    "loach",
    "loch",
    "nacho",
    "nonchalance"
  ],
  "meta": {
    "source_url": "https://www.sbsolver.com/s/2412",
    "fetched_at": "2025-11-05T23:30:45Z",
    "user_agent": "Scraper/1.0 (+)",
    "pool": null,
    "center": null
  }
}