{
  "id": "2413",
  "count": 39,
  "words": [
    "fount",
    "four",
    "froufrou",
    "fruit",
    "fruition",
    "furor",
    "futon",
    "intuit",
    "intuition",
    "inurn",
    "nonunion",
    "noun",
    "nutrition",
    "outfit",
    "outro",
    "outrun",
    "rout",
    "ruff",
    "ruin",
    "runoff",
    "runout",
    "runt",
    "tofu",
    "tour",
    "tout",
    "trout",
    "tuft",
    "tuition",
    "turf",
    "turn",
    "turnoff",
    "turnout",
    "tutor",
    "tutti",
    "tutu",
    "unfit",
    "union",
    "unit",
    "unto"
  ],
  "meta": {
    "source_url": "https://www.sbsolver.com/s/2413",
    "fetched_at": "2025-11-05T23:30:50Z",
    "user_agent": "Scraper/1.0 (+)",
    "pool": null,
    "center": null
  }
}