{
  "id": "2414",
  "count": 50,
  "words": [
    "deep",
    "depot",
    "dipped",
    "dope",
    "doped",
    "epee",
    "epode",
    "opioid",
    "opted",
    "peed",
    "peep",
    "peeped",
    "peeve",
    "peeved",
    "pepped",
    "peptide",
    "petit",
    "petite",
    "petted",
    "pied",
    "pipe",
    "piped",
    "pipet",
    "pipette",
    "pipit",
    "pitied",
    "pitted",
    "pivot",
    "pivoted",
    "poet",
    "poop",
    "pooped",
    "pope",
    "popped",
    "poppet",
    "potpie",
    "potted",
    "teepee",
    "tepee",
    "tepid",
    "tipi",
    "tipped",
    "tippet",
    "tiptoe",
    "tiptoed",
    "tiptop",
    "tope",
    "toped",
    "topped",
    "veep"
  ],
  "meta": {
    "source_url": "https://www.sbsolver.com/s/2414",
    "fetched_at": "2025-11-05T23:30:55Z",
    "user_agent": "Scraper/1.0 (+)",
    "pool": null,
    "center": null
  }
}