{
  "id": "2415",
  "count": 44,
  "words": [
    "alchemy",
    "allay",
    "allele",
    "alley",
    "ally",
    "amyl",
    "call",
    "calla",
    "calm",
    "calmly",
    "camel",
    "cell",
    "challah",
    "clam",
    "clammy",
    "clay",
    "clayey",
    "cycle",
    "eely",
    "halal",
    "hale",
    "hall",
    "heal",
    "heel",
    "hell",
    "helm",
    "lace",
    "lacy",
    "lama",
    "lame",
    "lamely",
    "leach",
    "lech",
    "leech",
    "lemma",
    "llama",
    "lychee",
    "male",
    "mall",
    "mammal",
    "meal",
    "mealy",
    "melee",
    "yell"
  ],
  "meta": {
    "source_url": "https://www.sbsolver.com/s/2415",
    "fetched_at": "2025-11-05T23:30:59Z",
    "user_agent": "Scraper/1.0 (+)",
    "pool": null,
    "center": null
  }
}