{
  "id": "2416",
  "count": 51,
  "words": [
    "actor",
    "afoot",
    "aorta",
    "attack",
    "attar",
    "attract",
    "attractor",
    "carat",
    "carrot",
    "cart",
    "cataract",
    "coat",
    "coatrack",
    "cockatoo",
    "cofactor",
    "coot",
    "craft",
    "fact",
    "factor",
    "fart",
    "foot",
    "fort",
    "frat",
    "karat",
    "kart",
    "offtrack",
    "orator",
    "raft",
    "ratatat",
    "root",
    "rotator",
    "rotor",
    "rotorcraft",
    "tack",
    "taco",
    "tact",
    "taro",
    "tarot",
    "tart",
    "tartar",
    "tattoo",
    "toccata",
    "tock",
    "took",
    "toot",
    "toro",
    "tort",
    "track",
    "tract",
    "tractor",
    "trot"
  ],
  "meta": {
    "source_url": "https://www.sbsolver.com/s/2416",
    "fetched_at": "2025-11-05T23:31:06Z",
    "user_agent": "Scraper/1.0 (+)",
    "pool": null,
    "center": null
  }
}