{
  "id": "2417",
  "count": 43,
  "words": [
    "chignon",
    "chino",
    "cocci",
    "cocoon",
    "cocooning",
    "coho",
    "coin",
    "coining",
    "comic",
    "coming",
    "common",
    "conch",
    "conic",
    "conning",
    "cooing",
    "gnocchi",
    "going",
    "gong",
    "gonging",
    "goon",
    "hogging",
    "homing",
    "honcho",
    "honing",
    "hooch",
    "icon",
    "iconic",
    "incoming",
    "ionic",
    "minion",
    "mochi",
    "mono",
    "mooch",
    "mooching",
    "mooing",
    "moon",
    "mooning",
    "noggin",
    "noncom",
    "noon",
    "oncoming",
    "ongoing",
    "onion"
  ],
  "meta": {
    "source_url": "https://www.sbsolver.com/s/2417",
    "fetched_at": "2025-11-05T23:31:12Z",
    "user_agent": "Scraper/1.0 (+)",
    "pool": null,
    "center": null
  }
}