{
  "id": "2418",
  "count": 47,
  "words": [
    "able",
    "allowable",
    "appealable",
    "baba",
    "babble",
    "babe",
    "babel",
    "bale",
    "ball",
    "baobab",
    "bawl",
    "bebop",
    "beep",
    "bell",
    "belle",
    "bellow",
    "below",
    "blab",
    "bleep",
    "blew",
    "blob",
    "bloop",
    "blow",
    "boba",
    "bobble",
    "bola",
    "boll",
    "bolo",
    "boob",
    "booboo",
    "boop",
    "bowel",
    "bowl",
    "bowwow",
    "elbow",
    "label",
    "lobe",
    "lobo",
    "lowball",
    "oboe",
    "palpable",
    "pebble",
    "peelable",
    "pleb",
    "plebe",
    "plowable",
    "wobble"
  ],
  "meta": {
    "source_url": "https://www.sbsolver.com/s/2418",
    "fetched_at": "2025-11-05T23:31:15Z",
    "user_agent": "Scraper/1.0 (+)",
    "pool": null,
    "center": null
  }
}