{
  "id": "2419",
  "count": 50,
  "words": [
    "cofound",
    "cofounded",
    "confound",
    "confounded",
    "cued",
    "cuff",
    "cuffed",
    "deduce",
    "deduced",
    "defund",
    "defunded",
    "denounce",
    "denounced",
    "denude",
    "denuded",
    "deuce",
    "dude",
    "duff",
    "dunce",
    "dune",
    "dunned",
    "dunno",
    "educe",
    "educed",
    "endue",
    "endued",
    "fecund",
    "feud",
    "feuded",
    "fondue",
    "found",
    "founded",
    "fund",
    "funded",
    "noun",
    "nude",
    "ounce",
    "udon",
    "unceded",
    "uncuff",
    "uncuffed",
    "undefended",
    "undo",
    "undone",
    "undue",
    "unfed",
    "unfounded",
    "unfunded",
    "unneeded",
    "unoffended"
  ],
  "meta": {
    "source_url": "https://www.sbsolver.com/s/2419",
    "fetched_at": "2025-11-05T23:31:19Z",
    "user_agent": "Scraper/1.0 (+)",
    "pool": null,
    "center": null
  }
}