{
  "id": "2420",
  "count": 59,
  "words": [
    "beeline",
    "been",
    "beltline",
    "bent",
    "bitten",
    "blin",
    "blini",
    "blunt",
    "bulletin",
    "bunt",
    "ebullient",
    "ennui",
    "entente",
    "entitle",
    "inbuilt",
    "inlet",
    "innie",
    "intel",
    "intent",
    "intuit",
    "inutile",
    "lenient",
    "lent",
    "lentil",
    "lien",
    "line",
    "linen",
    "linnet",
    "lint",
    "lintel",
    "lune",
    "lunette",
    "nene",
    "nettle",
    "nibble",
    "nine",
    "nineteen",
    "nite",
    "nubbin",
    "nubble",
    "nubile",
    "null",
    "teen",
    "tenet",
    "tent",
    "tine",
    "tint",
    "tune",
    "tunnel",
    "unbelt",
    "unbent",
    "unbuilt",
    "unit",
    "unite",
    "unlet",
    "unlit",
    "untie",
    "until",
    "untune"
  ],
  "meta": {
    "source_url": "https://www.sbsolver.com/s/2420",
    "fetched_at": "2025-11-05T23:31:23Z",
    "user_agent": "Scraper/1.0 (+)",
    "pool": null,
    "center": null
  }
}