{
  "id": "2421",
  "count": 21,
  "words": [
    "down",
    "downhill",
    "downwind",
    "hollow",
    "howl",
    "lowdown",
    "nohow",
    "widow",
    "widowhood",
    "wild",
    "wildwood",
    "will",
    "willow",
    "wind",
    "window",
    "winnow",
    "wino",
    "wood",
    "woodwind",
    "woohoo",
    "wool"
  ],
  "meta": {
    "source_url": "https://www.sbsolver.com/s/2421",
    "fetched_at": "2025-11-05T23:31:27Z",
    "user_agent": "Scraper/1.0 (+)",
    "pool": null,
    "center": null
  }
}