{
  "id": "2422",
  "count": 41,
  "words": [
    "deft",
    "detox",
    "detoxed",
    "dote",
    "doted",
    "dotted",
    "duet",
    "duetted",
    "effete",
    "etouffee",
    "etude",
    "feet",
    "fete",
    "feted",
    "foot",
    "footed",
    "outdo",
    "outed",
    "outfox",
    "outfoxed",
    "teed",
    "teff",
    "text",
    "texted",
    "toed",
    "toffee",
    "tofu",
    "toot",
    "tooted",
    "tote",
    "toted",
    "tout",
    "touted",
    "tuffet",
    "tuft",
    "tufted",
    "tutee",
    "tutted",
    "tutu",
    "tuxedo",
    "tuxedoed"
  ],
  "meta": {
    "source_url": "https://www.sbsolver.com/s/2422",
    "fetched_at": "2025-11-05T23:31:30Z",
    "user_agent": "Scraper/1.0 (+)",
    "pool": null,
    "center": null
  }
}