{
  "id": "2423",
  "count": 57,
  "words": [
    "alfalfa",
    "elfin",
    "fail",
    "failing",
    "falafel",
    "fall",
    "fallen",
    "falling",
    "fang",
    "fanning",
    "feel",
    "feeling",
    "feign",
    "feigning",
    "feline",
    "fell",
    "fella",
    "felling",
    "fennel",
    "fief",
    "fife",
    "fifing",
    "file",
    "filial",
    "filing",
    "fill",
    "filling",
    "finagle",
    "finagling",
    "final",
    "finale",
    "fine",
    "finial",
    "fining",
    "flag",
    "flagella",
    "flagging",
    "flail",
    "flailing",
    "flan",
    "flange",
    "flanging",
    "flannel",
    "flea",
    "flee",
    "fleeing",
    "fling",
    "flinging",
    "gaff",
    "gaffe",
    "infill",
    "infilling",
    "leaf",
    "leafing",
    "life",
    "lifeline",
    "naif"
  ],
  "meta": {
    "source_url": "https://www.sbsolver.com/s/2423",
    "fetched_at": "2025-11-05T23:31:33Z",
    "user_agent": "Scraper/1.0 (+)",
    "pool": null,
    "center": null
  }
}