{
  "id": "2424",
  "count": 39,
  "words": [
    "airy",
    "amity",
    "aria",
    "army",
    "array",
    "arty",
    "arum",
    "atria",
    "atrium",
    "attar",
    "aura",
    "imam",
    "immaturity",
    "maim",
    "mama",
    "mamma",
    "mammary",
    "marm",
    "marry",
    "mart",
    "martyr",
    "maturity",
    "raita",
    "rarity",
    "ratatat",
    "ratty",
    "tamari",
    "tarry",
    "tart",
    "tartar",
    "tatami",
    "tatty",
    "taut",
    "tiara",
    "trait",
    "tram",
    "trauma",
    "tray",
    "umami"
  ],
  "meta": {
    "source_url": "https://www.sbsolver.com/s/2424",
    "fetched_at": "2025-11-05T23:31:37Z",
    "user_agent": "Scraper/1.0 (+)",
    "pool": null,
    "center": null
  }
}