{
  "id": "2425",
  "count": 53,
  "words": [
    "acclaim",
    "acyclic",
    "alga",
    "algal",
    "allay",
    "ally",
    "amalgam",
    "amyl",
    "cagily",
    "call",
    "calla",
    "calm",
    "calmly",
    "cilia",
    "claim",
    "clam",
    "clammy",
    "clay",
    "cyclic",
    "cyclical",
    "cyclically",
    "gaily",
    "gala",
    "gall",
    "gayly",
    "giggly",
    "gill",
    "glacial",
    "glacially",
    "glam",
    "glia",
    "icily",
    "iliac",
    "illy",
    "lacy",
    "laggy",
    "laic",
    "laical",
    "lallygag",
    "lama",
    "lilac",
    "lily",
    "lima",
    "llama",
    "magical",
    "magically",
    "mail",
    "malic",
    "mall",
    "mammal",
    "mill",
    "myalgia",
    "myalgic"
  ],
  "meta": {
    "source_url": "https://www.sbsolver.com/s/2425",
    "fetched_at": "2025-11-05T23:31:42Z",
    "user_agent": "Scraper/1.0 (+)",
    "pool": null,
    "center": null
  }
}