{
  "id": "2426",
  "count": 47,
  "words": [
    "civet",
    "civic",
    "conceive",
    "connective",
    "connive",
    "convect",
    "convection",
    "convective",
    "convene",
    "convenience",
    "convenient",
    "convent",
    "convention",
    "convict",
    "conviction",
    "convince",
    "cove",
    "coven",
    "covet",
    "even",
    "event",
    "evict",
    "evictee",
    "eviction",
    "evince",
    "incentive",
    "inconvenience",
    "inconvenient",
    "invective",
    "invent",
    "invention",
    "inventive",
    "invite",
    "invitee",
    "invoice",
    "nonevent",
    "novice",
    "oven",
    "ovine",
    "vein",
    "vent",
    "veto",
    "vice",
    "vine",
    "voice",
    "vote",
    "votive"
  ],
  "meta": {
    "source_url": "https://www.sbsolver.com/s/2426",
    "fetched_at": "2025-11-05T23:31:47Z",
    "user_agent": "Scraper/1.0 (+)",
    "pool": null,
    "center": null
  }
}