{
  "id": "2427",
  "count": 34,
  "words": [
    "bill",
    "blob",
    "blog",
    "bloom",
    "boil",
    "boll",
    "bolo",
    "broil",
    "gigolo",
    "gill",
    "girl",
    "glib",
    "glob",
    "glom",
    "gloom",
    "googol",
    "grill",
    "igloo",
    "imbroglio",
    "limb",
    "limbo",
    "limo",
    "lobo",
    "logo",
    "logroll",
    "loll",
    "loom",
    "mill",
    "moil",
    "moll",
    "olio",
    "rill",
    "roil",
    "roll"
  ],
  "meta": {
    "source_url": "https://www.sbsolver.com/s/2427",
    "fetched_at": "2025-11-05T23:31:50Z",
    "user_agent": "Scraper/1.0 (+)",
    "pool": null,
    "center": null
  }
}