{
  "id": "2428",
  "count": 42,
  "words": [
    "fifing",
    "filing",
    "fill",
    "filling",
    "fining",
    "firing",
    "fling",
    "flinging",
    "flog",
    "flogging",
    "floor",
    "flooring",
    "fogging",
    "foil",
    "foiling",
    "folio",
    "fool",
    "fooling",
    "forging",
    "forgo",
    "forgoing",
    "forlorn",
    "frill",
    "fringing",
    "frog",
    "golf",
    "golfing",
    "goof",
    "goofing",
    "griffin",
    "griffon",
    "infill",
    "infilling",
    "info",
    "infringing",
    "offing",
    "riff",
    "riffing",
    "riffling",
    "rifling",
    "roof",
    "roofing"
  ],
  "meta": {
    "source_url": "https://www.sbsolver.com/s/2428",
    "fetched_at": "2025-11-05T23:31:55Z",
    "user_agent": "Scraper/1.0 (+)",
    "pool": null,
    "center": null
  }
}