{
  "id": "2429",
  "count": 51,
  "words": [
    "ante",
    "antenna",
    "antennae",
    "apnea",
    "eaten",
    "entente",
    "ethane",
    "happen",
    "heathen",
    "henna",
    "heptane",
    "hyena",
    "hyphen",
    "hyphenate",
    "naan",
    "nana",
    "nanny",
    "nape",
    "natant",
    "natty",
    "neap",
    "neat",
    "neaten",
    "neath",
    "nene",
    "nepenthe",
    "netty",
    "paean",
    "pane",
    "pant",
    "panty",
    "patent",
    "patentee",
    "peahen",
    "peen",
    "pennant",
    "penne",
    "penny",
    "pent",
    "pentane",
    "teen",
    "teeny",
    "tenant",
    "tenet",
    "tent",
    "tenth",
    "than",
    "thane",
    "then",
    "yenta",
    "yente"
  ],
  "meta": {
    "source_url": "https://www.sbsolver.com/s/2429",
    "fetched_at": "2025-11-05T23:32:01Z",
    "user_agent": "Scraper/1.0 (+)",
    "pool": null,
    "center": null
  }
}