{
  "id": "2430",
  "count": 47,
  "words": [
    "abbot",
    "allot",
    "alto",
    "atoll",
    "atonal",
    "ballot",
    "baton",
    "blat",
    "blatant",
    "bloat",
    "blot",
    "blotto",
    "boat",
    "bolt",
    "boot",
    "gallant",
    "galoot",
    "gloat",
    "glottal",
    "gnat",
    "goat",
    "gotta",
    "lantana",
    "longboat",
    "loot",
    "lotto",
    "nanobot",
    "natal",
    "natant",
    "onto",
    "tabla",
    "taboo",
    "tagalong",
    "tall",
    "talon",
    "tang",
    "tango",
    "tattoo",
    "toboggan",
    "toga",
    "toll",
    "tonal",
    "tong",
    "tool",
    "toon",
    "toot",
    "total"
  ],
  "meta": {
    "source_url": "https://www.sbsolver.com/s/2430",
    "fetched_at": "2025-11-05T23:32:07Z",
    "user_agent": "Scraper/1.0 (+)",
    "pool": null,
    "center": null
  }
}