{
  "id": "2431",
  "count": 24,
  "words": [
    "advent",
    "avaunt",
    "avenue",
    "duvet",
    "eave",
    "eaved",
    "evade",
    "evaded",
    "even",
    "evened",
    "event",
    "nave",
    "uneven",
    "uvea",
    "vane",
    "vaunt",
    "vaunted",
    "vend",
    "vended",
    "vendetta",
    "vent",
    "vented",
    "venue",
    "vetted"
  ],
  "meta": {
    "source_url": "https://www.sbsolver.com/s/2431",
    "fetched_at": "2025-11-05T23:32:10Z",
    "user_agent": "Scraper/1.0 (+)",
    "pool": null,
    "center": null
  }
}