{
  "id": "2432",
  "count": 50,
  "words": [
    "acronym",
    "ammo",
    "armor",
    "armory",
    "army",
    "aroma",
    "camo",
    "carom",
    "cayman",
    "coma",
    "comma",
    "common",
    "cram",
    "macaron",
    "macaroon",
    "macro",
    "macron",
    "mama",
    "mamma",
    "mammary",
    "mammon",
    "manna",
    "manor",
    "many",
    "maraca",
    "marm",
    "maroon",
    "marry",
    "mayo",
    "mayor",
    "moan",
    "momma",
    "mommy",
    "mono",
    "monocracy",
    "mononym",
    "moon",
    "moony",
    "moor",
    "moray",
    "morn",
    "morocco",
    "moron",
    "myna",
    "noncom",
    "norm",
    "roam",
    "romcom",
    "room",
    "roomy"
  ],
  "meta": {
    "source_url": "https://www.sbsolver.com/s/2432",
    "fetched_at": "2025-11-05T23:32:14Z",
    "user_agent": "Scraper/1.0 (+)",
    "pool": null,
    "center": null
  }
}