{
  "id": "2433",
  "count": 56,
  "words": [
    "aide",
    "aided",
    "ailed",
    "allied",
    "aphid",
    "applied",
    "dahlia",
    "dallied",
    "deli",
    "dial",
    "dialed",
    "diddle",
    "diddled",
    "died",
    "dill",
    "dipped",
    "eddied",
    "elide",
    "elided",
    "hail",
    "hailed",
    "helipad",
    "hide",
    "hied",
    "hill",
    "hilled",
    "hippie",
    "idea",
    "ideal",
    "idle",
    "idled",
    "laddie",
    "laid",
    "lidded",
    "lied",
    "lipid",
    "lipped",
    "paid",
    "pail",
    "pallid",
    "papilla",
    "papillae",
    "phalli",
    "phial",
    "piddle",
    "piddled",
    "pied",
    "pile",
    "piled",
    "pill",
    "pilled",
    "pipe",
    "piped",
    "plaid",
    "plie",
    "plied"
  ],
  "meta": {
    "source_url": "https://www.sbsolver.com/s/2433",
    "fetched_at": "2025-11-05T23:32:19Z",
    "user_agent": "Scraper/1.0 (+)",
    "pool": null,
    "center": null
  }
}