{
  "id": "2434",
  "count": 52,
  "words": [
    "alight",
    "alighting",
    "annihilating",
    "anthill",
    "haggling",
    "hail",
    "hailing",
    "halal",
    "hall",
    "halt",
    "halting",
    "hang",
    "hanging",
    "hangnail",
    "hath",
    "hatha",
    "hating",
    "hiatal",
    "high",
    "highlight",
    "highlighting",
    "hightail",
    "hightailing",
    "hill",
    "hilling",
    "hilt",
    "hinging",
    "hint",
    "hinting",
    "hitting",
    "inhalant",
    "inhaling",
    "lath",
    "lathing",
    "light",
    "lighting",
    "lightning",
    "nigh",
    "night",
    "nightlight",
    "ninth",
    "tahini",
    "taillight",
    "than",
    "that",
    "thigh",
    "thin",
    "thing",
    "thinning",
    "tight",
    "tilth",
    "tithing"
  ],
  "meta": {
    "source_url": "https://www.sbsolver.com/s/2434",
    "fetched_at": "2025-11-05T23:32:30Z",
    "user_agent": "Scraper/1.0 (+)",
    "pool": null,
    "center": null
  }
}