{
  "id": "2435",
  "count": 47,
  "words": [
    "effete",
    "eminent",
    "emit",
    "enmity",
    "entente",
    "entity",
    "feet",
    "feint",
    "femininity",
    "fete",
    "fifteen",
    "fifty",
    "finite",
    "imminent",
    "infinite",
    "infinity",
    "intent",
    "item",
    "itty",
    "meet",
    "mentee",
    "mete",
    "mint",
    "minty",
    "mite",
    "mitt",
    "mitten",
    "netty",
    "nifty",
    "nineteen",
    "ninety",
    "nite",
    "teem",
    "teen",
    "teeny",
    "teff",
    "tenement",
    "tenet",
    "tent",
    "tiff",
    "time",
    "tine",
    "tinny",
    "tint",
    "tiny",
    "yente",
    "yeti"
  ],
  "meta": {
    "source_url": "https://www.sbsolver.com/s/2435",
    "fetched_at": "2025-11-05T23:32:35Z",
    "user_agent": "Scraper/1.0 (+)",
    "pool": null,
    "center": null
  }
}