{
  "id": "2436",
  "count": 41,
  "words": [
    "cede",
    "ceded",
    "cell",
    "celled",
    "cello",
    "clock",
    "clocked",
    "clod",
    "cock",
    "cocked",
    "cockle",
    "coddle",
    "coddled",
    "code",
    "coded",
    "coed",
    "coke",
    "cold",
    "coldcock",
    "coldcocked",
    "cooed",
    "cook",
    "cooked",
    "cool",
    "cooled",
    "cowed",
    "cowl",
    "deck",
    "decked",
    "deckle",
    "deco",
    "decode",
    "decoded",
    "dock",
    "docked",
    "lock",
    "locked",
    "loco",
    "locoweed",
    "wedlock",
    "woodcock"
  ],
  "meta": {
    "source_url": "https://www.sbsolver.com/s/2436",
    "fetched_at": "2025-11-05T23:32:39Z",
    "user_agent": "Scraper/1.0 (+)",
    "pool": null,
    "center": null
  }
}