{
  "id": "2437",
  "count": 52,
  "words": [
    "apart",
    "appall",
    "apparat",
    "armpit",
    "impair",
    "impala",
    "impart",
    "impartial",
    "lamp",
    "limp",
    "pail",
    "pair",
    "palapa",
    "palatal",
    "palatial",
    "pall",
    "palm",
    "palp",
    "pampa",
    "papa",
    "papal",
    "papilla",
    "part",
    "partial",
    "partita",
    "pill",
    "pillar",
    "pimp",
    "pipit",
    "pita",
    "pitapat",
    "plait",
    "plat",
    "pram",
    "prat",
    "prim",
    "primal",
    "primp",
    "ramp",
    "rampart",
    "rapt",
    "rattrap",
    "taillamp",
    "tamp",
    "tapa",
    "tapir",
    "tarp",
    "tilapia",
    "tipi",
    "tramp",
    "trap",
    "trip"
  ],
  "meta": {
    "source_url": "https://www.sbsolver.com/s/2437",
    "fetched_at": "2025-11-05T23:32:43Z",
    "user_agent": "Scraper/1.0 (+)",
    "pool": null,
    "center": null
  }
}