{
  "id": "2438",
  "count": 55,
  "words": [
    "added",
    "addend",
    "addenda",
    "aeon",
    "ahead",
    "anode",
    "dead",
    "deaden",
    "deadened",
    "deadhead",
    "deadheaded",
    "deaf",
    "deafen",
    "deafened",
    "dean",
    "deed",
    "deeded",
    "defend",
    "defended",
    "doffed",
    "done",
    "donee",
    "donned",
    "ended",
    "ennead",
    "fade",
    "faded",
    "fanned",
    "feed",
    "fend",
    "fended",
    "handed",
    "head",
    "headed",
    "heed",
    "heeded",
    "henna",
    "hennaed",
    "hoed",
    "hone",
    "honed",
    "hooded",
    "hoofed",
    "need",
    "needed",
    "nene",
    "neon",
    "nodded",
    "node",
    "none",
    "odeon",
    "offed",
    "offend",
    "offended",
    "offhanded"
  ],
  "meta": {
    "source_url": "https://www.sbsolver.com/s/2438",
    "fetched_at": "2025-11-05T23:32:47Z",
    "user_agent": "Scraper/1.0 (+)",
    "pool": null,
    "center": null
  }
}