{
  "id": "2439",
  "count": 34,
  "words": [
    "ilium",
    "illy",
    "imply",
    "lilt",
    "lily",
    "limit",
    "limp",
    "limply",
    "lippy",
    "lull",
    "lulu",
    "lump",
    "lumpy",
    "mill",
    "mull",
    "multiply",
    "pill",
    "pimply",
    "plum",
    "plummy",
    "plump",
    "puli",
    "pull",
    "pulp",
    "pulpit",
    "pulpy",
    "pupil",
    "till",
    "tilt",
    "tulip",
    "tumult",
    "uplit",
    "uptilt",
    "utility"
  ],
  "meta": {
    "source_url": "https://www.sbsolver.com/s/2439",
    "fetched_at": "2025-11-05T23:32:50Z",
    "user_agent": "Scraper/1.0 (+)",
    "pool": null,
    "center": null
  }
}