{
  "id": "2440",
  "count": 34,
  "words": [
    "ardor",
    "armada",
    "damp",
    "dodo",
    "doodad",
    "doom",
    "door",
    "dorado",
    "dorm",
    "dour",
    "dram",
    "drama",
    "droop",
    "drop",
    "drum",
    "dumdum",
    "dump",
    "durum",
    "madam",
    "maraud",
    "mood",
    "mudroom",
    "odor",
    "paradrop",
    "pompadour",
    "prod",
    "proud",
    "radar",
    "ramada",
    "ramrod",
    "road",
    "roadmap",
    "rood",
    "updo"
  ],
  "meta": {
    "source_url": "https://www.sbsolver.com/s/2440",
    "fetched_at": "2025-11-05T23:32:53Z",
    "user_agent": "Scraper/1.0 (+)",
    "pool": null,
    "center": null
  }
}