{
  "id": "2441",
  "count": 64,
  "words": [
    "antarctic",
    "anti",
    "antic",
    "anticipant",
    "apian",
    "arancini",
    "arcana",
    "arnica",
    "arrant",
    "attain",
    "attractant",
    "cairn",
    "cancan",
    "canna",
    "cant",
    "cantata",
    "cantina",
    "captain",
    "catnap",
    "catnip",
    "crania",
    "inapt",
    "incant",
    "intact",
    "irritant",
    "naan",
    "nana",
    "narc",
    "natant",
    "niacin",
    "nitric",
    "pain",
    "paint",
    "panic",
    "panini",
    "pant",
    "participant",
    "patina",
    "patrician",
    "picnic",
    "pinata",
    "pint",
    "pippin",
    "print",
    "rain",
    "rani",
    "rant",
    "rapini",
    "rattan",
    "ricin",
    "riparian",
    "tactician",
    "taint",
    "tannic",
    "tannin",
    "tantara",
    "tantra",
    "tantric",
    "tartan",
    "tinct",
    "tint",
    "titan",
    "titanic",
    "train"
  ],
  "meta": {
    "source_url": "https://www.sbsolver.com/s/2441",
    "fetched_at": "2025-11-05T23:32:56Z",
    "user_agent": "Scraper/1.0 (+)",
    "pool": null,
    "center": null
  }
}