{
  "id": "2442",
  "count": 28,
  "words": [
    "aback",
    "abbot",
    "attack",
    "baba",
    "babka",
    "back",
    "baobab",
    "boat",
    "boba",
    "bobcat",
    "bootjack",
    "cacao",
    "coat",
    "coca",
    "cockatoo",
    "cocoa",
    "jabot",
    "jack",
    "jackboot",
    "jojoba",
    "kabob",
    "taboo",
    "tack",
    "taco",
    "tact",
    "tattoo",
    "tobacco",
    "toccata"
  ],
  "meta": {
    "source_url": "https://www.sbsolver.com/s/2442",
    "fetched_at": "2025-11-05T23:33:00Z",
    "user_agent": "Scraper/1.0 (+)",
    "pool": null,
    "center": null
  }
}