{
  "id": "2443",
  "count": 52,
  "words": [
    "alit",
    "anal",
    "animal",
    "annal",
    "atilt",
    "dalmatian",
    "dial",
    "dill",
    "initial",
    "inlaid",
    "inland",
    "laid",
    "lain",
    "lama",
    "lamina",
    "laminal",
    "lanai",
    "land",
    "lantana",
    "lilt",
    "lima",
    "liminal",
    "limit",
    "limn",
    "lint",
    "llama",
    "mail",
    "mailman",
    "mainland",
    "mall",
    "malt",
    "mammal",
    "mammalian",
    "mandala",
    "manila",
    "mantilla",
    "midland",
    "mild",
    "militant",
    "militia",
    "militiaman",
    "mill",
    "minimal",
    "nail",
    "natal",
    "tail",
    "tali",
    "tall",
    "tallit",
    "tidal",
    "till",
    "tilt"
  ],
  "meta": {
    "source_url": "https://www.sbsolver.com/s/2443",
    "fetched_at": "2025-11-05T23:33:03Z",
    "user_agent": "Scraper/1.0 (+)",
    "pool": null,
    "center": null
  }
}