{
  "id": "2444",
  "count": 34,
  "words": [
    "deputize",
    "deputized",
    "died",
    "diet",
    "dieted",
    "dipped",
    "ditz",
    "dizzied",
    "eddied",
    "edit",
    "edited",
    "peptide",
    "petit",
    "petite",
    "pied",
    "pipe",
    "piped",
    "pipet",
    "pipette",
    "pipit",
    "pitied",
    "pitted",
    "puttied",
    "tepid",
    "tide",
    "tided",
    "tidied",
    "tied",
    "tipi",
    "tipped",
    "tippet",
    "tutti",
    "zipped",
    "ziti"
  ],
  "meta": {
    "source_url": "https://www.sbsolver.com/s/2444",
    "fetched_at": "2025-11-05T23:33:06Z",
    "user_agent": "Scraper/1.0 (+)",
    "pool": null,
    "center": null
  }
}