{
  "id": "2445",
  "count": 57,
  "words": [
    "abbot",
    "ably",
    "attaboy",
    "baba",
    "baboon",
    "baby",
    "ball",
    "ballboy",
    "balloon",
    "ballot",
    "banal",
    "banally",
    "banana",
    "banyan",
    "baobab",
    "batboy",
    "baton",
    "batty",
    "blab",
    "blabby",
    "blat",
    "blatant",
    "blatantly",
    "bloat",
    "blob",
    "blobby",
    "blot",
    "blotto",
    "boat",
    "boba",
    "bola",
    "boll",
    "bolo",
    "bolt",
    "bonbon",
    "bonny",
    "bonobo",
    "bony",
    "boob",
    "booboo",
    "booby",
    "boon",
    "boot",
    "booty",
    "botany",
    "lobby",
    "loblolly",
    "lobo",
    "nabob",
    "nanobot",
    "nobly",
    "noob",
    "notably",
    "tabby",
    "tabla",
    "taboo",
    "tallboy"
  ],
  "meta": {
    "source_url": "https://www.sbsolver.com/s/2445",
    "fetched_at": "2025-11-05T23:33:10Z",
    "user_agent": "Scraper/1.0 (+)",
    "pool": null,
    "center": null
  }
}