{
  "id": "2446",
  "count": 54,
  "words": [
    "cent",
    "client",
    "clientele",
    "clinic",
    "efficient",
    "elfin",
    "entente",
    "entice",
    "entitle",
    "feint",
    "feline",
    "fence",
    "fennel",
    "fifteen",
    "fine",
    "finite",
    "flint",
    "incite",
    "incline",
    "inefficient",
    "infect",
    "infill",
    "infinite",
    "inflect",
    "inflict",
    "inlet",
    "innie",
    "intel",
    "intellect",
    "intent",
    "lenience",
    "lenient",
    "lent",
    "lentil",
    "lien",
    "lifeline",
    "line",
    "linen",
    "linnet",
    "lint",
    "lintel",
    "nene",
    "nettle",
    "nice",
    "niece",
    "nine",
    "nineteen",
    "nite",
    "teen",
    "tenet",
    "tent",
    "tinct",
    "tine",
    "tint"
  ],
  "meta": {
    "source_url": "https://www.sbsolver.com/s/2446",
    "fetched_at": "2025-11-05T23:33:13Z",
    "user_agent": "Scraper/1.0 (+)",
    "pool": null,
    "center": null
  }
}