{
  "id": "2447",
  "count": 30,
  "words": [
    "ahead",
    "ahem",
    "aleph",
    "alpha",
    "deadhead",
    "deadheaded",
    "halal",
    "hale",
    "hall",
    "hammed",
    "head",
    "headed",
    "headlamp",
    "heal",
    "healed",
    "heap",
    "heaped",
    "heed",
    "heeded",
    "heel",
    "heeled",
    "held",
    "hell",
    "helm",
    "helmed",
    "help",
    "helped",
    "heme",
    "hemmed",
    "hemp"
  ],
  "meta": {
    "source_url": "https://www.sbsolver.com/s/2447",
    "fetched_at": "2025-11-05T23:33:16Z",
    "user_agent": "Scraper/1.0 (+)",
    "pool": null,
    "center": null
  }
}