{
  "id": "2448",
  "count": 50,
  "words": [
    "emote",
    "etymology",
    "gemology",
    "geology",
    "glom",
    "gloom",
    "gloomy",
    "goggle",
    "goggly",
    "golem",
    "golly",
    "gooey",
    "google",
    "googly",
    "googol",
    "loge",
    "logo",
    "logy",
    "loll",
    "loom",
    "loot",
    "lotto",
    "memo",
    "mole",
    "moll",
    "molly",
    "molt",
    "mommy",
    "moot",
    "mote",
    "motel",
    "motet",
    "motley",
    "mottle",
    "motto",
    "ogee",
    "ogle",
    "oleo",
    "omelet",
    "omelette",
    "otology",
    "teleology",
    "toggle",
    "toll",
    "tome",
    "tool",
    "toot",
    "tootle",
    "tote",
    "totem"
  ],
  "meta": {
    "source_url": "https://www.sbsolver.com/s/2448",
    "fetched_at": "2025-11-05T23:33:23Z",
    "user_agent": "Scraper/1.0 (+)",
    "pool": null,
    "center": null
  }
}