{
  "id": "2449",
  "count": 46,
  "words": [
    "acacia",
    "acai",
    "acid",
    "acidic",
    "addict",
    "alit",
    "atilt",
    "attic",
    "await",
    "cacti",
    "cattail",
    "cicada",
    "cilia",
    "dial",
    "dicta",
    "didact",
    "didactic",
    "dill",
    "iliac",
    "illicit",
    "italic",
    "lactic",
    "laic",
    "laical",
    "laid",
    "licit",
    "lilac",
    "lilt",
    "tacit",
    "tactic",
    "tactical",
    "tail",
    "tali",
    "tallit",
    "tidal",
    "till",
    "tilt",
    "twilit",
    "twill",
    "twit",
    "wail",
    "wait",
    "wild",
    "wildcat",
    "will",
    "wilt"
  ],
  "meta": {
    "source_url": "https://www.sbsolver.com/s/2449",
    "fetched_at": "2025-11-05T23:33:27Z",
    "user_agent": "Scraper/1.0 (+)",
    "pool": null,
    "center": null
  }
}