{
  "id": "2450",
  "count": 35,
  "words": [
    "alfalfa",
    "fail",
    "failing",
    "fall",
    "falling",
    "fang",
    "fanning",
    "fifing",
    "filial",
    "filing",
    "fill",
    "filling",
    "fillip",
    "finagling",
    "final",
    "finial",
    "fining",
    "flag",
    "flagging",
    "flail",
    "flailing",
    "flan",
    "flanging",
    "flap",
    "flapping",
    "fling",
    "flinging",
    "flip",
    "flipping",
    "gaff",
    "infill",
    "infilling",
    "naif",
    "piffling",
    "pilaf"
  ],
  "meta": {
    "source_url": "https://www.sbsolver.com/s/2450",
    "fetched_at": "2025-11-05T23:33:32Z",
    "user_agent": "Scraper/1.0 (+)",
    "pool": null,
    "center": null
  }
}