{
  "id": "2451",
  "count": 64,
  "words": [
    "cent",
    "cite",
    "conceit",
    "concoct",
    "concoction",
    "connect",
    "connection",
    "connote",
    "content",
    "contention",
    "context",
    "continence",
    "continent",
    "coot",
    "cootie",
    "cote",
    "cotton",
    "ecotone",
    "entente",
    "entice",
    "excite",
    "exit",
    "exotic",
    "extent",
    "extinct",
    "extinction",
    "incite",
    "incontinence",
    "incontinent",
    "innocent",
    "intent",
    "intention",
    "into",
    "intone",
    "next",
    "nicotine",
    "nineteen",
    "nite",
    "nonet",
    "nontoxic",
    "note",
    "notice",
    "notion",
    "octet",
    "onto",
    "tectonic",
    "teen",
    "tenet",
    "tenon",
    "tent",
    "text",
    "tinct",
    "tine",
    "tint",
    "tone",
    "tonic",
    "tonne",
    "tontine",
    "toon",
    "toonie",
    "toot",
    "tote",
    "toxic",
    "toxin"
  ],
  "meta": {
    "source_url": "https://www.sbsolver.com/s/2451",
    "fetched_at": "2025-11-05T23:33:38Z",
    "user_agent": "Scraper/1.0 (+)",
    "pool": null,
    "center": null
  }
}