{
  "id": "2452",
  "count": 36,
  "words": [
    "belie",
    "bell",
    "belle",
    "bible",
    "bike",
    "bile",
    "biome",
    "bloke",
    "bobble",
    "bombe",
    "bookie",
    "bookmobile",
    "emblem",
    "imbibe",
    "immobile",
    "keel",
    "kibble",
    "leek",
    "libel",
    "libelee",
    "like",
    "lime",
    "lobe",
    "meek",
    "melee",
    "meme",
    "memo",
    "mike",
    "mile",
    "mime",
    "mimeo",
    "mobile",
    "mole",
    "oboe",
    "oleo",
    "ollie"
  ],
  "meta": {
    "source_url": "https://www.sbsolver.com/s/2452",
    "fetched_at": "2025-11-05T23:33:44Z",
    "user_agent": "Scraper/1.0 (+)",
    "pool": null,
    "center": null
  }
}