{
  "id": "2453",
  "count": 66,
  "words": [
    "acorn",
    "actor",
    "arcana",
    "arco",
    "attract",
    "attractant",
    "attractor",
    "cacao",
    "canary",
    "cancan",
    "canna",
    "cannon",
    "cannot",
    "canny",
    "canon",
    "cant",
    "cantata",
    "canton",
    "cantor",
    "canyon",
    "carat",
    "carny",
    "carrot",
    "carry",
    "cart",
    "carton",
    "cartoon",
    "cataract",
    "catty",
    "coat",
    "coca",
    "cocoa",
    "cocoon",
    "concoct",
    "contact",
    "contort",
    "contract",
    "contractor",
    "contrary",
    "coot",
    "corn",
    "corny",
    "corona",
    "coronary",
    "cotton",
    "cottony",
    "cranny",
    "crayon",
    "croc",
    "crony",
    "croon",
    "cyan",
    "narc",
    "narco",
    "octant",
    "orca",
    "raccoon",
    "racy",
    "rancor",
    "rococo",
    "taco",
    "tact",
    "toccata",
    "tract",
    "tractor",
    "tycoon"
  ],
  "meta": {
    "source_url": "https://www.sbsolver.com/s/2453",
    "fetched_at": "2025-11-05T23:33:48Z",
    "user_agent": "Scraper/1.0 (+)",
    "pool": null,
    "center": null
  }
}