{
  "id": "2454",
  "count": 31,
  "words": [
    "agita",
    "agitate",
    "eight",
    "eighth",
    "eightieth",
    "emit",
    "gait",
    "gimme",
    "height",
    "hematite",
    "high",
    "image",
    "imam",
    "imitate",
    "item",
    "magi",
    "mahimahi",
    "maim",
    "megahit",
    "might",
    "mime",
    "mite",
    "mitigate",
    "mitt",
    "taiga",
    "tatami",
    "teatime",
    "thigh",
    "tight",
    "time",
    "tithe"
  ],
  "meta": {
    "source_url": "https://www.sbsolver.com/s/2454",
    "fetched_at": "2025-11-05T23:33:52Z",
    "user_agent": "Scraper/1.0 (+)",
    "pool": null,
    "center": null
  }
}