{
  "id": "2455",
  "count": 51,
  "words": [
    "entente",
    "eyeteeth",
    "eyetooth",
    "honeypot",
    "hoot",
    "hotpot",
    "neophyte",
    "nepenthe",
    "netty",
    "nonet",
    "note",
    "onto",
    "opponent",
    "pent",
    "petty",
    "peyote",
    "phenotype",
    "photo",
    "photon",
    "poet",
    "pontoon",
    "poppet",
    "potent",
    "potty",
    "python",
    "teen",
    "teeny",
    "teepee",
    "teeth",
    "teethe",
    "tenet",
    "tenon",
    "tent",
    "tenth",
    "tepee",
    "thee",
    "then",
    "they",
    "tone",
    "tonne",
    "tony",
    "toon",
    "toot",
    "tooth",
    "toothy",
    "tope",
    "tote",
    "type",
    "typhoon",
    "typo",
    "yente"
  ],
  "meta": {
    "source_url": "https://www.sbsolver.com/s/2455",
    "fetched_at": "2025-11-05T23:33:56Z",
    "user_agent": "Scraper/1.0 (+)",
    "pool": null,
    "center": null
  }
}