{
  "id": "2456",
  "count": 27,
  "words": [
    "ache",
    "achy",
    "beach",
    "beachy",
    "beech",
    "belch",
    "bellyache",
    "blah",
    "bleach",
    "blech",
    "cache",
    "challah",
    "each",
    "halal",
    "hale",
    "hall",
    "heal",
    "healable",
    "heel",
    "hell",
    "leach",
    "lech",
    "leech",
    "lychee",
    "yeah",
    "yecch",
    "yech"
  ],
  "meta": {
    "source_url": "https://www.sbsolver.com/s/2456",
    "fetched_at": "2025-11-05T23:34:03Z",
    "user_agent": "Scraper/1.0 (+)",
    "pool": null,
    "center": null
  }
}