{
  "id": "2457",
  "count": 46,
  "words": [
    "abloom",
    "aboil",
    "aioli",
    "alibi",
    "ammo",
    "axial",
    "axilla",
    "axiom",
    "baba",
    "bail",
    "ball",
    "balm",
    "bamboo",
    "baobab",
    "biaxial",
    "bilabial",
    "blab",
    "blam",
    "boba",
    "bola",
    "iamb",
    "iambi",
    "imam",
    "labia",
    "labial",
    "lama",
    "lamb",
    "lima",
    "llama",
    "loam",
    "mail",
    "mailbox",
    "maim",
    "mall",
    "mama",
    "mamba",
    "mambo",
    "mamma",
    "mammal",
    "maxi",
    "maxilla",
    "maxim",
    "maxima",
    "maximal",
    "momma",
    "moola"
  ],
  "meta": {
    "source_url": "https://www.sbsolver.com/s/2457",
    "fetched_at": "2025-11-05T23:34:07Z",
    "user_agent": "Scraper/1.0 (+)",
    "pool": null,
    "center": null
  }
}