{
  "id": "2458",
  "count": 46,
  "words": [
    "alcove",
    "calve",
    "cava",
    "cave",
    "clave",
    "cleave",
    "clove",
    "cloven",
    "coevolve",
    "concave",
    "conclave",
    "convene",
    "covalence",
    "cove",
    "coven",
    "eave",
    "eleven",
    "enclave",
    "even",
    "evolve",
    "lava",
    "lave",
    "leave",
    "leaven",
    "levee",
    "level",
    "love",
    "naval",
    "nave",
    "navel",
    "nova",
    "novae",
    "novel",
    "novella",
    "oval",
    "oven",
    "valance",
    "vale",
    "valence",
    "valve",
    "vane",
    "veal",
    "venal",
    "vocal",
    "volcano",
    "vole"
  ],
  "meta": {
    "source_url": "https://www.sbsolver.com/s/2458",
    "fetched_at": "2025-11-05T23:34:11Z",
    "user_agent": "Scraper/1.0 (+)",
    "pool": null,
    "center": null
  }
}