{
  "id": "2459",
  "count": 25,
  "words": [
    "diddling",
    "digging",
    "ding",
    "dinging",
    "dingy",
    "dining",
    "dizzying",
    "dizzyingly",
    "dying",
    "gigging",
    "giggling",
    "gilding",
    "gilling",
    "ginning",
    "gliding",
    "idling",
    "inning",
    "lining",
    "lying",
    "niggling",
    "ninny",
    "zigging",
    "zing",
    "zinging",
    "zingy"
  ],
  "meta": {
    "source_url": "https://www.sbsolver.com/s/2459",
    "fetched_at": "2025-11-05T23:34:15Z",
    "user_agent": "Scraper/1.0 (+)",
    "pool": null,
    "center": null
  }
}