{
  "id": "2460",
  "count": 59,
  "words": [
    "addition",
    "additional",
    "aioli",
    "alit",
    "anion",
    "annotation",
    "anoint",
    "anti",
    "atilt",
    "attain",
    "dial",
    "dilation",
    "dildo",
    "dill",
    "dino",
    "dint",
    "ditto",
    "donation",
    "idiot",
    "idol",
    "initial",
    "initiation",
    "inlaid",
    "inland",
    "into",
    "intonation",
    "iota",
    "laid",
    "lain",
    "lanai",
    "lanolin",
    "lilt",
    "lint",
    "lion",
    "loin",
    "lotion",
    "naiad",
    "nail",
    "nation",
    "national",
    "nonillion",
    "notation",
    "notational",
    "notion",
    "notional",
    "olio",
    "onion",
    "tail",
    "taint",
    "tali",
    "tallit",
    "tannin",
    "tidal",
    "till",
    "tilt",
    "tint",
    "titan",
    "titillation",
    "toil"
  ],
  "meta": {
    "source_url": "https://www.sbsolver.com/s/2460",
    "fetched_at": "2025-11-05T23:34:19Z",
    "user_agent": "Scraper/1.0 (+)",
    "pool": null,
    "center": null
  }
}