{
  "id": "2461",
  "count": 42,
  "words": [
    "befoul",
    "blob",
    "blot",
    "blotto",
    "bluebottle",
    "bobble",
    "boffo",
    "boll",
    "bolo",
    "bolt",
    "boob",
    "booboo",
    "boot",
    "bootee",
    "bottle",
    "bottleful",
    "boule",
    "bout",
    "etouffee",
    "floe",
    "flout",
    "fool",
    "foot",
    "foul",
    "lobe",
    "lobo",
    "loft",
    "loll",
    "loot",
    "lotto",
    "lout",
    "oboe",
    "oleo",
    "outlet",
    "toffee",
    "tofu",
    "toll",
    "tool",
    "toot",
    "tootle",
    "tote",
    "tout"
  ],
  "meta": {
    "source_url": "https://www.sbsolver.com/s/2461",
    "fetched_at": "2025-11-05T23:34:22Z",
    "user_agent": "Scraper/1.0 (+)",
    "pool": null,
    "center": null
  }
}