{
  "id": "2462",
  "count": 36,
  "words": [
    "arguing",
    "augur",
    "auguring",
    "aura",
    "drug",
    "drugging",
    "druid",
    "dung",
    "dunning",
    "durag",
    "durian",
    "during",
    "gauging",
    "grudging",
    "guar",
    "guard",
    "guardian",
    "guarding",
    "guiding",
    "gunning",
    "guru",
    "iguana",
    "inuring",
    "inurn",
    "inurning",
    "nudging",
    "ragu",
    "ruin",
    "ruing",
    "ruining",
    "rung",
    "running",
    "undid",
    "unrig",
    "unrigging",
    "urging"
  ],
  "meta": {
    "source_url": "https://www.sbsolver.com/s/2462",
    "fetched_at": "2025-11-05T23:34:27Z",
    "user_agent": "Scraper/1.0 (+)",
    "pool": null,
    "center": null
  }
}