{
  "id": "2463",
  "count": 49,
  "words": [
    "denied",
    "deny",
    "devein",
    "deveined",
    "dine",
    "dined",
    "dividend",
    "divine",
    "divined",
    "divinely",
    "dyne",
    "eleven",
    "ended",
    "endive",
    "enliven",
    "enlivened",
    "envied",
    "envy",
    "even",
    "evened",
    "evenly",
    "indeed",
    "indie",
    "innie",
    "lend",
    "lien",
    "line",
    "lined",
    "linen",
    "liven",
    "livened",
    "need",
    "needed",
    "needily",
    "needle",
    "needled",
    "needy",
    "nene",
    "nine",
    "ninny",
    "vein",
    "veined",
    "veiny",
    "vend",
    "vended",
    "vine",
    "viny",
    "vinyl",
    "yenned"
  ],
  "meta": {
    "source_url": "https://www.sbsolver.com/s/2463",
    "fetched_at": "2025-11-05T23:34:31Z",
    "user_agent": "Scraper/1.0 (+)",
    "pool": null,
    "center": null
  }
}