{
  "id": "2464",
  "count": 46,
  "words": [
    "alfa",
    "alfalfa",
    "effete",
    "falafel",
    "fall",
    "fatal",
    "fate",
    "fateful",
    "fault",
    "feat",
    "feel",
    "feet",
    "fell",
    "fella",
    "fellate",
    "felt",
    "feta",
    "fetal",
    "fete",
    "fettle",
    "flat",
    "flatfeet",
    "flauta",
    "flea",
    "flee",
    "fleet",
    "flue",
    "fluff",
    "flute",
    "fuel",
    "full",
    "haft",
    "half",
    "hateful",
    "healthful",
    "heft",
    "huff",
    "leaf",
    "leaflet",
    "left",
    "luff",
    "taffeta",
    "teff",
    "theft",
    "tuffet",
    "tuft"
  ],
  "meta": {
    "source_url": "https://www.sbsolver.com/s/2464",
    "fetched_at": "2025-11-05T23:34:36Z",
    "user_agent": "Scraper/1.0 (+)",
    "pool": null,
    "center": null
  }
}