{
  "id": "2465",
  "count": 59,
  "words": [
    "anion",
    "annotation",
    "anoint",
    "anti",
    "aria",
    "atria",
    "attain",
    "attrition",
    "initiation",
    "initiator",
    "into",
    "intonation",
    "intro",
    "iota",
    "iron",
    "irritant",
    "irritation",
    "janitor",
    "jinn",
    "jinni",
    "join",
    "joint",
    "narration",
    "nation",
    "ninja",
    "nitro",
    "noir",
    "nori",
    "notation",
    "notion",
    "onion",
    "oration",
    "oratorio",
    "rain",
    "raita",
    "rani",
    "ratio",
    "ration",
    "rioja",
    "riot",
    "rotation",
    "roti",
    "rotini",
    "taint",
    "tannin",
    "tarnation",
    "tiara",
    "tint",
    "titan",
    "titration",
    "tori",
    "torii",
    "tortoni",
    "train",
    "trait",
    "traitor",
    "trattoria",
    "trio",
    "triton"
  ],
  "meta": {
    "source_url": "https://www.sbsolver.com/s/2465",
    "fetched_at": "2025-11-05T23:34:42Z",
    "user_agent": "Scraper/1.0 (+)",
    "pool": null,
    "center": null
  }
}