{
  "id": "2466",
  "count": 45,
  "words": [
    "acacia",
    "academe",
    "academia",
    "academic",
    "academy",
    "acai",
    "accede",
    "acceded",
    "aced",
    "acid",
    "acidic",
    "acidy",
    "acme",
    "caddie",
    "caddied",
    "caddy",
    "came",
    "cami",
    "cede",
    "ceded",
    "cicada",
    "decade",
    "decay",
    "decayed",
    "decide",
    "decided",
    "deice",
    "deiced",
    "deicide",
    "dice",
    "diced",
    "dicey",
    "emcee",
    "emceed",
    "iced",
    "immediacy",
    "macadam",
    "macadamia",
    "mace",
    "maced",
    "mecca",
    "medic",
    "mica",
    "mice",
    "mimic"
  ],
  "meta": {
    "source_url": "https://www.sbsolver.com/s/2466",
    "fetched_at": "2025-11-05T23:34:48Z",
    "user_agent": "Scraper/1.0 (+)",
    "pool": null,
    "center": null
  }
}