{
  "id": "2467",
  "count": 41,
  "words": [
    "ennui",
    "equine",
    "etiquette",
    "genuine",
    "gigue",
    "gunning",
    "gutting",
    "ingenue",
    "intuit",
    "intuiting",
    "netiquette",
    "nugget",
    "queen",
    "queening",
    "queue",
    "queueing",
    "queuing",
    "quiet",
    "quieting",
    "quinine",
    "quint",
    "quintet",
    "quit",
    "quite",
    "quitting",
    "tugging",
    "tune",
    "tuning",
    "tutee",
    "tutti",
    "tutting",
    "tutu",
    "unguent",
    "unique",
    "unit",
    "unite",
    "uniting",
    "unquiet",
    "untie",
    "untune",
    "untuning"
  ],
  "meta": {
    "source_url": "https://www.sbsolver.com/s/2467",
    "fetched_at": "2025-11-05T23:34:51Z",
    "user_agent": "Scraper/1.0 (+)",
    "pool": null,
    "center": null
  }
}