{
  "id": "2468",
  "count": 39,
  "words": [
    "anal",
    "anarchical",
    "annal",
    "aril",
    "call",
    "calla",
    "canal",
    "carnal",
    "challah",
    "chili",
    "chill",
    "chinchilla",
    "cilia",
    "clan",
    "clinch",
    "clinic",
    "clinical",
    "clinician",
    "cranial",
    "hail",
    "halal",
    "hall",
    "hill",
    "iliac",
    "laic",
    "laical",
    "lain",
    "lair",
    "lanai",
    "larch",
    "liar",
    "lilac",
    "lira",
    "nail",
    "racial",
    "rail",
    "railcar",
    "rial",
    "rill"
  ],
  "meta": {
    "source_url": "https://www.sbsolver.com/s/2468",
    "fetched_at": "2025-11-05T23:34:55Z",
    "user_agent": "Scraper/1.0 (+)",
    "pool": null,
    "center": null
  }
}