{
  "id": "2469",
  "count": 71,
  "words": [
    "aflame",
    "amen",
    "anemia",
    "anima",
    "animal",
    "anime",
    "email",
    "enamel",
    "enema",
    "fame",
    "familial",
    "famine",
    "female",
    "feminine",
    "femme",
    "filename",
    "film",
    "flame",
    "flimflam",
    "imam",
    "inflame",
    "lama",
    "lame",
    "lamina",
    "laminae",
    "laminal",
    "lemma",
    "lima",
    "lime",
    "liminal",
    "limn",
    "lineman",
    "linemen",
    "llama",
    "mafia",
    "mail",
    "mailman",
    "mailmen",
    "maim",
    "main",
    "mainline",
    "male",
    "mall",
    "mama",
    "mamma",
    "mammal",
    "mammalian",
    "mane",
    "mania",
    "manila",
    "manna",
    "meal",
    "mean",
    "meanie",
    "melanin",
    "melee",
    "meme",
    "menial",
    "mien",
    "miff",
    "mile",
    "mill",
    "millennia",
    "millennial",
    "mime",
    "mine",
    "mini",
    "minim",
    "minima",
    "minimal",
    "name"
  ],
  "meta": {
    "source_url": "https://www.sbsolver.com/s/2469",
    "fetched_at": "2025-11-05T23:35:00Z",
    "user_agent": "Scraper/1.0 (+)",
    "pool": null,
    "center": null
  }
}