{
  "id": "2470",
  "count": 41,
  "words": [
    "chute",
    "clutch",
    "clutched",
    "cult",
    "cute",
    "cutlet",
    "cuttle",
    "deduct",
    "deducted",
    "delete",
    "deleted",
    "delt",
    "detect",
    "detected",
    "duct",
    "ducted",
    "duet",
    "duetted",
    "dulcet",
    "elect",
    "elected",
    "electee",
    "etch",
    "etched",
    "etude",
    "hutch",
    "lettuce",
    "lute",
    "tech",
    "teed",
    "teeth",
    "teethe",
    "teethed",
    "tell",
    "thee",
    "thud",
    "thudded",
    "tulle",
    "tutee",
    "tutted",
    "tutu"
  ],
  "meta": {
    "source_url": "https://www.sbsolver.com/s/2470",
    "fetched_at": "2025-11-05T23:35:04Z",
    "user_agent": "Scraper/1.0 (+)",
    "pool": null,
    "center": null
  }
}