{
  "id": "2471",
  "count": 29,
  "words": [
    "anon",
    "auto",
    "dodo",
    "donut",
    "doodad",
    "doth",
    "dunno",
    "handout",
    "hood",
    "hoodoo",
    "hoot",
    "hound",
    "noon",
    "noun",
    "nunhood",
    "oath",
    "onto",
    "outdo",
    "tattoo",
    "thou",
    "toad",
    "toon",
    "toot",
    "tooth",
    "tout",
    "udon",
    "undo",
    "unhood",
    "unto"
  ],
  "meta": {
    "source_url": "https://www.sbsolver.com/s/2471",
    "fetched_at": "2025-11-05T23:35:10Z",
    "user_agent": "Scraper/1.0 (+)",
    "pool": null,
    "center": null
  }
}