{
  "id": "2472",
  "count": 61,
  "words": [
    "ante",
    "antenna",
    "antennae",
    "attempt",
    "eaten",
    "emanate",
    "empty",
    "entente",
    "manatee",
    "manta",
    "mate",
    "matey",
    "matte",
    "meant",
    "meat",
    "meaty",
    "meet",
    "mentee",
    "meta",
    "mete",
    "nametape",
    "natant",
    "natty",
    "neat",
    "neaten",
    "netty",
    "pant",
    "panty",
    "pate",
    "patent",
    "patentee",
    "patty",
    "payment",
    "peat",
    "peaty",
    "pennant",
    "pent",
    "pentane",
    "petty",
    "tame",
    "tamp",
    "tapa",
    "tape",
    "tatty",
    "team",
    "teammate",
    "teat",
    "teem",
    "teen",
    "teeny",
    "teepee",
    "temp",
    "tempt",
    "tenant",
    "tenement",
    "tenet",
    "tent",
    "tepee",
    "type",
    "yenta",
    "yente"
  ],
  "meta": {
    "source_url": "https://www.sbsolver.com/s/2472",
    "fetched_at": "2025-11-05T23:35:14Z",
    "user_agent": "Scraper/1.0 (+)",
    "pool": null,
    "center": null
  }
}