{
  "id": "2473",
  "count": 44,
  "words": [
    "athlete",
    "baht",
    "bath",
    "bathe",
    "biathlete",
    "blah",
    "blithe",
    "habit",
    "habitable",
    "habitat",
    "hail",
    "halal",
    "hale",
    "halite",
    "hall",
    "halt",
    "hate",
    "hateable",
    "hath",
    "hatha",
    "heal",
    "healable",
    "health",
    "heat",
    "heatable",
    "heath",
    "heel",
    "hell",
    "hiatal",
    "hill",
    "hilt",
    "hittable",
    "lath",
    "lathe",
    "lethal",
    "lithe",
    "teeth",
    "teethe",
    "telehealth",
    "that",
    "thee",
    "theta",
    "tilth",
    "tithe"
  ],
  "meta": {
    "source_url": "https://www.sbsolver.com/s/2473",
    "fetched_at": "2025-11-05T23:35:17Z",
    "user_agent": "Scraper/1.0 (+)",
    "pool": null,
    "center": null
  }
}