{
  "id": "2474",
  "count": 41,
  "words": [
    "cell",
    "celli",
    "cello",
    "clone",
    "colleen",
    "collie",
    "colonel",
    "cone",
    "excel",
    "excellence",
    "exec",
    "exile",
    "icicle",
    "incline",
    "innie",
    "innocence",
    "lenience",
    "leonine",
    "lexicon",
    "lice",
    "lien",
    "line",
    "linen",
    "lone",
    "loonie",
    "nene",
    "neocon",
    "neon",
    "nice",
    "niece",
    "nine",
    "noel",
    "nonce",
    "none",
    "oleic",
    "oleo",
    "ollie",
    "once",
    "online",
    "oxen",
    "xenon"
  ],
  "meta": {
    "source_url": "https://www.sbsolver.com/s/2474",
    "fetched_at": "2025-11-05T23:35:21Z",
    "user_agent": "Scraper/1.0 (+)",
    "pool": null,
    "center": null
  }
}