{
  "id": "2475",
  "count": 29,
  "words": [
    "airball",
    "alibi",
    "baba",
    "bail",
    "bald",
    "ball",
    "ballad",
    "barb",
    "bard",
    "bilabial",
    "bill",
    "billiard",
    "biradial",
    "bird",
    "birria",
    "blab",
    "brad",
    "braid",
    "briar",
    "bridal",
    "drab",
    "drib",
    "jailbird",
    "labia",
    "labial",
    "rabbi",
    "rabid",
    "railbird",
    "ribald"
  ],
  "meta": {
    "source_url": "https://www.sbsolver.com/s/2475",
    "fetched_at": "2025-11-05T23:35:25Z",
    "user_agent": "Scraper/1.0 (+)",
    "pool": null,
    "center": null
  }
}