{
  "id": "2476",
  "count": 56,
  "words": [
    "again",
    "agave",
    "ageing",
    "aging",
    "angina",
    "avenge",
    "avenging",
    "awing",
    "awning",
    "egging",
    "engage",
    "engaging",
    "engine",
    "evening",
    "gaga",
    "gage",
    "gagging",
    "gain",
    "gaining",
    "gang",
    "ganging",
    "gavage",
    "gave",
    "gene",
    "genie",
    "genii",
    "gewgaw",
    "gigging",
    "ginning",
    "give",
    "given",
    "giving",
    "gnaw",
    "gnawing",
    "inning",
    "nagging",
    "vagina",
    "vegan",
    "veggie",
    "vegging",
    "viewing",
    "wage",
    "wagging",
    "waging",
    "waiving",
    "waning",
    "waving",
    "weaning",
    "weaving",
    "wigging",
    "wigwag",
    "wigwagging",
    "wing",
    "winging",
    "wining",
    "winning"
  ],
  "meta": {
    "source_url": "https://www.sbsolver.com/s/2476",
    "fetched_at": "2025-11-05T23:35:29Z",
    "user_agent": "Scraper/1.0 (+)",
    "pool": null,
    "center": null
  }
}