{
  "id": "2477",
  "count": 36,
  "words": [
    "acid",
    "acidic",
    "acrid",
    "arachnid",
    "arcadia",
    "arcadian",
    "arid",
    "canard",
    "candid",
    "canid",
    "card",
    "cardiac",
    "chad",
    "chard",
    "cicada",
    "circadian",
    "dacha",
    "darn",
    "dinar",
    "drain",
    "hand",
    "hard",
    "harridan",
    "hind",
    "indica",
    "indicia",
    "nada",
    "nadir",
    "naiad",
    "radar",
    "radian",
    "radii",
    "raid",
    "rancid",
    "rand",
    "rind"
  ],
  "meta": {
    "source_url": "https://www.sbsolver.com/s/2477",
    "fetched_at": "2025-11-05T23:35:32Z",
    "user_agent": "Scraper/1.0 (+)",
    "pool": null,
    "center": null
  }
}