{
  "id": "2478",
  "count": 34,
  "words": [
    "apnea",
    "epee",
    "epiphany",
    "happen",
    "heap",
    "heinie",
    "henna",
    "hippie",
    "hyena",
    "hype",
    "hyphen",
    "inane",
    "innie",
    "nape",
    "neap",
    "nene",
    "nine",
    "ninepin",
    "paean",
    "pane",
    "payee",
    "peahen",
    "peen",
    "peep",
    "penne",
    "penny",
    "peppy",
    "pine",
    "piney",
    "pipe",
    "yeah",
    "yipe",
    "yippee",
    "yippie"
  ],
  "meta": {
    "source_url": "https://www.sbsolver.com/s/2478",
    "fetched_at": "2025-11-05T23:35:35Z",
    "user_agent": "Scraper/1.0 (+)",
    "pool": null,
    "center": null
  }
}