{
  "id": "2479",
  "count": 60,
  "words": [
    "accede",
    "acceded",
    "accolade",
    "aced",
    "added",
    "addle",
    "addled",
    "alack",
    "allele",
    "aloe",
    "cacao",
    "cackle",
    "cackled",
    "cake",
    "caked",
    "call",
    "calla",
    "callaloo",
    "called",
    "clack",
    "clacked",
    "clad",
    "clade",
    "cloaca",
    "cloak",
    "cloaked",
    "coal",
    "coca",
    "cockade",
    "cocoa",
    "coda",
    "cola",
    "dale",
    "dead",
    "deadlock",
    "deadlocked",
    "deal",
    "decade",
    "decal",
    "doodad",
    "kale",
    "koala",
    "kola",
    "lace",
    "laced",
    "lack",
    "lacked",
    "lade",
    "laded",
    "ladle",
    "ladled",
    "lake",
    "lead",
    "leaded",
    "leak",
    "leaked",
    "load",
    "loaded",
    "local",
    "locale"
  ],
  "meta": {
    "source_url": "https://www.sbsolver.com/s/2479",
    "fetched_at": "2025-11-05T23:35:40Z",
    "user_agent": "Scraper/1.0 (+)",
    "pool": null,
    "center": null
  }
}