{
  "id": "2480",
  "count": 53,
  "words": [
    "afro",
    "agog",
    "agora",
    "angora",
    "anion",
    "anon",
    "argon",
    "farrago",
    "farro",
    "fogging",
    "fora",
    "foraging",
    "forging",
    "forgo",
    "forgoing",
    "frog",
    "going",
    "gong",
    "gonging",
    "gonna",
    "goof",
    "goofing",
    "goon",
    "gorging",
    "gorgon",
    "goring",
    "griffon",
    "groan",
    "groaning",
    "grog",
    "groin",
    "ignoring",
    "info",
    "iron",
    "ironing",
    "noggin",
    "noir",
    "nonagon",
    "noon",
    "nori",
    "oaring",
    "offing",
    "ongoing",
    "onion",
    "orang",
    "organ",
    "origin",
    "rigor",
    "roan",
    "roar",
    "roaring",
    "roof",
    "roofing"
  ],
  "meta": {
    "source_url": "https://www.sbsolver.com/s/2480",
    "fetched_at": "2025-11-05T23:35:43Z",
    "user_agent": "Scraper/1.0 (+)",
    "pool": null,
    "center": null
  }
}