{
  "id": "2481",
  "count": 20,
  "words": [
    "hill",
    "hilt",
    "hint",
    "holt",
    "honor",
    "hoot",
    "horn",
    "horror",
    "litho",
    "ninth",
    "north",
    "rhino",
    "thin",
    "thorn",
    "thrill",
    "tilth",
    "tinhorn",
    "tooth",
    "trillionth",
    "troth"
  ],
  "meta": {
    "source_url": "https://www.sbsolver.com/s/2481",
    "fetched_at": "2025-11-05T23:35:46Z",
    "user_agent": "Scraper/1.0 (+)",
    "pool": null,
    "center": null
  }
}