{
  "id": "2482",
  "count": 55,
  "words": [
    "deed",
    "deeded",
    "deny",
    "dewy",
    "dodo",
    "done",
    "donee",
    "donned",
    "dowdy",
    "down",
    "downed",
    "downy",
    "doyen",
    "doyenne",
    "dyed",
    "dyne",
    "eddy",
    "ended",
    "endow",
    "endowed",
    "eyed",
    "heed",
    "heeded",
    "hewed",
    "hoed",
    "hoedown",
    "honed",
    "honeydew",
    "honeyed",
    "hood",
    "hooded",
    "hoodoo",
    "howdy",
    "need",
    "needed",
    "needy",
    "nodded",
    "node",
    "odeon",
    "owed",
    "owned",
    "wedded",
    "weed",
    "weeded",
    "weedy",
    "wend",
    "wended",
    "wood",
    "wooded",
    "wooden",
    "woody",
    "wooed",
    "wowed",
    "yenned",
    "yond"
  ],
  "meta": {
    "source_url": "https://www.sbsolver.com/s/2482",
    "fetched_at": "2025-11-05T23:35:50Z",
    "user_agent": "Scraper/1.0 (+)",
    "pool": null,
    "center": null
  }
}