{
  "id": "2483",
  "count": 70,
  "words": [
    "acacia",
    "acai",
    "alien",
    "alliance",
    "alpine",
    "apian",
    "apiece",
    "appliance",
    "canine",
    "cannellini",
    "capellini",
    "celiac",
    "celli",
    "cilia",
    "clinic",
    "clinical",
    "clinician",
    "clip",
    "epic",
    "epicene",
    "icicle",
    "iliac",
    "inane",
    "incipience",
    "incline",
    "innie",
    "ipecac",
    "laic",
    "laical",
    "lain",
    "lanai",
    "lenience",
    "lice",
    "lien",
    "lilac",
    "line",
    "lineal",
    "linen",
    "nail",
    "niacin",
    "nice",
    "niece",
    "nine",
    "ninepin",
    "nipple",
    "pail",
    "pain",
    "panic",
    "panini",
    "papilla",
    "papillae",
    "pelican",
    "pellicle",
    "pencil",
    "penicillin",
    "penile",
    "pica",
    "picnic",
    "piece",
    "pile",
    "pill",
    "pine",
    "pineal",
    "pineapple",
    "pinnacle",
    "pipe",
    "pipeline",
    "pippin",
    "plain",
    "plie"
  ],
  "meta": {
    "source_url": "https://www.sbsolver.com/s/2483",
    "fetched_at": "2025-11-05T23:35:55Z",
    "user_agent": "Scraper/1.0 (+)",
    "pool": null,
    "center": null
  }
}