{
  "id": "2484",
  "count": 49,
  "words": [
    "ability",
    "alit",
    "anti",
    "atilt",
    "attain",
    "attainability",
    "bait",
    "banality",
    "batty",
    "blat",
    "blatant",
    "blatantly",
    "inability",
    "inanity",
    "initial",
    "initially",
    "itty",
    "lability",
    "laity",
    "lantana",
    "liability",
    "lilt",
    "lint",
    "linty",
    "litany",
    "natal",
    "natality",
    "natant",
    "nattily",
    "natty",
    "tabby",
    "tabla",
    "tail",
    "taint",
    "tali",
    "tall",
    "tallit",
    "tally",
    "tannin",
    "tatty",
    "tibia",
    "tibial",
    "till",
    "tilt",
    "tinily",
    "tinny",
    "tint",
    "tiny",
    "titan"
  ],
  "meta": {
    "source_url": "https://www.sbsolver.com/s/2484",
    "fetched_at": "2025-11-05T23:35:59Z",
    "user_agent": "Scraper/1.0 (+)",
    "pool": null,
    "center": null
  }
}