{
  "id": "2485",
  "count": 45,
  "words": [
    "bubbling",
    "budding",
    "budging",
    "bugging",
    "bugling",
    "build",
    "building",
    "bulb",
    "bulging",
    "bull",
    "bundling",
    "bung",
    "bungling",
    "dubbing",
    "dull",
    "dulling",
    "dung",
    "dunning",
    "glug",
    "glugging",
    "gluing",
    "guiding",
    "guild",
    "gull",
    "gulling",
    "gunning",
    "indulging",
    "linguini",
    "lubing",
    "lugging",
    "luging",
    "lull",
    "lulling",
    "lulu",
    "lung",
    "lunging",
    "nubbin",
    "nudging",
    "null",
    "unbind",
    "unbinding",
    "unbuild",
    "unbuilding",
    "unbundling",
    "undid"
  ],
  "meta": {
    "source_url": "https://www.sbsolver.com/s/2485",
    "fetched_at": "2025-11-05T23:36:04Z",
    "user_agent": "Scraper/1.0 (+)",
    "pool": null,
    "center": null
  }
}