{
  "id": "2486",
  "count": 28,
  "words": [
    "allow",
    "anal",
    "annal",
    "knoll",
    "koala",
    "kola",
    "lama",
    "lank",
    "lawman",
    "lawn",
    "llama",
    "llano",
    "loam",
    "loan",
    "loll",
    "look",
    "loom",
    "loon",
    "mall",
    "mallow",
    "mammal",
    "moll",
    "moola",
    "moonwalk",
    "walk",
    "wall",
    "wallow",
    "wool"
  ],
  "meta": {
    "source_url": "https://www.sbsolver.com/s/2486",
    "fetched_at": "2025-11-05T23:36:08Z",
    "user_agent": "Scraper/1.0 (+)",
    "pool": null,
    "center": null
  }
}