{
  "id": "2487",
  "count": 55,
  "words": [
    "acacia",
    "acai",
    "arco",
    "cacao",
    "calf",
    "calico",
    "call",
    "calla",
    "callaloo",
    "caloric",
    "calorific",
    "carol",
    "ciao",
    "cilia",
    "circa",
    "cirri",
    "cliff",
    "cloaca",
    "coal",
    "coca",
    "cocci",
    "cocoa",
    "coif",
    "coil",
    "coir",
    "cola",
    "colic",
    "collar",
    "color",
    "colorific",
    "cool",
    "coral",
    "corolla",
    "corral",
    "croc",
    "croci",
    "facial",
    "farcical",
    "focaccia",
    "focal",
    "foci",
    "folic",
    "frolic",
    "iliac",
    "laic",
    "laical",
    "lilac",
    "local",
    "loci",
    "loco",
    "official",
    "orca",
    "racial",
    "railcar",
    "rococo"
  ],
  "meta": {
    "source_url": "https://www.sbsolver.com/s/2487",
    "fetched_at": "2025-11-05T23:36:12Z",
    "user_agent": "Scraper/1.0 (+)",
    "pool": null,
    "center": null
  }
}