{
  "id": "2488",
  "count": 49,
  "words": [
    "deep",
    "deepen",
    "deepened",
    "depend",
    "depended",
    "dependence",
    "dipped",
    "epee",
    "epic",
    "epicene",
    "incipience",
    "independence",
    "keep",
    "kepi",
    "ninepin",
    "nipped",
    "peck",
    "pecked",
    "peed",
    "peek",
    "peeked",
    "peen",
    "peep",
    "peeped",
    "peke",
    "pence",
    "pend",
    "pended",
    "penne",
    "penned",
    "pepped",
    "pick",
    "picked",
    "picnic",
    "picnicked",
    "piece",
    "pieced",
    "pied",
    "pike",
    "pine",
    "pined",
    "pink",
    "pinked",
    "pinkie",
    "pinned",
    "pinniped",
    "pipe",
    "piped",
    "pippin"
  ],
  "meta": {
    "source_url": "https://www.sbsolver.com/s/2488",
    "fetched_at": "2025-11-05T23:36:15Z",
    "user_agent": "Scraper/1.0 (+)",
    "pool": null,
    "center": null
  }
}