{
  "id": "2489",
  "count": 31,
  "words": [
    "arhat",
    "arrant",
    "arty",
    "attar",
    "dart",
    "data",
    "drat",
    "hardhat",
    "hart",
    "hath",
    "hatha",
    "hydrant",
    "natant",
    "natty",
    "rant",
    "ratatat",
    "rattan",
    "ratty",
    "tantara",
    "tantra",
    "tardy",
    "tarry",
    "tart",
    "tartan",
    "tartar",
    "tatty",
    "than",
    "that",
    "tray",
    "tyranny",
    "tyrant"
  ],
  "meta": {
    "source_url": "https://www.sbsolver.com/s/2489",
    "fetched_at": "2025-11-05T23:36:19Z",
    "user_agent": "Scraper/1.0 (+)",
    "pool": null,
    "center": null
  }
}