{
  "id": "2490",
  "count": 25,
  "words": [
    "adding",
    "adjudging",
    "again",
    "aging",
    "aiding",
    "angina",
    "dang",
    "gadding",
    "gaga",
    "gagging",
    "gain",
    "gaining",
    "gang",
    "ganging",
    "ganja",
    "gauging",
    "iguana",
    "jading",
    "jagging",
    "naan",
    "nada",
    "nagging",
    "naiad",
    "nana",
    "ninja"
  ],
  "meta": {
    "source_url": "https://www.sbsolver.com/s/2490",
    "fetched_at": "2025-11-05T23:36:22Z",
    "user_agent": "Scraper/1.0 (+)",
    "pool": null,
    "center": null
  }
}