{
  "id": "2491",
  "count": 41,
  "words": [
    "abate",
    "abet",
    "ablate",
    "able",
    "baba",
    "babble",
    "babe",
    "babel",
    "bagatelle",
    "bagel",
    "baggage",
    "bale",
    "ball",
    "ballet",
    "bate",
    "battle",
    "beagle",
    "beat",
    "beatable",
    "beet",
    "beetle",
    "begat",
    "beget",
    "bell",
    "belle",
    "belt",
    "beta",
    "betel",
    "bevel",
    "blab",
    "blat",
    "bleat",
    "gabble",
    "gable",
    "gettable",
    "label",
    "tabla",
    "table",
    "tablet",
    "teabag",
    "vegetable"
  ],
  "meta": {
    "source_url": "https://www.sbsolver.com/s/2491",
    "fetched_at": "2025-11-05T23:36:25Z",
    "user_agent": "Scraper/1.0 (+)",
    "pool": null,
    "center": null
  }
}