{
  "id": "2492",
  "count": 24,
  "words": [
    "eely",
    "eggy",
    "elegy",
    "epee",
    "gelee",
    "ghee",
    "glee",
    "heel",
    "hell",
    "helm",
    "help",
    "heme",
    "hemp",
    "hype",
    "leggy",
    "melee",
    "meme",
    "peel",
    "peep",
    "peppy",
    "phlegm",
    "phlegmy",
    "yell",
    "yelp"
  ],
  "meta": {
    "source_url": "https://www.sbsolver.com/s/2492",
    "fetched_at": "2025-11-05T23:36:29Z",
    "user_agent": "Scraper/1.0 (+)",
    "pool": null,
    "center": null
  }
}