{
  "id": "2493",
  "count": 59,
  "words": [
    "adding",
    "aiding",
    "arid",
    "award",
    "awarding",
    "dang",
    "daring",
    "darn",
    "darning",
    "dawn",
    "dawning",
    "digging",
    "dinar",
    "ding",
    "dinging",
    "dining",
    "drag",
    "dragging",
    "drain",
    "draining",
    "draw",
    "drawing",
    "drawn",
    "gadding",
    "gird",
    "girding",
    "grad",
    "grading",
    "grand",
    "grandad",
    "granddad",
    "grid",
    "grind",
    "grinding",
    "indrawn",
    "inward",
    "nada",
    "nadir",
    "naiad",
    "radar",
    "radian",
    "radii",
    "raid",
    "raiding",
    "rand",
    "ridding",
    "ridging",
    "riding",
    "rigid",
    "rind",
    "wadding",
    "wading",
    "wand",
    "ward",
    "warding",
    "wind",
    "winding",
    "windward",
    "wingding"
  ],
  "meta": {
    "source_url": "https://www.sbsolver.com/s/2493",
    "fetched_at": "2025-11-05T23:36:33Z",
    "user_agent": "Scraper/1.0 (+)",
    "pool": null,
    "center": null
  }
}