{
  "id": "2494",
  "count": 47,
  "words": [
    "activate",
    "active",
    "alive",
    "alleviate",
    "avail",
    "aviate",
    "calve",
    "cava",
    "cavatelli",
    "cave",
    "caveat",
    "cavil",
    "civet",
    "civic",
    "civil",
    "clave",
    "clavicle",
    "cleave",
    "eave",
    "elective",
    "elevate",
    "evict",
    "evictee",
    "evil",
    "lava",
    "lave",
    "leave",
    "levee",
    "level",
    "levitate",
    "live",
    "titivate",
    "vacate",
    "vacillate",
    "vale",
    "valet",
    "valve",
    "veal",
    "veil",
    "velvet",
    "vial",
    "vice",
    "vile",
    "villa",
    "vital",
    "vitiate",
    "vivace"
  ],
  "meta": {
    "source_url": "https://www.sbsolver.com/s/2494",
    "fetched_at": "2025-11-05T23:36:38Z",
    "user_agent": "Scraper/1.0 (+)",
    "pool": null,
    "center": null
  }
}