{
  "id": "2495",
  "count": 31,
  "words": [
    "ammo",
    "among",
    "gamma",
    "gamy",
    "hammy",
    "hangman",
    "homogamy",
    "homonym",
    "homonymy",
    "hymn",
    "magma",
    "mahogany",
    "mama",
    "mamma",
    "mammon",
    "manga",
    "mango",
    "mangy",
    "manna",
    "many",
    "mayo",
    "moan",
    "momma",
    "mommy",
    "mono",
    "monogamy",
    "mononym",
    "moon",
    "moony",
    "myna",
    "mynah"
  ],
  "meta": {
    "source_url": "https://www.sbsolver.com/s/2495",
    "fetched_at": "2025-11-05T23:36:44Z",
    "user_agent": "Scraper/1.0 (+)",
    "pool": null,
    "center": null
  }
}