{
  "id": "2496",
  "count": 38,
  "words": [
    "click",
    "clink",
    "keel",
    "keen",
    "kennel",
    "kente",
    "kettle",
    "kick",
    "kill",
    "kiln",
    "kilt",
    "kinetic",
    "kink",
    "kite",
    "kitten",
    "knee",
    "kneel",
    "knell",
    "knelt",
    "knit",
    "leek",
    "lick",
    "like",
    "liken",
    "link",
    "littleneck",
    "neck",
    "neckline",
    "necktie",
    "netlike",
    "nick",
    "nickel",
    "telekinetic",
    "tick",
    "ticket",
    "tickle",
    "tiki",
    "tinkle"
  ],
  "meta": {
    "source_url": "https://www.sbsolver.com/s/2496",
    "fetched_at": "2025-11-05T23:36:49Z",
    "user_agent": "Scraper/1.0 (+)",
    "pool": null,
    "center": null
  }
}