{
  "id": "2497",
  "count": 72,
  "words": [
    "agleam",
    "amalgam",
    "amalgamate",
    "amen",
    "element",
    "elemental",
    "emanate",
    "enamel",
    "enema",
    "engagement",
    "entanglement",
    "game",
    "gamete",
    "gamma",
    "gentleman",
    "gentlemen",
    "glam",
    "gleam",
    "lama",
    "lame",
    "lament",
    "lemma",
    "llama",
    "mage",
    "magenta",
    "magma",
    "magnate",
    "magnet",
    "male",
    "mall",
    "mallet",
    "malt",
    "mama",
    "mamma",
    "mammal",
    "manage",
    "management",
    "manatee",
    "mane",
    "manga",
    "mange",
    "mangle",
    "manna",
    "manta",
    "mantel",
    "mantle",
    "mate",
    "matte",
    "meal",
    "mean",
    "meant",
    "meat",
    "meet",
    "mega",
    "melange",
    "melee",
    "melt",
    "meme",
    "mental",
    "mentee",
    "meta",
    "metal",
    "mete",
    "mettle",
    "name",
    "nametag",
    "tamale",
    "tame",
    "team",
    "teammate",
    "teem",
    "tenement"
  ],
  "meta": {
    "source_url": "https://www.sbsolver.com/s/2497",
    "fetched_at": "2025-11-05T23:36:54Z",
    "user_agent": "Scraper/1.0 (+)",
    "pool": null,
    "center": null
  }
}