{
  "id": "2498",
  "count": 25,
  "words": [
    "giggly",
    "gill",
    "gilt",
    "girl",
    "girly",
    "girt",
    "grill",
    "grit",
    "grittily",
    "gritty",
    "guilt",
    "guiltily",
    "guilty",
    "illy",
    "itty",
    "lilt",
    "lily",
    "liturgy",
    "rill",
    "till",
    "tilt",
    "trig",
    "trill",
    "tutti",
    "utility"
  ],
  "meta": {
    "source_url": "https://www.sbsolver.com/s/2498",
    "fetched_at": "2025-11-05T23:36:58Z",
    "user_agent": "Scraper/1.0 (+)",
    "pool": null,
    "center": null
  }
}