{
  "id": "2499",
  "count": 52,
  "words": [
    "abate",
    "abatement",
    "abet",
    "abetment",
    "ante",
    "antenna",
    "antennae",
    "bantam",
    "bate",
    "battement",
    "batten",
    "beat",
    "beaten",
    "beet",
    "bent",
    "beta",
    "betake",
    "betaken",
    "eaten",
    "emanate",
    "embankment",
    "entente",
    "katana",
    "kente",
    "manatee",
    "manta",
    "mate",
    "matte",
    "meant",
    "meat",
    "meet",
    "mentee",
    "meta",
    "mete",
    "natant",
    "neat",
    "neaten",
    "take",
    "taken",
    "tame",
    "tank",
    "tanka",
    "teak",
    "team",
    "teammate",
    "teat",
    "teem",
    "teen",
    "tenant",
    "tenement",
    "tenet",
    "tent"
  ],
  "meta": {
    "source_url": "https://www.sbsolver.com/s/2499",
    "fetched_at": "2025-11-05T23:37:01Z",
    "user_agent": "Scraper/1.0 (+)",
    "pool": null,
    "center": null
  }
}