{
  "id": "2500",
  "count": 43,
  "words": [
    "afoul",
    "alfalfa",
    "aloof",
    "bluff",
    "bluffs",
    "boffo",
    "buff",
    "buffalo",
    "buffs",
    "fabulous",
    "fall",
    "falloff",
    "falloffs",
    "falls",
    "flab",
    "floss",
    "flub",
    "flubs",
    "fluff",
    "fluffs",
    "flus",
    "foal",
    "foals",
    "fobs",
    "fool",
    "fools",
    "foosball",
    "foul",
    "fouls",
    "full",
    "fuss",
    "loaf",
    "loafs",
    "loofa",
    "loofas",
    "luff",
    "luffs",
    "oafs",
    "offal",
    "offs",
    "sofa",
    "sofas",
    "soulful"
  ],
  "meta": {
    "source_url": "https://www.sbsolver.com/s/2500",
    "fetched_at": "2025-11-05T23:37:05Z",
    "user_agent": "Scraper/1.0 (+)",
    "pool": null,
    "center": null
  }
}