{
  "id": "2501",
  "count": 39,
  "words": [
    "cioppino",
    "coop",
    "cooping",
    "coping",
    "copping",
    "coup",
    "coupon",
    "couponing",
    "cupping",
    "goop",
    "nipping",
    "opining",
    "opinion",
    "oppugn",
    "oppugning",
    "picnic",
    "pigging",
    "ping",
    "pinging",
    "pining",
    "pinion",
    "pinioning",
    "pinning",
    "pinup",
    "piping",
    "pippin",
    "pogo",
    "pogoing",
    "pong",
    "poop",
    "pooping",
    "popgun",
    "popping",
    "pouncing",
    "punning",
    "unpin",
    "unpinning",
    "upon",
    "upping"
  ],
  "meta": {
    "source_url": "https://www.sbsolver.com/s/2501",
    "fetched_at": "2025-11-05T23:37:08Z",
    "user_agent": "Scraper/1.0 (+)",
    "pool": null,
    "center": null
  }
}