{
  "id": "2502",
  "count": 43,
  "words": [
    "aback",
    "alack",
    "babka",
    "back",
    "balk",
    "ballcock",
    "barback",
    "bark",
    "barrack",
    "black",
    "blackball",
    "block",
    "bock",
    "book",
    "bookrack",
    "brook",
    "callback",
    "clack",
    "cloak",
    "clock",
    "cock",
    "cook",
    "cookbook",
    "cork",
    "crack",
    "croak",
    "crock",
    "crook",
    "kabob",
    "koala",
    "kola",
    "kook",
    "lack",
    "lark",
    "lock",
    "look",
    "lookbook",
    "oarlock",
    "okra",
    "rack",
    "rock",
    "rollback",
    "rook"
  ],
  "meta": {
    "source_url": "https://www.sbsolver.com/s/2502",
    "fetched_at": "2025-11-05T23:37:11Z",
    "user_agent": "Scraper/1.0 (+)",
    "pool": null,
    "center": null
  }
}