{
  "id": "2503",
  "count": 55,
  "words": [
    "aioli",
    "allot",
    "alto",
    "aorta",
    "aortal",
    "atoll",
    "aviator",
    "iota",
    "littoral",
    "loll",
    "loot",
    "lotto",
    "olio",
    "oral",
    "orator",
    "oratorio",
    "oval",
    "ratio",
    "ravioli",
    "riot",
    "roar",
    "roil",
    "roll",
    "root",
    "rotator",
    "roti",
    "rotor",
    "rototill",
    "tailor",
    "taro",
    "tarot",
    "tattoo",
    "toil",
    "toll",
    "tool",
    "toot",
    "tori",
    "torii",
    "toro",
    "tort",
    "torta",
    "tortilla",
    "total",
    "traitor",
    "trattoria",
    "trio",
    "troll",
    "trot",
    "valor",
    "viol",
    "viola",
    "violator",
    "vitriol",
    "voila",
    "volt"
  ],
  "meta": {
    "source_url": "https://www.sbsolver.com/s/2503",
    "fetched_at": "2025-11-05T23:37:15Z",
    "user_agent": "Scraper/1.0 (+)",
    "pool": null,
    "center": null
  }
}