{
  "id": "2504",
  "count": 46,
  "words": [
    "dengue",
    "dodge",
    "dodged",
    "doge",
    "dogged",
    "doggo",
    "doggone",
    "dong",
    "dudgeon",
    "dugong",
    "dugout",
    "dung",
    "dungeon",
    "edge",
    "edged",
    "egged",
    "eggnog",
    "gene",
    "gent",
    "geode",
    "gone",
    "gong",
    "gonged",
    "good",
    "goon",
    "gotten",
    "gouge",
    "gouged",
    "gout",
    "gunned",
    "gutted",
    "nudge",
    "nudged",
    "nugget",
    "ogee",
    "outgo",
    "outgone",
    "outgun",
    "outgunned",
    "togged",
    "tong",
    "tonged",
    "tongue",
    "tongued",
    "tugged",
    "unguent"
  ],
  "meta": {
    "source_url": "https://www.sbsolver.com/s/2504",
    "fetched_at": "2025-11-05T23:37:18Z",
    "user_agent": "Scraper/1.0 (+)",
    "pool": null,
    "center": null
  }
}