{
  "id": "2505",
  "count": 34,
  "words": [
    "coho",
    "conch",
    "doeth",
    "doth",
    "echo",
    "echoed",
    "etch",
    "etched",
    "heed",
    "heeded",
    "hence",
    "hoed",
    "honcho",
    "hone",
    "honed",
    "hooch",
    "hood",
    "hooded",
    "hoodoo",
    "hoot",
    "hooted",
    "notch",
    "notched",
    "tech",
    "techno",
    "teeth",
    "teethe",
    "teethed",
    "tenth",
    "thee",
    "then",
    "thence",
    "tooth",
    "toothed"
  ],
  "meta": {
    "source_url": "https://www.sbsolver.com/s/2505",
    "fetched_at": "2025-11-05T23:37:22Z",
    "user_agent": "Scraper/1.0 (+)",
    "pool": null,
    "center": null
  }
}