{
  "id": "2506",
  "count": 44,
  "words": [
    "elfin",
    "feel",
    "feeling",
    "feign",
    "feigning",
    "feline",
    "fell",
    "felling",
    "felon",
    "fennel",
    "fief",
    "fife",
    "fifing",
    "file",
    "filing",
    "fill",
    "filling",
    "fine",
    "fining",
    "flee",
    "fleeing",
    "fling",
    "flinging",
    "floe",
    "flog",
    "flogging",
    "fogging",
    "foil",
    "foiling",
    "folio",
    "fool",
    "fooling",
    "golf",
    "golfing",
    "goof",
    "goofing",
    "infill",
    "infilling",
    "info",
    "life",
    "lifeline",
    "lifelong",
    "offing",
    "offline"
  ],
  "meta": {
    "source_url": "https://www.sbsolver.com/s/2506",
    "fetched_at": "2025-11-05T23:37:26Z",
    "user_agent": "Scraper/1.0 (+)",
    "pool": null,
    "center": null
  }
}