{
  "id": "2507",
  "count": 56,
  "words": [
    "acacia",
    "acai",
    "achy",
    "antic",
    "attach",
    "attic",
    "cacti",
    "cancan",
    "canna",
    "canny",
    "cant",
    "cantata",
    "cantina",
    "catch",
    "catchy",
    "catty",
    "chai",
    "chain",
    "chancy",
    "chant",
    "chat",
    "chatty",
    "chia",
    "chianti",
    "chic",
    "chica",
    "chichi",
    "chin",
    "china",
    "chit",
    "chitchat",
    "chitin",
    "cinch",
    "city",
    "cyan",
    "cynic",
    "hatch",
    "hitch",
    "hyacinth",
    "incant",
    "inch",
    "intact",
    "itch",
    "itchy",
    "natch",
    "niacin",
    "tach",
    "tacit",
    "tact",
    "tactic",
    "tactician",
    "tannic",
    "thatch",
    "tinct",
    "titanic",
    "yacht"
  ],
  "meta": {
    "source_url": "https://www.sbsolver.com/s/2507",
    "fetched_at": "2025-11-05T23:37:29Z",
    "user_agent": "Scraper/1.0 (+)",
    "pool": null,
    "center": null
  }
}