{
  "id": "2508",
  "count": 47,
  "words": [
    "agar",
    "agog",
    "agora",
    "aground",
    "angora",
    "argon",
    "augur",
    "dang",
    "doggo",
    "dong",
    "drag",
    "dragon",
    "dragoon",
    "drug",
    "dugong",
    "dung",
    "durag",
    "gaga",
    "gang",
    "goad",
    "gonad",
    "gong",
    "gonna",
    "good",
    "goon",
    "gorgon",
    "gourd",
    "grad",
    "gran",
    "grand",
    "grandad",
    "granddad",
    "groan",
    "grog",
    "ground",
    "guano",
    "guar",
    "guard",
    "guru",
    "nonagon",
    "orang",
    "organ",
    "raga",
    "ragu",
    "rang",
    "rung",
    "unground"
  ],
  "meta": {
    "source_url": "https://www.sbsolver.com/s/2508",
    "fetched_at": "2025-11-05T23:37:33Z",
    "user_agent": "Scraper/1.0 (+)",
    "pool": null,
    "center": null
  }
}