{
  "id": "2509",
  "count": 37,
  "words": [
    "cent",
    "cite",
    "citizen",
    "civet",
    "entente",
    "entice",
    "even",
    "event",
    "evict",
    "evictee",
    "evince",
    "incentive",
    "incentivize",
    "incite",
    "innie",
    "intent",
    "invective",
    "invent",
    "inventive",
    "invite",
    "invitee",
    "nene",
    "netizen",
    "nice",
    "niece",
    "nine",
    "nineteen",
    "nite",
    "teen",
    "tenet",
    "tent",
    "tine",
    "vein",
    "vent",
    "vice",
    "vine",
    "zine"
  ],
  "meta": {
    "source_url": "https://www.sbsolver.com/s/2509",
    "fetched_at": "2025-11-05T23:37:36Z",
    "user_agent": "Scraper/1.0 (+)",
    "pool": null,
    "center": null
  }
}