{
  "id": "2510",
  "count": 43,
  "words": [
    "dimming",
    "doming",
    "dominion",
    "domino",
    "doom",
    "dooming",
    "glom",
    "glomming",
    "gloom",
    "glooming",
    "idiom",
    "limn",
    "limning",
    "limo",
    "loom",
    "looming",
    "middling",
    "midi",
    "mild",
    "mill",
    "milling",
    "million",
    "miming",
    "mind",
    "minding",
    "mingling",
    "mini",
    "minim",
    "mining",
    "minion",
    "moil",
    "moiling",
    "mold",
    "molding",
    "moll",
    "mondo",
    "mono",
    "monolog",
    "mood",
    "mooing",
    "moon",
    "mooning",
    "omigod"
  ],
  "meta": {
    "source_url": "https://www.sbsolver.com/s/2510",
    "fetched_at": "2025-11-05T23:37:40Z",
    "user_agent": "Scraper/1.0 (+)",
    "pool": null,
    "center": null
  }
}