{
  "id": "2511",
  "count": 39,
  "words": [
    "abaci",
    "abbacy",
    "acacia",
    "acai",
    "acyclic",
    "bacilli",
    "biblical",
    "biblically",
    "bicycle",
    "cabal",
    "cabala",
    "cabbie",
    "cabby",
    "cable",
    "call",
    "calla",
    "callable",
    "celeb",
    "celiac",
    "celibacy",
    "cell",
    "celli",
    "cicely",
    "cilia",
    "clay",
    "clayey",
    "cycle",
    "cyclic",
    "cyclical",
    "cyclically",
    "icicle",
    "icily",
    "iliac",
    "lace",
    "lacy",
    "laic",
    "laical",
    "lice",
    "lilac"
  ],
  "meta": {
    "source_url": "https://www.sbsolver.com/s/2511",
    "fetched_at": "2025-11-05T23:37:43Z",
    "user_agent": "Scraper/1.0 (+)",
    "pool": null,
    "center": null
  }
}