{
  "id": "2512",
  "count": 59,
  "words": [
    "aboard",
    "aboil",
    "abroad",
    "adobo",
    "aioli",
    "arbor",
    "arborio",
    "ardor",
    "baobab",
    "barrio",
    "billboard",
    "blob",
    "blood",
    "boar",
    "board",
    "boba",
    "boil",
    "bola",
    "bold",
    "boll",
    "bollard",
    "bolo",
    "boob",
    "booboo",
    "boor",
    "brio",
    "broad",
    "broil",
    "brood",
    "dildo",
    "dodo",
    "doll",
    "dollar",
    "dolor",
    "doodad",
    "door",
    "dorado",
    "droid",
    "droll",
    "drool",
    "idol",
    "labor",
    "libido",
    "load",
    "lobo",
    "loll",
    "lord",
    "oddball",
    "odor",
    "olio",
    "oral",
    "radio",
    "railroad",
    "road",
    "roar",
    "roil",
    "roll",
    "rollbar",
    "rood"
  ],
  "meta": {
    "source_url": "https://www.sbsolver.com/s/2512",
    "fetched_at": "2025-11-05T23:37:47Z",
    "user_agent": "Scraper/1.0 (+)",
    "pool": null,
    "center": null
  }
}