{
  "id": "2513",
  "count": 52,
  "words": [
    "airily",
    "airy",
    "altar",
    "aria",
    "aril",
    "array",
    "arrival",
    "arty",
    "atria",
    "atrial",
    "attar",
    "avatar",
    "aviary",
    "lair",
    "lariat",
    "larva",
    "larval",
    "liar",
    "lira",
    "rail",
    "raita",
    "rally",
    "rarity",
    "ratatat",
    "rattail",
    "rattly",
    "ratty",
    "rial",
    "rill",
    "rival",
    "rivalry",
    "riyal",
    "tarry",
    "tart",
    "tartar",
    "tartly",
    "tiara",
    "trail",
    "trait",
    "travail",
    "tray",
    "trial",
    "trill",
    "trivia",
    "trivial",
    "triviality",
    "trivially",
    "vary",
    "viral",
    "virality",
    "virally",
    "virility"
  ],
  "meta": {
    "source_url": "https://www.sbsolver.com/s/2513",
    "fetched_at": "2025-11-05T23:37:50Z",
    "user_agent": "Scraper/1.0 (+)",
    "pool": null,
    "center": null
  }
}