{
  "id": "2514",
  "count": 35,
  "words": [
    "elfin",
    "exile",
    "feel",
    "feline",
    "fell",
    "felon",
    "fennel",
    "fief",
    "fife",
    "file",
    "fine",
    "flee",
    "flex",
    "flexion",
    "floe",
    "innie",
    "leonine",
    "lien",
    "life",
    "lifeline",
    "line",
    "linen",
    "lone",
    "loonie",
    "nene",
    "neon",
    "nine",
    "noel",
    "none",
    "offline",
    "oleo",
    "ollie",
    "online",
    "oxen",
    "xenon"
  ],
  "meta": {
    "source_url": "https://www.sbsolver.com/s/2514",
    "fetched_at": "2025-11-05T23:37:53Z",
    "user_agent": "Scraper/1.0 (+)",
    "pool": null,
    "center": null
  }
}