{
  "id": "2515",
  "count": 55,
  "words": [
    "cede",
    "ceded",
    "cell",
    "celled",
    "cello",
    "cellule",
    "clod",
    "clop",
    "clopped",
    "cloud",
    "clouded",
    "clue",
    "clued",
    "coddle",
    "coddled",
    "code",
    "coded",
    "coed",
    "cold",
    "collude",
    "colluded",
    "cooed",
    "cool",
    "cooled",
    "coop",
    "cooped",
    "cope",
    "coped",
    "copped",
    "could",
    "coulee",
    "coup",
    "coupe",
    "couple",
    "coupled",
    "cuddle",
    "cuddled",
    "cued",
    "cull",
    "culled",
    "cupped",
    "deco",
    "decode",
    "decoded",
    "decouple",
    "decoupled",
    "deduce",
    "deduced",
    "deuce",
    "educe",
    "educed",
    "loco",
    "occlude",
    "occluded",
    "puce"
  ],
  "meta": {
    "source_url": "https://www.sbsolver.com/s/2515",
    "fetched_at": "2025-11-05T23:37:56Z",
    "user_agent": "Scraper/1.0 (+)",
    "pool": null,
    "center": null
  }
}