{
  "id": "2516",
  "count": 51,
  "words": [
    "added",
    "addend",
    "addenda",
    "aeon",
    "ahead",
    "anode",
    "anon",
    "aped",
    "apnea",
    "append",
    "appended",
    "daphne",
    "dapped",
    "dead",
    "deaden",
    "deadened",
    "deadhead",
    "deadheaded",
    "deadpan",
    "deadpanned",
    "dean",
    "doodad",
    "ennead",
    "hand",
    "handed",
    "happen",
    "happened",
    "head",
    "headed",
    "headphone",
    "heap",
    "heaped",
    "henna",
    "hennaed",
    "naan",
    "nada",
    "nana",
    "nape",
    "napped",
    "neap",
    "openhanded",
    "padded",
    "paean",
    "panda",
    "pane",
    "paned",
    "panned",
    "papa",
    "peahen",
    "peapod",
    "poppa"
  ],
  "meta": {
    "source_url": "https://www.sbsolver.com/s/2516",
    "fetched_at": "2025-11-05T23:38:00Z",
    "user_agent": "Scraper/1.0 (+)",
    "pool": null,
    "center": null
  }
}