{
  "id": "2517",
  "count": 42,
  "words": [
    "addict",
    "arctic",
    "atria",
    "attar",
    "attic",
    "attract",
    "baccarat",
    "bait",
    "bariatric",
    "brat",
    "cacti",
    "carat",
    "cart",
    "cataract",
    "catbird",
    "ciabatta",
    "citric",
    "critic",
    "dart",
    "data",
    "diacritic",
    "dicta",
    "didact",
    "didactic",
    "dirt",
    "drat",
    "rabbit",
    "raita",
    "ratatat",
    "ribbit",
    "tabard",
    "tacit",
    "tact",
    "tactic",
    "tart",
    "tartar",
    "tiara",
    "tibia",
    "tidbit",
    "tract",
    "trait",
    "triad"
  ],
  "meta": {
    "source_url": "https://www.sbsolver.com/s/2517",
    "fetched_at": "2025-11-05T23:38:04Z",
    "user_agent": "Scraper/1.0 (+)",
    "pool": null,
    "center": null
  }
}