{
  "id": "2518",
  "count": 36,
  "words": [
    "choice",
    "cone",
    "congee",
    "echo",
    "echoic",
    "echoing",
    "egging",
    "eggnog",
    "engine",
    "gene",
    "genie",
    "genii",
    "ghee",
    "gone",
    "heinie",
    "hence",
    "henge",
    "hinge",
    "hoeing",
    "hone",
    "innie",
    "innocence",
    "neigh",
    "neighing",
    "nene",
    "neocon",
    "neon",
    "nice",
    "niche",
    "niece",
    "nine",
    "nonce",
    "none",
    "noogie",
    "ogee",
    "once"
  ],
  "meta": {
    "source_url": "https://www.sbsolver.com/s/2518",
    "fetched_at": "2025-11-05T23:38:09Z",
    "user_agent": "Scraper/1.0 (+)",
    "pool": null,
    "center": null
  }
}