{
  "id": "2519",
  "count": 42,
  "words": [
    "aback",
    "acme",
    "ameba",
    "amebae",
    "ammo",
    "amoeba",
    "amoebae",
    "amok",
    "baba",
    "babe",
    "babka",
    "back",
    "backcomb",
    "bake",
    "bamboo",
    "baobab",
    "beak",
    "beam",
    "became",
    "boba",
    "cacao",
    "cake",
    "came",
    "cameo",
    "camo",
    "coca",
    "cocoa",
    "coma",
    "comeback",
    "comma",
    "kabob",
    "kaboom",
    "kebab",
    "mace",
    "make",
    "mako",
    "mama",
    "mamba",
    "mambo",
    "mamma",
    "mecca",
    "momma"
  ],
  "meta": {
    "source_url": "https://www.sbsolver.com/s/2519",
    "fetched_at": "2025-11-05T23:38:18Z",
    "user_agent": "Scraper/1.0 (+)",
    "pool": null,
    "center": null
  }
}