{
  "id": "2520",
  "count": 41,
  "words": [
    "chignon",
    "chinning",
    "cinching",
    "cocooning",
    "coining",
    "congee",
    "conning",
    "cooing",
    "echoing",
    "egging",
    "eggnog",
    "engine",
    "gene",
    "genie",
    "genii",
    "ghee",
    "gigging",
    "ginning",
    "gnocchi",
    "going",
    "gone",
    "gong",
    "gonging",
    "goon",
    "henge",
    "high",
    "hinge",
    "hinging",
    "hoeing",
    "hogging",
    "honing",
    "icing",
    "inching",
    "inning",
    "neigh",
    "neighing",
    "nigh",
    "noggin",
    "noogie",
    "ogee",
    "ongoing"
  ],
  "meta": {
    "source_url": "https://www.sbsolver.com/s/2520",
    "fetched_at": "2025-11-05T23:38:22Z",
    "user_agent": "Scraper/1.0 (+)",
    "pool": null,
    "center": null
  }
}