{
  "id": "2521",
  "count": 55,
  "words": [
    "action",
    "anion",
    "annotation",
    "anoint",
    "anon",
    "cacao",
    "cannon",
    "cannot",
    "canon",
    "canonic",
    "canonization",
    "canton",
    "catatonia",
    "catatonic",
    "cation",
    "ciao",
    "citation",
    "coat",
    "coati",
    "coca",
    "cocci",
    "cocoa",
    "cocoon",
    "coin",
    "concoct",
    "concoction",
    "conic",
    "connotation",
    "contact",
    "contain",
    "coot",
    "cotton",
    "icon",
    "iconic",
    "inaction",
    "incantation",
    "initiation",
    "into",
    "intonation",
    "ionic",
    "ionization",
    "iota",
    "nation",
    "noon",
    "notation",
    "notion",
    "octant",
    "onion",
    "onto",
    "taco",
    "tattoo",
    "toccata",
    "tonic",
    "toon",
    "toot"
  ],
  "meta": {
    "source_url": "https://www.sbsolver.com/s/2521",
    "fetched_at": "2025-11-05T23:38:27Z",
    "user_agent": "Scraper/1.0 (+)",
    "pool": null,
    "center": null
  }
}