{
  "id": "2522",
  "count": 21,
  "words": [
    "whiling",
    "whinging",
    "whining",
    "whiningly",
    "whinny",
    "whinnying",
    "whiny",
    "wigging",
    "wiggling",
    "wiggly",
    "wiggy",
    "will",
    "willing",
    "willingly",
    "wily",
    "wing",
    "winging",
    "wining",
    "winning",
    "winningly",
    "winy"
  ],
  "meta": {
    "source_url": "https://www.sbsolver.com/s/2522",
    "fetched_at": "2025-11-05T23:38:31Z",
    "user_agent": "Scraper/1.0 (+)",
    "pool": null,
    "center": null
  }
}