{
  "id": "2523",
  "count": 54,
  "words": [
    "cement",
    "cent",
    "cite",
    "emcee",
    "emetic",
    "eminence",
    "eminent",
    "emit",
    "entente",
    "entice",
    "enticement",
    "excite",
    "excitement",
    "exec",
    "exit",
    "extent",
    "extinct",
    "icemen",
    "imminence",
    "imminent",
    "incite",
    "incitement",
    "innie",
    "intent",
    "item",
    "meet",
    "meme",
    "memetic",
    "mentee",
    "mete",
    "mice",
    "mien",
    "mime",
    "mimetic",
    "mince",
    "mine",
    "mite",
    "mitten",
    "nene",
    "next",
    "nice",
    "niece",
    "nine",
    "nineteen",
    "nite",
    "teem",
    "teen",
    "tenement",
    "tenet",
    "tent",
    "text",
    "time",
    "tine",
    "titmice"
  ],
  "meta": {
    "source_url": "https://www.sbsolver.com/s/2523",
    "fetched_at": "2025-11-05T23:38:38Z",
    "user_agent": "Scraper/1.0 (+)",
    "pool": null,
    "center": null
  }
}