{
  "id": "2524",
  "count": 37,
  "words": [
    "achoo",
    "arch",
    "archaic",
    "chad",
    "chador",
    "chai",
    "chair",
    "char",
    "chard",
    "chia",
    "chic",
    "chica",
    "chichi",
    "choir",
    "chord",
    "coach",
    "cochair",
    "coho",
    "dacha",
    "hair",
    "hairdo",
    "hard",
    "hoar",
    "hoard",
    "hooch",
    "hood",
    "hoodoo",
    "hoorah",
    "hora",
    "horrid",
    "horror",
    "ichor",
    "orchard",
    "orchid",
    "radicchio",
    "rich",
    "roach"
  ],
  "meta": {
    "source_url": "https://www.sbsolver.com/s/2524",
    "fetched_at": "2025-11-05T23:38:41Z",
    "user_agent": "Scraper/1.0 (+)",
    "pool": null,
    "center": null
  }
}