{
  "id": "2525",
  "count": 63,
  "words": [
    "elite",
    "entitle",
    "heel",
    "hell",
    "hellhole",
    "hellion",
    "hello",
    "hill",
    "hilt",
    "hole",
    "holt",
    "hotel",
    "hotline",
    "inlet",
    "intel",
    "lenient",
    "lent",
    "lentil",
    "lento",
    "leonine",
    "lien",
    "lilt",
    "line",
    "linen",
    "linnet",
    "lint",
    "lintel",
    "lion",
    "lite",
    "lithe",
    "litho",
    "little",
    "loin",
    "loll",
    "lone",
    "loon",
    "loonie",
    "loot",
    "lotion",
    "lotto",
    "neolith",
    "nettle",
    "noel",
    "nonillion",
    "oleo",
    "olio",
    "ollie",
    "online",
    "telethon",
    "tell",
    "tile",
    "till",
    "tilt",
    "tilth",
    "title",
    "tittle",
    "toil",
    "toile",
    "toilet",
    "toilette",
    "toll",
    "tool",
    "tootle"
  ],
  "meta": {
    "source_url": "https://www.sbsolver.com/s/2525",
    "fetched_at": "2025-11-05T23:38:44Z",
    "user_agent": "Scraper/1.0 (+)",
    "pool": null,
    "center": null
  }
}