{
  "id": "2526",
  "count": 41,
  "words": [
    "allay",
    "ally",
    "anally",
    "apply",
    "aptly",
    "illy",
    "inanity",
    "inaptly",
    "initially",
    "inlay",
    "itty",
    "laity",
    "lily",
    "linty",
    "lippy",
    "litany",
    "nanny",
    "natality",
    "nattily",
    "natty",
    "ninny",
    "nippy",
    "panty",
    "papally",
    "papaya",
    "pappy",
    "patly",
    "patty",
    "pinny",
    "pity",
    "plainly",
    "platypi",
    "play",
    "pliantly",
    "tally",
    "tatty",
    "tinily",
    "tinny",
    "tiny",
    "tippy",
    "yappy"
  ],
  "meta": {
    "source_url": "https://www.sbsolver.com/s/2526",
    "fetched_at": "2025-11-05T23:38:48Z",
    "user_agent": "Scraper/1.0 (+)",
    "pool": null,
    "center": null
  }
}