{
  "id": "2527",
  "count": 48,
  "words": [
    "ague",
    "allude",
    "alluded",
    "delude",
    "deluded",
    "deluge",
    "deluged",
    "dual",
    "dude",
    "duel",
    "dueled",
    "dull",
    "dulled",
    "elude",
    "eluded",
    "gauge",
    "gauged",
    "glue",
    "glued",
    "glug",
    "glugged",
    "gulag",
    "gull",
    "gulled",
    "haul",
    "haulage",
    "hauled",
    "huddle",
    "huddled",
    "hued",
    "huge",
    "hugged",
    "hula",
    "hull",
    "hulled",
    "laud",
    "lauded",
    "laugh",
    "laughed",
    "league",
    "luau",
    "luge",
    "luged",
    "luggage",
    "lugged",
    "lull",
    "lulled",
    "lulu"
  ],
  "meta": {
    "source_url": "https://www.sbsolver.com/s/2527",
    "fetched_at": "2025-11-05T23:38:52Z",
    "user_agent": "Scraper/1.0 (+)",
    "pool": null,
    "center": null
  }
}