{
  "id": "2528",
  "count": 53,
  "words": [
    "aloud",
    "ammo",
    "amoral",
    "amour",
    "ardor",
    "armload",
    "armor",
    "aroma",
    "aurora",
    "auroral",
    "dodo",
    "doll",
    "dollar",
    "dolma",
    "dolor",
    "doodad",
    "doom",
    "door",
    "dorado",
    "dorm",
    "doula",
    "dour",
    "droll",
    "drool",
    "drumroll",
    "load",
    "loam",
    "loll",
    "loom",
    "lord",
    "loud",
    "malodor",
    "modal",
    "modular",
    "molar",
    "mold",
    "moll",
    "momma",
    "mood",
    "moola",
    "moor",
    "moral",
    "mudroom",
    "odor",
    "oral",
    "ramrod",
    "road",
    "roam",
    "roar",
    "roll",
    "rood",
    "room",
    "rumor"
  ],
  "meta": {
    "source_url": "https://www.sbsolver.com/s/2528",
    "fetched_at": "2025-11-05T23:38:55Z",
    "user_agent": "Scraper/1.0 (+)",
    "pool": null,
    "center": null
  }
}