{
  "id": "2529",
  "count": 36,
  "words": [
    "aback",
    "alack",
    "alpaca",
    "apace",
    "back",
    "backpack",
    "beck",
    "black",
    "blackball",
    "blackcap",
    "cabal",
    "cabala",
    "cable",
    "cackle",
    "cake",
    "call",
    "calla",
    "callable",
    "callback",
    "capable",
    "cape",
    "celeb",
    "cell",
    "clack",
    "clap",
    "clapback",
    "lace",
    "lack",
    "pace",
    "pack",
    "packable",
    "palace",
    "peace",
    "peaceable",
    "peck",
    "place"
  ],
  "meta": {
    "source_url": "https://www.sbsolver.com/s/2529",
    "fetched_at": "2025-11-05T23:38:59Z",
    "user_agent": "Scraper/1.0 (+)",
    "pool": null,
    "center": null
  }
}