{
  "id": "2530",
  "count": 52,
  "words": [
    "gigolo",
    "glow",
    "glowing",
    "goggling",
    "going",
    "gong",
    "gonging",
    "googling",
    "googol",
    "goon",
    "gown",
    "gowning",
    "hogging",
    "holing",
    "hollow",
    "hollowing",
    "honing",
    "howl",
    "howling",
    "igloo",
    "lingo",
    "lion",
    "logging",
    "login",
    "logo",
    "loin",
    "loll",
    "lolling",
    "long",
    "longing",
    "loon",
    "lowing",
    "noggin",
    "nohow",
    "nonillion",
    "noon",
    "ogling",
    "oiling",
    "olio",
    "ongoing",
    "onion",
    "oolong",
    "owing",
    "owning",
    "willow",
    "winnow",
    "winnowing",
    "wino",
    "woohoo",
    "wooing",
    "wool",
    "wowing"
  ],
  "meta": {
    "source_url": "https://www.sbsolver.com/s/2530",
    "fetched_at": "2025-11-05T23:39:03Z",
    "user_agent": "Scraper/1.0 (+)",
    "pool": null,
    "center": null
  }
}