{
  "id": "2531",
  "count": 63,
  "words": [
    "bedded",
    "beef",
    "beefed",
    "befell",
    "belie",
    "belied",
    "belief",
    "bell",
    "belle",
    "belled",
    "bellied",
    "bible",
    "bide",
    "bided",
    "biff",
    "biffed",
    "bifold",
    "bile",
    "bill",
    "billed",
    "billfold",
    "bled",
    "bleed",
    "blob",
    "blobbed",
    "blood",
    "blooded",
    "bloodied",
    "bobbed",
    "bobble",
    "bobbled",
    "bode",
    "boded",
    "bodied",
    "boffo",
    "boil",
    "boiled",
    "bold",
    "bolded",
    "boll",
    "bolo",
    "boob",
    "booboo",
    "boodle",
    "booed",
    "doobie",
    "ebbed",
    "edible",
    "feeble",
    "fibbed",
    "fobbed",
    "foible",
    "libel",
    "libeled",
    "libelee",
    "libido",
    "lifeblood",
    "lobbed",
    "lobbied",
    "lobe",
    "lobed",
    "lobo",
    "oboe"
  ],
  "meta": {
    "source_url": "https://www.sbsolver.com/s/2531",
    "fetched_at": "2025-11-05T23:39:08Z",
    "user_agent": "Scraper/1.0 (+)",
    "pool": null,
    "center": null
  }
}