{
  "id": "2532",
  "count": 56,
  "words": [
    "mommy",
    "mono",
    "mononym",
    "monotony",
    "moon",
    "moony",
    "moor",
    "moot",
    "morn",
    "moron",
    "motor",
    "motto",
    "noon",
    "norm",
    "onto",
    "pomp",
    "pompom",
    "pontoon",
    "pony",
    "poop",
    "poor",
    "poppy",
    "porn",
    "porno",
    "port",
    "potty",
    "prom",
    "promo",
    "promontory",
    "prompt",
    "pronto",
    "prop",
    "proton",
    "pyro",
    "romp",
    "room",
    "roomy",
    "root",
    "ropy",
    "rotor",
    "tommyrot",
    "tony",
    "toon",
    "toot",
    "toponym",
    "toponymy",
    "torn",
    "toro",
    "torpor",
    "tort",
    "tromp",
    "troop",
    "trot",
    "troy",
    "typo",
    "tyro"
  ],
  "meta": {
    "source_url": "https://www.sbsolver.com/s/2532",
    "fetched_at": "2025-11-05T23:39:11Z",
    "user_agent": "Scraper/1.0 (+)",
    "pool": null,
    "center": null
  }
}