{
  "id": "2533",
  "count": 23,
  "words": [
    "agape",
    "apogee",
    "bebop",
    "beep",
    "boop",
    "epee",
    "gape",
    "goop",
    "goopy",
    "page",
    "pageboy",
    "papa",
    "papaya",
    "pappy",
    "payee",
    "peep",
    "peppy",
    "pogo",
    "poop",
    "pope",
    "poppa",
    "poppy",
    "yappy"
  ],
  "meta": {
    "source_url": "https://www.sbsolver.com/s/2533",
    "fetched_at": "2025-11-05T23:39:15Z",
    "user_agent": "Scraper/1.0 (+)",
    "pool": null,
    "center": null
  }
}