{
  "id": "2534",
  "count": 39,
  "words": [
    "arctic",
    "aria",
    "arum",
    "atria",
    "atrium",
    "attar",
    "attract",
    "aura",
    "carat",
    "cart",
    "cataract",
    "circa",
    "circuit",
    "cirri",
    "citric",
    "cram",
    "critic",
    "curium",
    "curt",
    "maraca",
    "marm",
    "mart",
    "murmur",
    "raita",
    "ratatat",
    "tamari",
    "tarmac",
    "tart",
    "tartar",
    "tiara",
    "tract",
    "trait",
    "tram",
    "tramcar",
    "trauma",
    "traumatic",
    "trim",
    "tritium",
    "uric"
  ],
  "meta": {
    "source_url": "https://www.sbsolver.com/s/2534",
    "fetched_at": "2025-11-05T23:39:18Z",
    "user_agent": "Scraper/1.0 (+)",
    "pool": null,
    "center": null
  }
}