{
  "id": "2535",
  "count": 60,
  "words": [
    "agate",
    "agent",
    "aglet",
    "alga",
    "algae",
    "algal",
    "allege",
    "angel",
    "angle",
    "eagle",
    "eaglet",
    "eggy",
    "elegant",
    "elegantly",
    "elegy",
    "engage",
    "entangle",
    "gaga",
    "gage",
    "gaggle",
    "gala",
    "galangal",
    "gale",
    "galette",
    "gall",
    "gallant",
    "gallantly",
    "galley",
    "gang",
    "gangly",
    "gannet",
    "gate",
    "gayly",
    "gelee",
    "gelt",
    "gene",
    "gent",
    "genteel",
    "gentle",
    "gently",
    "glean",
    "glee",
    "glen",
    "gnat",
    "laggy",
    "lallygag",
    "legal",
    "legally",
    "legate",
    "legatee",
    "leggy",
    "naggy",
    "negate",
    "tang",
    "tangent",
    "tangle",
    "tangly",
    "tangy",
    "teenage",
    "yang"
  ],
  "meta": {
    "source_url": "https://www.sbsolver.com/s/2535",
    "fetched_at": "2025-11-05T23:39:23Z",
    "user_agent": "Scraper/1.0 (+)",
    "pool": null,
    "center": null
  }
}