{
  "id": "2536",
  "count": 23,
  "words": [
    "acacia",
    "acai",
    "acid",
    "acidic",
    "addict",
    "adduct",
    "attic",
    "audit",
    "avid",
    "cacti",
    "cava",
    "cicada",
    "data",
    "dicta",
    "didact",
    "didactic",
    "diva",
    "ducat",
    "tacit",
    "tact",
    "tactic",
    "taut",
    "viaduct"
  ],
  "meta": {
    "source_url": "https://www.sbsolver.com/s/2536",
    "fetched_at": "2025-11-05T23:39:26Z",
    "user_agent": "Scraper/1.0 (+)",
    "pool": null,
    "center": null
  }
}