{
  "id": "2537",
  "count": 48,
  "words": [
    "into",
    "intuition",
    "limo",
    "lion",
    "loin",
    "loll",
    "loom",
    "loon",
    "loot",
    "lotion",
    "lotto",
    "lout",
    "million",
    "minion",
    "moil",
    "moll",
    "molt",
    "mono",
    "moon",
    "moonlit",
    "moot",
    "motion",
    "motto",
    "mount",
    "mullion",
    "multimillion",
    "munition",
    "mutton",
    "nonillion",
    "nonunion",
    "noon",
    "notion",
    "noun",
    "olio",
    "omit",
    "onion",
    "onto",
    "toil",
    "toll",
    "tomtit",
    "tool",
    "toon",
    "toot",
    "tout",
    "tuition",
    "union",
    "unmount",
    "unto"
  ],
  "meta": {
    "source_url": "https://www.sbsolver.com/s/2537",
    "fetched_at": "2025-11-05T23:39:30Z",
    "user_agent": "Scraper/1.0 (+)",
    "pool": null,
    "center": null
  }
}