{
  "id": "2538",
  "count": 54,
  "words": [
    "alien",
    "alienable",
    "anal",
    "annal",
    "anneal",
    "baleen",
    "banal",
    "banana",
    "bane",
    "bean",
    "beanball",
    "beanie",
    "beeline",
    "been",
    "befallen",
    "biennia",
    "biennial",
    "blin",
    "blini",
    "elan",
    "elfin",
    "enable",
    "enfeeble",
    "fallen",
    "feline",
    "fennel",
    "final",
    "finale",
    "fine",
    "finial",
    "flan",
    "flannel",
    "inalienable",
    "inane",
    "ineffable",
    "infallible",
    "infill",
    "innie",
    "lain",
    "lanai",
    "lane",
    "lean",
    "lien",
    "lifeline",
    "line",
    "lineal",
    "linen",
    "naan",
    "naif",
    "nail",
    "nana",
    "nene",
    "nibble",
    "nine"
  ],
  "meta": {
    "source_url": "https://www.sbsolver.com/s/2538",
    "fetched_at": "2025-11-05T23:39:33Z",
    "user_agent": "Scraper/1.0 (+)",
    "pool": null,
    "center": null
  }
}