{
  "id": "2539",
  "count": 33,
  "words": [
    "belie",
    "bell",
    "belle",
    "bible",
    "bile",
    "bilk",
    "bill",
    "blob",
    "bloke",
    "bobble",
    "boil",
    "boll",
    "bollix",
    "bolo",
    "boxlike",
    "exile",
    "keel",
    "kibble",
    "kill",
    "kilo",
    "leek",
    "libel",
    "libelee",
    "like",
    "lobe",
    "lobo",
    "loll",
    "look",
    "lookbook",
    "oleo",
    "olio",
    "ollie",
    "oxlike"
  ],
  "meta": {
    "source_url": "https://www.sbsolver.com/s/2539",
    "fetched_at": "2025-11-05T23:39:37Z",
    "user_agent": "Scraper/1.0 (+)",
    "pool": null,
    "center": null
  }
}