{
  "id": "2540",
  "count": 41,
  "words": [
    "apian",
    "aping",
    "gaping",
    "graph",
    "graphing",
    "grappa",
    "grip",
    "griping",
    "gripping",
    "hairpin",
    "harp",
    "harping",
    "napping",
    "nipping",
    "pagan",
    "paging",
    "pain",
    "paining",
    "pair",
    "pairing",
    "pang",
    "panini",
    "panning",
    "papa",
    "paragraph",
    "paragraphing",
    "pariah",
    "paring",
    "pigging",
    "ping",
    "pinging",
    "pining",
    "pinning",
    "piping",
    "pippin",
    "piranha",
    "prig",
    "rapini",
    "rapping",
    "riparian",
    "ripping"
  ],
  "meta": {
    "source_url": "https://www.sbsolver.com/s/2540",
    "fetched_at": "2025-11-05T23:39:40Z",
    "user_agent": "Scraper/1.0 (+)",
    "pool": null,
    "center": null
  }
}