{
  "id": "2541",
  "count": 51,
  "words": [
    "accent",
    "accept",
    "acceptance",
    "acetate",
    "ante",
    "antenna",
    "antennae",
    "cant",
    "cantata",
    "canteen",
    "catnap",
    "cent",
    "cetacean",
    "eaten",
    "enact",
    "entente",
    "exact",
    "exacta",
    "except",
    "expat",
    "expect",
    "expectant",
    "extant",
    "extent",
    "natant",
    "neat",
    "neaten",
    "next",
    "pact",
    "pancetta",
    "pant",
    "pate",
    "patent",
    "patentee",
    "peat",
    "pennant",
    "pent",
    "pentane",
    "tacet",
    "tact",
    "tapa",
    "tape",
    "taxa",
    "teat",
    "teen",
    "teepee",
    "tenant",
    "tenet",
    "tent",
    "tepee",
    "text"
  ],
  "meta": {
    "source_url": "https://www.sbsolver.com/s/2541",
    "fetched_at": "2025-11-05T23:39:47Z",
    "user_agent": "Scraper/1.0 (+)",
    "pool": null,
    "center": null
  }
}