{
  "id": "2542",
  "count": 54,
  "words": [
    "cellule",
    "cellulite",
    "clue",
    "clued",
    "cuddle",
    "cuddled",
    "cued",
    "cull",
    "culled",
    "cult",
    "cultic",
    "cute",
    "cuticle",
    "cutie",
    "cutlet",
    "cuttle",
    "deduce",
    "deduced",
    "deduct",
    "deducted",
    "delude",
    "deluded",
    "deuce",
    "dilute",
    "diluted",
    "duct",
    "ducted",
    "ductile",
    "dude",
    "duel",
    "dueled",
    "duet",
    "duetted",
    "dulcet",
    "dull",
    "dulled",
    "educe",
    "educed",
    "elude",
    "eluded",
    "etude",
    "lettuce",
    "lieu",
    "lucid",
    "lull",
    "lulled",
    "lulu",
    "lute",
    "tulle",
    "tutee",
    "tutted",
    "tutti",
    "tutu",
    "utile"
  ],
  "meta": {
    "source_url": "https://www.sbsolver.com/s/2542",
    "fetched_at": "2025-11-05T23:39:50Z",
    "user_agent": "Scraper/1.0 (+)",
    "pool": null,
    "center": null
  }
}