{
  "id": "2543",
  "count": 29,
  "words": [
    "ameba",
    "amebae",
    "beam",
    "begem",
    "game",
    "gamete",
    "gamma",
    "gamy",
    "mage",
    "magma",
    "mama",
    "mamba",
    "mamma",
    "mate",
    "matey",
    "matte",
    "maybe",
    "meat",
    "meaty",
    "meet",
    "mega",
    "megabyte",
    "meme",
    "meta",
    "mete",
    "tame",
    "team",
    "teammate",
    "teem"
  ],
  "meta": {
    "source_url": "https://www.sbsolver.com/s/2543",
    "fetched_at": "2025-11-05T23:39:54Z",
    "user_agent": "Scraper/1.0 (+)",
    "pool": null,
    "center": null
  }
}