{
  "id": "2544",
  "count": 48,
  "words": [
    "alit",
    "amity",
    "atilt",
    "attic",
    "cacti",
    "calamity",
    "catalytic",
    "catalytically",
    "catcall",
    "cattail",
    "cattily",
    "catty",
    "city",
    "climactic",
    "climactically",
    "climatic",
    "climatically",
    "illicit",
    "illicitly",
    "italic",
    "itty",
    "lactic",
    "laity",
    "licit",
    "licitly",
    "lilt",
    "limit",
    "malt",
    "malty",
    "militia",
    "mitt",
    "tacit",
    "tacitly",
    "tact",
    "tactic",
    "tactical",
    "tactically",
    "tactility",
    "tail",
    "talc",
    "tali",
    "tall",
    "tallit",
    "tally",
    "tatami",
    "tatty",
    "till",
    "tilt"
  ],
  "meta": {
    "source_url": "https://www.sbsolver.com/s/2544",
    "fetched_at": "2025-11-05T23:39:57Z",
    "user_agent": "Scraper/1.0 (+)",
    "pool": null,
    "center": null
  }
}