{
  "id": "2545",
  "count": 56,
  "words": [
    "agog",
    "aioli",
    "aloha",
    "along",
    "analog",
    "anion",
    "anon",
    "gallon",
    "ganglion",
    "gigolo",
    "goal",
    "goggling",
    "going",
    "gong",
    "gonging",
    "gonna",
    "googling",
    "googol",
    "goon",
    "halo",
    "haloing",
    "hogan",
    "hogging",
    "holing",
    "honing",
    "hooligan",
    "igloo",
    "lagoon",
    "lanolin",
    "lingo",
    "lion",
    "llano",
    "loan",
    "loaning",
    "loggia",
    "logging",
    "login",
    "logo",
    "loin",
    "loll",
    "lolling",
    "long",
    "longan",
    "longing",
    "loon",
    "noggin",
    "nonagon",
    "nonagonal",
    "nonillion",
    "noon",
    "ogling",
    "oiling",
    "olio",
    "ongoing",
    "onion",
    "oolong"
  ],
  "meta": {
    "source_url": "https://www.sbsolver.com/s/2545",
    "fetched_at": "2025-11-05T23:40:03Z",
    "user_agent": "Scraper/1.0 (+)",
    "pool": null,
    "center": null
  }
}