{
  "id": "2546",
  "count": 32,
  "words": [
    "anal",
    "annal",
    "annual",
    "annul",
    "annuli",
    "apian",
    "faun",
    "fauna",
    "faunal",
    "final",
    "finial",
    "flan",
    "infill",
    "lain",
    "lanai",
    "luna",
    "lunula",
    "naan",
    "naif",
    "nail",
    "nana",
    "null",
    "pain",
    "painful",
    "panini",
    "pinup",
    "pippin",
    "plain",
    "plan",
    "puffin",
    "ulna",
    "unpin"
  ],
  "meta": {
    "source_url": "https://www.sbsolver.com/s/2546",
    "fetched_at": "2025-11-05T23:40:06Z",
    "user_agent": "Scraper/1.0 (+)",
    "pool": null,
    "center": null
  }
}