{
  "id": "2547",
  "count": 28,
  "words": [
    "ahead",
    "deadhead",
    "deadheaded",
    "hand",
    "handed",
    "hawed",
    "head",
    "headed",
    "headwind",
    "heed",
    "heeded",
    "heehaw",
    "heehawed",
    "heinie",
    "henna",
    "hennaed",
    "hewed",
    "hewn",
    "hidden",
    "hide",
    "hind",
    "wahine",
    "whee",
    "when",
    "whew",
    "whine",
    "whined",
    "whinnied"
  ],
  "meta": {
    "source_url": "https://www.sbsolver.com/s/2547",
    "fetched_at": "2025-11-05T23:40:09Z",
    "user_agent": "Scraper/1.0 (+)",
    "pool": null,
    "center": null
  }
}