{
  "id": "2548",
  "count": 48,
  "words": [
    "deed",
    "deeded",
    "defied",
    "deft",
    "defy",
    "deified",
    "deify",
    "deity",
    "died",
    "diet",
    "dieted",
    "dyed",
    "eddied",
    "eddy",
    "edge",
    "edged",
    "edgy",
    "edified",
    "edify",
    "edit",
    "edited",
    "effete",
    "effigy",
    "egged",
    "eggy",
    "eyed",
    "feed",
    "feet",
    "fete",
    "feted",
    "fetid",
    "fidget",
    "fidgeted",
    "fidgety",
    "fief",
    "fife",
    "fifed",
    "fitted",
    "gifted",
    "gigged",
    "teddy",
    "teed",
    "teff",
    "tide",
    "tided",
    "tidied",
    "tied",
    "yeti"
  ],
  "meta": {
    "source_url": "https://www.sbsolver.com/s/2548",
    "fetched_at": "2025-11-05T23:40:15Z",
    "user_agent": "Scraper/1.0 (+)",
    "pool": null,
    "center": null
  }
}