{
  "id": "2549",
  "count": 64,
  "words": [
    "adagio",
    "adding",
    "addling",
    "aiding",
    "dandling",
    "dang",
    "dangling",
    "diagonal",
    "dial",
    "dialing",
    "dialog",
    "diddling",
    "digging",
    "dildo",
    "dill",
    "ding",
    "dinging",
    "dingo",
    "dining",
    "dino",
    "dodging",
    "dodo",
    "dogging",
    "doggo",
    "doing",
    "doling",
    "doll",
    "dolling",
    "dong",
    "donning",
    "doodad",
    "doodling",
    "gadding",
    "gangland",
    "gild",
    "gilding",
    "glad",
    "gladioli",
    "gland",
    "gliding",
    "goad",
    "goading",
    "gold",
    "gonad",
    "gondola",
    "good",
    "idling",
    "idol",
    "indigo",
    "inlaid",
    "inland",
    "lading",
    "ladling",
    "laid",
    "land",
    "landing",
    "load",
    "loading",
    "lodging",
    "nada",
    "naiad",
    "nodal",
    "nodding",
    "noodling"
  ],
  "meta": {
    "source_url": "https://www.sbsolver.com/s/2549",
    "fetched_at": "2025-11-05T23:40:20Z",
    "user_agent": "Scraper/1.0 (+)",
    "pool": null,
    "center": null
  }
}