{
  "id": "2550",
  "count": 46,
  "words": [
    "clomp",
    "come",
    "comet",
    "comp",
    "compel",
    "compete",
    "complete",
    "compote",
    "emcee",
    "emote",
    "locomote",
    "loom",
    "meet",
    "melee",
    "melt",
    "meme",
    "memo",
    "mete",
    "mettle",
    "mole",
    "moll",
    "molt",
    "moot",
    "mope",
    "moppet",
    "mote",
    "motel",
    "motet",
    "mottle",
    "motto",
    "omelet",
    "omelette",
    "poem",
    "pome",
    "pomelo",
    "pommel",
    "pomp",
    "pompom",
    "teem",
    "telecom",
    "temp",
    "temple",
    "tempo",
    "tempt",
    "tome",
    "totem"
  ],
  "meta": {
    "source_url": "https://www.sbsolver.com/s/2550",
    "fetched_at": "2025-11-05T23:40:28Z",
    "user_agent": "Scraper/1.0 (+)",
    "pool": null,
    "center": null
  }
}