{
  "id": "2551",
  "count": 29,
  "words": [
    "giggly",
    "gigolo",
    "gill",
    "girl",
    "girly",
    "glory",
    "goggly",
    "golly",
    "googly",
    "googol",
    "grill",
    "groggily",
    "igloo",
    "illy",
    "lily",
    "logo",
    "logroll",
    "logy",
    "loll",
    "lorry",
    "oily",
    "olio",
    "rill",
    "roil",
    "roll",
    "vigil",
    "viol",
    "virology",
    "vlog"
  ],
  "meta": {
    "source_url": "https://www.sbsolver.com/s/2551",
    "fetched_at": "2025-11-05T23:40:32Z",
    "user_agent": "Scraper/1.0 (+)",
    "pool": null,
    "center": null
  }
}