{
  "id": "2552",
  "count": 71,
  "words": [
    "acacia",
    "acai",
    "acetic",
    "ancient",
    "anti",
    "antic",
    "attain",
    "attic",
    "cacti",
    "canine",
    "cantina",
    "chai",
    "chain",
    "chia",
    "chianti",
    "chic",
    "chica",
    "chichi",
    "chin",
    "china",
    "chit",
    "chitchat",
    "chitin",
    "cinch",
    "cite",
    "echinacea",
    "enchain",
    "entice",
    "ethic",
    "ethnic",
    "hectic",
    "heinie",
    "hint",
    "hitch",
    "inane",
    "incant",
    "inch",
    "incite",
    "initiate",
    "innate",
    "innie",
    "intact",
    "intent",
    "itch",
    "niacin",
    "nice",
    "niche",
    "niece",
    "nine",
    "nineteen",
    "nineteenth",
    "ninetieth",
    "ninth",
    "nite",
    "tacit",
    "tactic",
    "tactician",
    "tahini",
    "taint",
    "tannic",
    "tannin",
    "techie",
    "technician",
    "thin",
    "thine",
    "tinct",
    "tine",
    "tint",
    "titan",
    "titanic",
    "tithe"
  ],
  "meta": {
    "source_url": "https://www.sbsolver.com/s/2552",
    "fetched_at": "2025-11-05T23:40:37Z",
    "user_agent": "Scraper/1.0 (+)",
    "pool": null,
    "center": null
  }
}