{
  "id": "2553",
  "count": 50,
  "words": [
    "code",
    "coded",
    "coed",
    "coho",
    "cooed",
    "coot",
    "cote",
    "couch",
    "couched",
    "couth",
    "cutout",
    "deco",
    "decoct",
    "decocted",
    "decode",
    "decoded",
    "dodo",
    "doeth",
    "dote",
    "doted",
    "doth",
    "dotted",
    "douche",
    "douched",
    "echo",
    "echoed",
    "hoed",
    "hooch",
    "hood",
    "hooded",
    "hoodoo",
    "hoot",
    "hooted",
    "octet",
    "ouch",
    "outdo",
    "outed",
    "thou",
    "toed",
    "toot",
    "tooted",
    "tooth",
    "toothed",
    "tote",
    "toted",
    "touch",
    "touche",
    "touched",
    "tout",
    "touted"
  ],
  "meta": {
    "source_url": "https://www.sbsolver.com/s/2553",
    "fetched_at": "2025-11-05T23:40:42Z",
    "user_agent": "Scraper/1.0 (+)",
    "pool": null,
    "center": null
  }
}