{
  "id": "2554",
  "count": 46,
  "words": [
    "appall",
    "apron",
    "lamp",
    "lampoon",
    "lollop",
    "loop",
    "malaprop",
    "napalm",
    "nonpolar",
    "opal",
    "palapa",
    "pall",
    "pallor",
    "palm",
    "palp",
    "pampa",
    "panama",
    "panorama",
    "papa",
    "papal",
    "paranormal",
    "parlor",
    "parol",
    "plan",
    "planar",
    "plop",
    "polar",
    "poll",
    "polo",
    "pomp",
    "pompano",
    "pompom",
    "pool",
    "poolroom",
    "poop",
    "poor",
    "poplar",
    "poppa",
    "porn",
    "porno",
    "pram",
    "prom",
    "promo",
    "prop",
    "ramp",
    "romp"
  ],
  "meta": {
    "source_url": "https://www.sbsolver.com/s/2554",
    "fetched_at": "2025-11-05T23:40:45Z",
    "user_agent": "Scraper/1.0 (+)",
    "pool": null,
    "center": null
  }
}