{
  "id": "2555",
  "count": 40,
  "words": [
    "eggnog",
    "genome",
    "gnome",
    "going",
    "gone",
    "gong",
    "gonging",
    "goon",
    "gown",
    "gowning",
    "memo",
    "meow",
    "meowing",
    "mimeo",
    "minion",
    "minnow",
    "mono",
    "mooing",
    "moon",
    "mooning",
    "mowing",
    "mown",
    "neon",
    "noggin",
    "nominee",
    "none",
    "noogie",
    "noon",
    "ogee",
    "omen",
    "ongoing",
    "onion",
    "owing",
    "owning",
    "winnow",
    "winnowing",
    "wino",
    "women",
    "wooing",
    "wowing"
  ],
  "meta": {
    "source_url": "https://www.sbsolver.com/s/2555",
    "fetched_at": "2025-11-05T23:40:49Z",
    "user_agent": "Scraper/1.0 (+)",
    "pool": null,
    "center": null
  }
}