{
  "id": "2556",
  "count": 43,
  "words": [
    "clinic",
    "cocoon",
    "coin",
    "colon",
    "colonic",
    "common",
    "commotion",
    "concoct",
    "concoction",
    "conic",
    "cotillion",
    "cotton",
    "icon",
    "iconic",
    "into",
    "ionic",
    "limn",
    "lint",
    "lion",
    "locomotion",
    "loin",
    "loon",
    "lotion",
    "million",
    "mini",
    "minim",
    "minion",
    "mint",
    "mono",
    "moon",
    "moonlit",
    "motion",
    "noncom",
    "nonillion",
    "noon",
    "notion",
    "octillion",
    "onion",
    "onto",
    "tinct",
    "tint",
    "tonic",
    "toon"
  ],
  "meta": {
    "source_url": "https://www.sbsolver.com/s/2556",
    "fetched_at": "2025-11-05T23:40:52Z",
    "user_agent": "Scraper/1.0 (+)",
    "pool": null,
    "center": null
  }
}