{
  "id": "2557",
  "count": 58,
  "words": [
    "altar",
    "apart",
    "apparat",
    "arctic",
    "aria",
    "aril",
    "atria",
    "atrial",
    "attar",
    "attract",
    "carat",
    "carp",
    "carpal",
    "carpi",
    "cart",
    "cataract",
    "circa",
    "cirri",
    "citric",
    "claptrap",
    "crap",
    "critic",
    "critical",
    "lair",
    "lariat",
    "liar",
    "lira",
    "pair",
    "part",
    "partial",
    "partita",
    "pillar",
    "piratic",
    "practical",
    "prat",
    "priapic",
    "racial",
    "rail",
    "railcar",
    "raita",
    "rapt",
    "ratatat",
    "rattail",
    "rattrap",
    "rial",
    "rill",
    "tapir",
    "tarp",
    "tart",
    "tartar",
    "tiara",
    "tract",
    "trail",
    "trait",
    "trap",
    "trial",
    "trill",
    "trip"
  ],
  "meta": {
    "source_url": "https://www.sbsolver.com/s/2557",
    "fetched_at": "2025-11-05T23:40:58Z",
    "user_agent": "Scraper/1.0 (+)",
    "pool": null,
    "center": null
  }
}