{
  "id": "2558",
  "count": 30,
  "words": [
    "dolor",
    "door",
    "dory",
    "dowry",
    "drill",
    "droid",
    "droll",
    "drolly",
    "drool",
    "drooly",
    "dryly",
    "lord",
    "lordly",
    "lordy",
    "lorry",
    "odor",
    "rill",
    "roil",
    "roll",
    "rood",
    "rowdily",
    "rowdy",
    "wiry",
    "word",
    "wordily",
    "wordy",
    "world",
    "worldly",
    "worry",
    "wryly"
  ],
  "meta": {
    "source_url": "https://www.sbsolver.com/s/2558",
    "fetched_at": "2025-11-05T23:41:01Z",
    "user_agent": "Scraper/1.0 (+)",
    "pool": null,
    "center": null
  }
}