{
  "id": "2559",
  "count": 41,
  "words": [
    "ahem",
    "amen",
    "ammo",
    "anemone",
    "apeman",
    "apemen",
    "enema",
    "heme",
    "hemp",
    "home",
    "homophone",
    "mama",
    "mamma",
    "mammon",
    "mane",
    "manna",
    "mean",
    "meme",
    "memo",
    "moan",
    "momma",
    "mono",
    "moon",
    "mope",
    "name",
    "omen",
    "oompah",
    "oomph",
    "pampa",
    "panama",
    "penman",
    "penmen",
    "phenom",
    "phenomena",
    "phenomenon",
    "phoneme",
    "poem",
    "pome",
    "pomp",
    "pompano",
    "pompom"
  ],
  "meta": {
    "source_url": "https://www.sbsolver.com/s/2559",
    "fetched_at": "2025-11-05T23:41:04Z",
    "user_agent": "Scraper/1.0 (+)",
    "pool": null,
    "center": null
  }
}