{
  "id": "2560",
  "count": 35,
  "words": [
    "cake",
    "caked",
    "dank",
    "deck",
    "decked",
    "deke",
    "deked",
    "eked",
    "kappa",
    "keen",
    "keened",
    "keep",
    "knack",
    "knead",
    "kneaded",
    "knee",
    "kneecap",
    "kneecapped",
    "kneed",
    "kneepad",
    "naked",
    "nankeen",
    "neck",
    "necked",
    "pack",
    "packed",
    "pancake",
    "pancaked",
    "peak",
    "peaked",
    "peck",
    "pecked",
    "peek",
    "peeked",
    "peke"
  ],
  "meta": {
    "source_url": "https://www.sbsolver.com/s/2560",
    "fetched_at": "2025-11-05T23:41:08Z",
    "user_agent": "Scraper/1.0 (+)",
    "pool": null,
    "center": null
  }
}