{
  "id": "2561",
  "count": 27,
  "words": [
    "binging",
    "bingo",
    "binning",
    "bobbin",
    "bobbing",
    "bogging",
    "boing",
    "bonbon",
    "bong",
    "bongo",
    "boning",
    "bonobo",
    "boob",
    "booboo",
    "booing",
    "boon",
    "boxing",
    "bugging",
    "bung",
    "bunion",
    "gibbon",
    "gibing",
    "inbox",
    "noob",
    "nubbin",
    "unbox",
    "unboxing"
  ],
  "meta": {
    "source_url": "https://www.sbsolver.com/s/2561",
    "fetched_at": "2025-11-05T23:41:12Z",
    "user_agent": "Scraper/1.0 (+)",
    "pool": null,
    "center": null
  }
}