{
  "id": "2562",
  "count": 33,
  "words": [
    "agog",
    "aioli",
    "cacao",
    "calico",
    "callaloo",
    "ciao",
    "cloaca",
    "clog",
    "coal",
    "coca",
    "cocci",
    "cocoa",
    "coil",
    "cola",
    "colic",
    "cool",
    "gigolo",
    "goal",
    "googol",
    "igloo",
    "illogic",
    "illogical",
    "local",
    "loci",
    "loco",
    "loggia",
    "logic",
    "logical",
    "logo",
    "loll",
    "olio",
    "zoologic",
    "zoological"
  ],
  "meta": {
    "source_url": "https://www.sbsolver.com/s/2562",
    "fetched_at": "2025-11-05T23:41:16Z",
    "user_agent": "Scraper/1.0 (+)",
    "pool": null,
    "center": null
  }
}