{
  "id": "2563",
  "count": 40,
  "words": [
    "adenine",
    "aide",
    "aided",
    "aphid",
    "apian",
    "denied",
    "died",
    "dine",
    "dined",
    "dipped",
    "eddied",
    "heinie",
    "hidden",
    "hide",
    "hind",
    "hippie",
    "idea",
    "inane",
    "indeed",
    "indie",
    "innie",
    "naiad",
    "nannied",
    "nine",
    "ninepin",
    "nipped",
    "paid",
    "pain",
    "pained",
    "panini",
    "pied",
    "pine",
    "pined",
    "pinhead",
    "pinheaded",
    "pinned",
    "pinniped",
    "pipe",
    "piped",
    "pippin"
  ],
  "meta": {
    "source_url": "https://www.sbsolver.com/s/2563",
    "fetched_at": "2025-11-05T23:41:19Z",
    "user_agent": "Scraper/1.0 (+)",
    "pool": null,
    "center": null
  }
}