{
  "id": "2564",
  "count": 47,
  "words": [
    "ache",
    "ahem",
    "attach",
    "attache",
    "cache",
    "cachet",
    "catch",
    "chat",
    "cheat",
    "check",
    "checkmate",
    "cheek",
    "cheetah",
    "each",
    "etch",
    "hack",
    "haka",
    "hake",
    "hamate",
    "hatch",
    "hatchet",
    "hate",
    "hath",
    "hatha",
    "heat",
    "heath",
    "heck",
    "heme",
    "ketch",
    "machete",
    "mahatma",
    "match",
    "matcha",
    "matchmake",
    "math",
    "meth",
    "tach",
    "teach",
    "tech",
    "teeth",
    "teethe",
    "that",
    "thatch",
    "thee",
    "them",
    "theme",
    "theta"
  ],
  "meta": {
    "source_url": "https://www.sbsolver.com/s/2564",
    "fetched_at": "2025-11-05T23:41:22Z",
    "user_agent": "Scraper/1.0 (+)",
    "pool": null,
    "center": null
  }
}