{
  "id": "2565",
  "count": 40,
  "words": [
    "bebop",
    "beep",
    "bleep",
    "blip",
    "bloop",
    "blowpipe",
    "boop",
    "elope",
    "epee",
    "lipo",
    "lollipop",
    "lollop",
    "loop",
    "lope",
    "pebble",
    "peel",
    "peep",
    "peewee",
    "people",
    "pewee",
    "pile",
    "pill",
    "pillow",
    "pipe",
    "pleb",
    "plebe",
    "plie",
    "plop",
    "plow",
    "pole",
    "polio",
    "poll",
    "polo",
    "pool",
    "poop",
    "pope",
    "powwow",
    "weep",
    "weepie",
    "wipe"
  ],
  "meta": {
    "source_url": "https://www.sbsolver.com/s/2565",
    "fetched_at": "2025-11-05T23:41:27Z",
    "user_agent": "Scraper/1.0 (+)",
    "pool": null,
    "center": null
  }
}