{
  "id": "2566",
  "count": 65,
  "words": [
    "alien",
    "alienate",
    "alit",
    "allele",
    "anal",
    "annal",
    "anneal",
    "antenatal",
    "atilt",
    "azalea",
    "elan",
    "elate",
    "elite",
    "entail",
    "entitle",
    "initial",
    "initialize",
    "inlet",
    "intel",
    "lain",
    "lanai",
    "lane",
    "lantana",
    "late",
    "laten",
    "latent",
    "latte",
    "laze",
    "lean",
    "leant",
    "lenient",
    "lent",
    "lentil",
    "lien",
    "lilt",
    "line",
    "lineal",
    "linen",
    "linnet",
    "lint",
    "lintel",
    "lite",
    "little",
    "nail",
    "natal",
    "nettle",
    "tail",
    "tale",
    "talent",
    "tali",
    "tall",
    "tallit",
    "tantalize",
    "tattle",
    "tattletale",
    "teal",
    "tell",
    "telltale",
    "tile",
    "till",
    "tilt",
    "titillate",
    "title",
    "tittle",
    "zeal"
  ],
  "meta": {
    "source_url": "https://www.sbsolver.com/s/2566",
    "fetched_at": "2025-11-05T23:41:33Z",
    "user_agent": "Scraper/1.0 (+)",
    "pool": null,
    "center": null
  }
}