{
  "id": "2567",
  "count": 48,
  "words": [
    "alfalfa",
    "fail",
    "failing",
    "fall",
    "falling",
    "fang",
    "fanning",
    "faun",
    "fauna",
    "faunal",
    "fifing",
    "filial",
    "filing",
    "fill",
    "filling",
    "finagling",
    "final",
    "finial",
    "fining",
    "flag",
    "flagging",
    "flail",
    "flailing",
    "flan",
    "flanging",
    "fling",
    "flinging",
    "fluff",
    "fluffing",
    "flung",
    "fugu",
    "fulfill",
    "fulfilling",
    "full",
    "fungal",
    "fungi",
    "gaff",
    "gainful",
    "guff",
    "gulf",
    "infill",
    "infilling",
    "luff",
    "lungful",
    "naif",
    "unfailing",
    "unflagging",
    "unfulfilling"
  ],
  "meta": {
    "source_url": "https://www.sbsolver.com/s/2567",
    "fetched_at": "2025-11-05T23:41:38Z",
    "user_agent": "Scraper/1.0 (+)",
    "pool": null,
    "center": null
  }
}