{
  "id": "2568",
  "count": 47,
  "words": [
    "cent",
    "concept",
    "concoct",
    "connect",
    "connote",
    "content",
    "coopt",
    "coot",
    "cote",
    "cotton",
    "cottony",
    "coyote",
    "ecotone",
    "entente",
    "netty",
    "nonet",
    "note",
    "octet",
    "onto",
    "opponent",
    "pent",
    "petty",
    "peyote",
    "poet",
    "pontoon",
    "poppet",
    "potency",
    "potent",
    "potty",
    "teen",
    "teeny",
    "teepee",
    "tenet",
    "tenon",
    "tent",
    "tepee",
    "tone",
    "tonne",
    "tony",
    "toon",
    "toot",
    "tope",
    "tote",
    "tycoon",
    "type",
    "typo",
    "yente"
  ],
  "meta": {
    "source_url": "https://www.sbsolver.com/s/2568",
    "fetched_at": "2025-11-05T23:41:42Z",
    "user_agent": "Scraper/1.0 (+)",
    "pool": null,
    "center": null
  }
}