{
  "id": "2569",
  "count": 45,
  "words": [
    "allay",
    "alloy",
    "ally",
    "anally",
    "annoy",
    "atonality",
    "atonally",
    "illy",
    "inanity",
    "initially",
    "inlay",
    "itty",
    "laity",
    "lily",
    "linty",
    "litany",
    "loony",
    "loyal",
    "loyally",
    "loyalty",
    "nanny",
    "natality",
    "nationality",
    "nationally",
    "nattily",
    "natty",
    "ninny",
    "notionality",
    "notionally",
    "nylon",
    "oaty",
    "oily",
    "oniony",
    "onlay",
    "only",
    "tally",
    "tatty",
    "tinily",
    "tinny",
    "tiny",
    "tonality",
    "tonally",
    "tony",
    "totality",
    "totally"
  ],
  "meta": {
    "source_url": "https://www.sbsolver.com/s/2569",
    "fetched_at": "2025-11-05T23:41:51Z",
    "user_agent": "Scraper/1.0 (+)",
    "pool": null,
    "center": null
  }
}