{
  "id": "2570",
  "count": 33,
  "words": [
    "entente",
    "kempt",
    "kente",
    "kept",
    "meet",
    "meetup",
    "mentee",
    "mete",
    "mute",
    "mutt",
    "pent",
    "punt",
    "puppet",
    "putt",
    "teem",
    "teen",
    "teepee",
    "temp",
    "tempt",
    "tenement",
    "tenet",
    "tent",
    "tepee",
    "tune",
    "tuneup",
    "tutee",
    "tutu",
    "umpteen",
    "unkempt",
    "unkept",
    "unmet",
    "unmute",
    "untune"
  ],
  "meta": {
    "source_url": "https://www.sbsolver.com/s/2570",
    "fetched_at": "2025-11-05T23:41:56Z",
    "user_agent": "Scraper/1.0 (+)",
    "pool": null,
    "center": null
  }
}