{
  "id": "2571",
  "count": 47,
  "words": [
    "alcopop",
    "alpaca",
    "alpha",
    "appall",
    "atop",
    "capo",
    "captcha",
    "catalpa",
    "chap",
    "chop",
    "clap",
    "clop",
    "coop",
    "coopt",
    "hoop",
    "hoopla",
    "hotpot",
    "laptop",
    "lollop",
    "loop",
    "opal",
    "pact",
    "palapa",
    "palatal",
    "pall",
    "palp",
    "papa",
    "papal",
    "patch",
    "path",
    "phat",
    "photo",
    "plat",
    "plop",
    "plot",
    "poach",
    "poll",
    "polo",
    "pooch",
    "pooh",
    "pool",
    "poop",
    "poppa",
    "potato",
    "potlatch",
    "tapa",
    "topcoat"
  ],
  "meta": {
    "source_url": "https://www.sbsolver.com/s/2571",
    "fetched_at": "2025-11-05T23:41:59Z",
    "user_agent": "Scraper/1.0 (+)",
    "pool": null,
    "center": null
  }
}