{
  "id": "2572",
  "count": 69,
  "words": [
    "dildo",
    "diode",
    "dodge",
    "dodged",
    "dodgy",
    "dodo",
    "doge",
    "dogged",
    "doggedly",
    "doggie",
    "doggo",
    "doggy",
    "dogie",
    "dogleg",
    "doglegged",
    "doily",
    "dole",
    "doled",
    "doll",
    "dolled",
    "dollied",
    "dolly",
    "doodle",
    "doodled",
    "geode",
    "geoid",
    "geology",
    "gigolo",
    "godly",
    "goggle",
    "goggled",
    "goggly",
    "gold",
    "golly",
    "good",
    "goodie",
    "goodly",
    "goody",
    "gooey",
    "google",
    "googled",
    "googly",
    "googol",
    "ideology",
    "idol",
    "igloo",
    "iodide",
    "lode",
    "lodge",
    "lodged",
    "loge",
    "logged",
    "logo",
    "logy",
    "loll",
    "lolled",
    "oddly",
    "ogee",
    "ogle",
    "ogled",
    "oiled",
    "oily",
    "oldie",
    "oleo",
    "olio",
    "ollie",
    "yodel",
    "yodeled",
    "yogi"
  ],
  "meta": {
    "source_url": "https://www.sbsolver.com/s/2572",
    "fetched_at": "2025-11-05T23:42:03Z",
    "user_agent": "Scraper/1.0 (+)",
    "pool": null,
    "center": null
  }
}