{
  "id": "2573",
  "count": 46,
  "words": [
    "egging",
    "engine",
    "ennui",
    "expunge",
    "expunging",
    "gene",
    "genie",
    "genii",
    "genuine",
    "gigging",
    "ginning",
    "gunning",
    "ingenue",
    "innie",
    "inning",
    "nene",
    "nine",
    "ninepin",
    "nipping",
    "nixing",
    "peeing",
    "peen",
    "peeping",
    "pegging",
    "penguin",
    "penne",
    "penning",
    "pepping",
    "pigging",
    "pigpen",
    "pine",
    "ping",
    "pinging",
    "pining",
    "pinning",
    "pinup",
    "piping",
    "pippin",
    "punning",
    "unpeg",
    "unpegging",
    "unpen",
    "unpenning",
    "unpin",
    "unpinning",
    "upping"
  ],
  "meta": {
    "source_url": "https://www.sbsolver.com/s/2573",
    "fetched_at": "2025-11-05T23:42:06Z",
    "user_agent": "Scraper/1.0 (+)",
    "pool": null,
    "center": null
  }
}