{
  "id": "2574",
  "count": 62,
  "words": [
    "abalone",
    "aeon",
    "alone",
    "anal",
    "annal",
    "anneal",
    "anon",
    "apnea",
    "baboon",
    "baleen",
    "balloon",
    "banal",
    "banana",
    "bane",
    "bean",
    "beanball",
    "beanpole",
    "been",
    "bonbon",
    "bone",
    "bonobo",
    "boon",
    "ebon",
    "elan",
    "enable",
    "ennoble",
    "lane",
    "lean",
    "llano",
    "loan",
    "loanable",
    "lone",
    "loon",
    "naan",
    "nabob",
    "nana",
    "nape",
    "napoleon",
    "neap",
    "nene",
    "neon",
    "noble",
    "noel",
    "none",
    "noob",
    "noon",
    "nope",
    "open",
    "openable",
    "paean",
    "pane",
    "panel",
    "peen",
    "penal",
    "penne",
    "peon",
    "plan",
    "plane",
    "plena",
    "poblano",
    "pollen",
    "pone"
  ],
  "meta": {
    "source_url": "https://www.sbsolver.com/s/2574",
    "fetched_at": "2025-11-05T23:42:09Z",
    "user_agent": "Scraper/1.0 (+)",
    "pool": null,
    "center": null
  }
}