{
  "id": "2575",
  "count": 25,
  "words": [
    "accuracy",
    "achy",
    "arch",
    "archduchy",
    "caddy",
    "card",
    "carry",
    "chad",
    "char",
    "chard",
    "chary",
    "church",
    "churchy",
    "churchyard",
    "crud",
    "cruddy",
    "curacy",
    "curd",
    "curdy",
    "curry",
    "dacha",
    "duchy",
    "racy",
    "yuca",
    "yucca"
  ],
  "meta": {
    "source_url": "https://www.sbsolver.com/s/2575",
    "fetched_at": "2025-11-05T23:42:13Z",
    "user_agent": "Scraper/1.0 (+)",
    "pool": null,
    "center": null
  }
}