{
  "id": "2576",
  "count": 33,
  "words": [
    "high",
    "highlight",
    "highlighting",
    "highly",
    "hill",
    "hilling",
    "hilly",
    "hilt",
    "hinging",
    "hinny",
    "hint",
    "hinting",
    "hitting",
    "light",
    "lighting",
    "lightly",
    "lightning",
    "nigh",
    "night",
    "nightlight",
    "nightly",
    "ninth",
    "ninthly",
    "thigh",
    "thin",
    "thing",
    "thingy",
    "thinly",
    "thinning",
    "tight",
    "tightly",
    "tilth",
    "tithing"
  ],
  "meta": {
    "source_url": "https://www.sbsolver.com/s/2576",
    "fetched_at": "2025-11-05T23:42:18Z",
    "user_agent": "Scraper/1.0 (+)",
    "pool": null,
    "center": null
  }
}