{
  "id": "2577",
  "count": 35,
  "words": [
    "aboard",
    "abroad",
    "adobo",
    "ardor",
    "bard",
    "baud",
    "board",
    "brad",
    "broad",
    "brood",
    "dart",
    "dartboard",
    "data",
    "daub",
    "dodo",
    "doodad",
    "door",
    "dorado",
    "dotard",
    "doubt",
    "dour",
    "drab",
    "drat",
    "drub",
    "odor",
    "outboard",
    "outdo",
    "outdoor",
    "radar",
    "road",
    "rood",
    "tabard",
    "toad",
    "trod",
    "troubadour"
  ],
  "meta": {
    "source_url": "https://www.sbsolver.com/s/2577",
    "fetched_at": "2025-11-05T23:42:23Z",
    "user_agent": "Scraper/1.0 (+)",
    "pool": null,
    "center": null
  }
}