{
  "id": "2578",
  "count": 49,
  "words": [
    "acme",
    "attempt",
    "came",
    "cami",
    "camp",
    "emaciate",
    "emcee",
    "emetic",
    "emit",
    "imam",
    "imitate",
    "impact",
    "item",
    "mace",
    "maim",
    "mama",
    "mamma",
    "mate",
    "matte",
    "meat",
    "mecca",
    "meet",
    "meme",
    "memetic",
    "meta",
    "mete",
    "mica",
    "mice",
    "mime",
    "mimetic",
    "mimic",
    "mite",
    "mitt",
    "pampa",
    "peacetime",
    "pimp",
    "tame",
    "tamp",
    "tatami",
    "team",
    "teammate",
    "teatime",
    "teem",
    "temp",
    "tempi",
    "tempt",
    "time",
    "timepiece",
    "titmice"
  ],
  "meta": {
    "source_url": "https://www.sbsolver.com/s/2578",
    "fetched_at": "2025-11-05T23:42:26Z",
    "user_agent": "Scraper/1.0 (+)",
    "pool": null,
    "center": null
  }
}