{
  "id": "2579",
  "count": 51,
  "words": [
    "bide",
    "bided",
    "bind",
    "bindi",
    "binned",
    "biocide",
    "bionic",
    "bobbin",
    "bocci",
    "bodice",
    "bodied",
    "cocci",
    "codeine",
    "coin",
    "coincide",
    "coincided",
    "coincidence",
    "coined",
    "conic",
    "decide",
    "decided",
    "deice",
    "deiced",
    "deicide",
    "denied",
    "dice",
    "diced",
    "died",
    "dine",
    "dined",
    "dino",
    "diode",
    "doobie",
    "ecocide",
    "eddied",
    "iced",
    "icon",
    "iconic",
    "incidence",
    "indeed",
    "indie",
    "innie",
    "innocence",
    "iodide",
    "iodine",
    "ionic",
    "nice",
    "niece",
    "nine",
    "obedience",
    "onion"
  ],
  "meta": {
    "source_url": "https://www.sbsolver.com/s/2579",
    "fetched_at": "2025-11-05T23:42:30Z",
    "user_agent": "Scraper/1.0 (+)",
    "pool": null,
    "center": null
  }
}