{
  "id": "2580",
  "count": 62,
  "words": [
    "able",
    "ably",
    "allay",
    "allele",
    "alley",
    "alloy",
    "ally",
    "aloe",
    "babble",
    "babel",
    "bale",
    "ball",
    "ballboy",
    "belay",
    "bell",
    "bellboy",
    "belle",
    "belly",
    "bevel",
    "blab",
    "blabby",
    "blob",
    "blobby",
    "bobble",
    "bola",
    "boll",
    "bolo",
    "eely",
    "evolve",
    "eyeball",
    "label",
    "lava",
    "lave",
    "leave",
    "levee",
    "level",
    "levelly",
    "levy",
    "lobby",
    "lobe",
    "loblolly",
    "lobo",
    "loll",
    "lovable",
    "lovably",
    "love",
    "loveable",
    "loveably",
    "lovely",
    "lovey",
    "loyal",
    "loyally",
    "oleo",
    "oval",
    "vale",
    "valley",
    "valve",
    "veal",
    "vole",
    "volley",
    "volleyball",
    "yell"
  ],
  "meta": {
    "source_url": "https://www.sbsolver.com/s/2580",
    "fetched_at": "2025-11-05T23:42:33Z",
    "user_agent": "Scraper/1.0 (+)",
    "pool": null,
    "center": null
  }
}