{
  "id": "2581",
  "count": 40,
  "words": [
    "amatory",
    "ammo",
    "armor",
    "armory",
    "army",
    "aroma",
    "atom",
    "mama",
    "mamma",
    "mammary",
    "marm",
    "marmot",
    "marrow",
    "marry",
    "mart",
    "martyr",
    "mayo",
    "mayor",
    "moat",
    "momma",
    "mommy",
    "moor",
    "moot",
    "moray",
    "morrow",
    "mortar",
    "motor",
    "motorway",
    "motto",
    "roam",
    "room",
    "roomy",
    "tomato",
    "tommyrot",
    "tomorrow",
    "tram",
    "tramway",
    "warm",
    "worm",
    "wormy"
  ],
  "meta": {
    "source_url": "https://www.sbsolver.com/s/2581",
    "fetched_at": "2025-11-05T23:42:38Z",
    "user_agent": "Scraper/1.0 (+)",
    "pool": null,
    "center": null
  }
}