{
  "id": "2582",
  "count": 54,
  "words": [
    "cello",
    "clomp",
    "clop",
    "cocci",
    "coil",
    "colic",
    "collie",
    "come",
    "comic",
    "comp",
    "compel",
    "compile",
    "cool",
    "coop",
    "cope",
    "elope",
    "limo",
    "lipo",
    "loci",
    "loco",
    "loll",
    "lollipop",
    "lollop",
    "loom",
    "loop",
    "lope",
    "memo",
    "mimeo",
    "moil",
    "mole",
    "moll",
    "mope",
    "oleic",
    "oleo",
    "olio",
    "ollie",
    "people",
    "piccolo",
    "plop",
    "poem",
    "pole",
    "polemic",
    "police",
    "polio",
    "poll",
    "polo",
    "pome",
    "pomelo",
    "pommel",
    "pomp",
    "pompom",
    "pool",
    "poop",
    "pope"
  ],
  "meta": {
    "source_url": "https://www.sbsolver.com/s/2582",
    "fetched_at": "2025-11-05T23:42:44Z",
    "user_agent": "Scraper/1.0 (+)",
    "pool": null,
    "center": null
  }
}