{
  "id": "2583",
  "count": 52,
  "words": [
    "allium",
    "alum",
    "alumina",
    "aluminum",
    "alumna",
    "alumni",
    "annual",
    "annul",
    "annuli",
    "annulling",
    "gallium",
    "gauging",
    "glug",
    "glugging",
    "gluing",
    "glum",
    "gulag",
    "gull",
    "gulling",
    "gumming",
    "gunman",
    "gunning",
    "iguana",
    "ilium",
    "linguini",
    "luau",
    "lugging",
    "luging",
    "lull",
    "lulling",
    "lulu",
    "luna",
    "lung",
    "lunging",
    "lunula",
    "magnum",
    "manual",
    "maul",
    "mauling",
    "minimum",
    "mugging",
    "mull",
    "mulligan",
    "mulling",
    "mung",
    "muumuu",
    "null",
    "ulna",
    "umami",
    "unilingual",
    "unman",
    "unmanning"
  ],
  "meta": {
    "source_url": "https://www.sbsolver.com/s/2583",
    "fetched_at": "2025-11-05T23:42:48Z",
    "user_agent": "Scraper/1.0 (+)",
    "pool": null,
    "center": null
  }
}