{
  "id": "2584",
  "count": 61,
  "words": [
    "athlete",
    "data",
    "date",
    "dated",
    "dealt",
    "death",
    "deathly",
    "delete",
    "deleted",
    "delt",
    "delta",
    "elate",
    "elated",
    "elatedly",
    "ethyl",
    "eyelet",
    "eyeteeth",
    "halt",
    "halted",
    "hate",
    "hated",
    "hath",
    "hatha",
    "hatted",
    "health",
    "healthy",
    "heat",
    "heated",
    "heatedly",
    "heath",
    "late",
    "lately",
    "lath",
    "lathe",
    "lathed",
    "latte",
    "layette",
    "lethal",
    "lethally",
    "tale",
    "tall",
    "tally",
    "tatted",
    "tattle",
    "tattled",
    "tattletale",
    "tatty",
    "teal",
    "teat",
    "teddy",
    "teed",
    "teeth",
    "teethe",
    "teethed",
    "telehealth",
    "tell",
    "telltale",
    "that",
    "thee",
    "theta",
    "they"
  ],
  "meta": {
    "source_url": "https://www.sbsolver.com/s/2584",
    "fetched_at": "2025-11-05T23:42:52Z",
    "user_agent": "Scraper/1.0 (+)",
    "pool": null,
    "center": null
  }
}