{
  "id": "2585",
  "count": 68,
  "words": [
    "accrual",
    "actor",
    "actuator",
    "allocator",
    "altar",
    "aorta",
    "aortal",
    "arco",
    "attar",
    "attract",
    "attractor",
    "aura",
    "aural",
    "aurora",
    "auroral",
    "autocrat",
    "calculator",
    "carat",
    "carol",
    "carrot",
    "cart",
    "cataract",
    "collar",
    "color",
    "coloratura",
    "coral",
    "corolla",
    "corral",
    "court",
    "croc",
    "cultural",
    "curacao",
    "curator",
    "curl",
    "curt",
    "locator",
    "occur",
    "ocular",
    "oracular",
    "oral",
    "orator",
    "orca",
    "outro",
    "ratatat",
    "roar",
    "rococo",
    "roll",
    "rollout",
    "root",
    "rotator",
    "rotor",
    "rout",
    "rural",
    "taro",
    "tarot",
    "tart",
    "tartar",
    "toro",
    "tort",
    "torta",
    "tour",
    "tract",
    "tractor",
    "troll",
    "trot",
    "trout",
    "tutor",
    "ultra"
  ],
  "meta": {
    "source_url": "https://www.sbsolver.com/s/2585",
    "fetched_at": "2025-11-05T23:42:56Z",
    "user_agent": "Scraper/1.0 (+)",
    "pool": null,
    "center": null
  }
}