{
  "id": "2586",
  "count": 45,
  "words": [
    "aglow",
    "allow",
    "allowing",
    "awing",
    "awning",
    "glow",
    "glowing",
    "gnaw",
    "gnawing",
    "gown",
    "gowning",
    "lawn",
    "lowing",
    "owing",
    "owning",
    "wagging",
    "waggling",
    "waging",
    "wagon",
    "wail",
    "wailing",
    "wall",
    "walling",
    "wallow",
    "wallowing",
    "wangling",
    "waning",
    "wanna",
    "wigging",
    "wiggling",
    "wigwag",
    "wigwagging",
    "will",
    "willing",
    "willow",
    "wing",
    "winging",
    "wining",
    "winning",
    "winnow",
    "winnowing",
    "wino",
    "wooing",
    "wool",
    "wowing"
  ],
  "meta": {
    "source_url": "https://www.sbsolver.com/s/2586",
    "fetched_at": "2025-11-05T23:43:00Z",
    "user_agent": "Scraper/1.0 (+)",
    "pool": null,
    "center": null
  }
}