{
  "id": "2587",
  "count": 64,
  "words": [
    "acacia",
    "acai",
    "acetal",
    "acetate",
    "acetic",
    "affect",
    "afflict",
    "attic",
    "cacti",
    "cafe",
    "calcite",
    "calf",
    "call",
    "calla",
    "catcall",
    "cattail",
    "cattle",
    "celiac",
    "cell",
    "celli",
    "cilia",
    "cite",
    "cleat",
    "clef",
    "cleft",
    "cliff",
    "eclat",
    "eclectic",
    "efface",
    "effect",
    "elect",
    "electee",
    "elicit",
    "face",
    "facelift",
    "facet",
    "facial",
    "facile",
    "facilitate",
    "fact",
    "fecal",
    "fleece",
    "icefall",
    "icicle",
    "iliac",
    "illicit",
    "italic",
    "lace",
    "lactate",
    "lacteal",
    "lactic",
    "laic",
    "laical",
    "lattice",
    "lice",
    "licit",
    "lilac",
    "tacet",
    "tacit",
    "tact",
    "tactic",
    "tactical",
    "tactile",
    "talc"
  ],
  "meta": {
    "source_url": "https://www.sbsolver.com/s/2587",
    "fetched_at": "2025-11-05T23:43:06Z",
    "user_agent": "Scraper/1.0 (+)",
    "pool": null,
    "center": null
  }
}