{
  "id": "2588",
  "count": 51,
  "words": [
    "adaptation",
    "addition",
    "adopt",
    "adoption",
    "anion",
    "annatto",
    "annotation",
    "anoint",
    "anon",
    "appoint",
    "atop",
    "dino",
    "ditto",
    "dodo",
    "donation",
    "doodad",
    "idiot",
    "initiation",
    "into",
    "intonation",
    "iota",
    "nation",
    "nonpaid",
    "noon",
    "notation",
    "notion",
    "onion",
    "onto",
    "opinion",
    "opioid",
    "option",
    "patio",
    "piano",
    "pinion",
    "pinot",
    "pinpoint",
    "pinto",
    "piton",
    "podia",
    "point",
    "pond",
    "pontoon",
    "poop",
    "poppa",
    "potato",
    "potion",
    "tattoo",
    "tiptop",
    "toad",
    "toon",
    "toot"
  ],
  "meta": {
    "source_url": "https://www.sbsolver.com/s/2588",
    "fetched_at": "2025-11-05T23:43:10Z",
    "user_agent": "Scraper/1.0 (+)",
    "pool": null,
    "center": null
  }
}