{
  "id": "2589",
  "count": 32,
  "words": [
    "ability",
    "ably",
    "alibi",
    "baba",
    "baby",
    "baht",
    "bail",
    "bait",
    "ball",
    "bath",
    "battily",
    "batty",
    "bialy",
    "bilabial",
    "bill",
    "billy",
    "blab",
    "blabby",
    "blah",
    "blat",
    "habit",
    "habitability",
    "habitat",
    "hillbilly",
    "labia",
    "labial",
    "lability",
    "liability",
    "tabby",
    "tabla",
    "tibia",
    "tibial"
  ],
  "meta": {
    "source_url": "https://www.sbsolver.com/s/2589",
    "fetched_at": "2025-11-05T23:43:14Z",
    "user_agent": "Scraper/1.0 (+)",
    "pool": null,
    "center": null
  }
}