{
  "id": "2590",
  "count": 30,
  "words": [
    "elite",
    "emit",
    "gelt",
    "gilt",
    "gimlet",
    "glitz",
    "item",
    "itemize",
    "legit",
    "legitimize",
    "lilt",
    "limit",
    "lite",
    "little",
    "meet",
    "melt",
    "mete",
    "mettle",
    "millet",
    "mite",
    "mitt",
    "teem",
    "tell",
    "tile",
    "till",
    "tilt",
    "time",
    "title",
    "tittle",
    "ziti"
  ],
  "meta": {
    "source_url": "https://www.sbsolver.com/s/2590",
    "fetched_at": "2025-11-05T23:43:21Z",
    "user_agent": "Scraper/1.0 (+)",
    "pool": null,
    "center": null
  }
}