{
  "id": "2591",
  "count": 45,
  "words": [
    "anon",
    "cacao",
    "callaloo",
    "cannon",
    "canola",
    "canon",
    "cloaca",
    "cloak",
    "clock",
    "clonk",
    "coal",
    "coca",
    "cock",
    "cocoa",
    "cocoon",
    "cola",
    "colcannon",
    "colon",
    "conk",
    "cook",
    "cool",
    "cuckoo",
    "knock",
    "knoll",
    "koala",
    "koan",
    "kola",
    "kook",
    "llano",
    "loan",
    "local",
    "lock",
    "loco",
    "loll",
    "look",
    "loon",
    "nock",
    "nonlocal",
    "nook",
    "noon",
    "noun",
    "uncloak",
    "uncock",
    "uncool",
    "unlock"
  ],
  "meta": {
    "source_url": "https://www.sbsolver.com/s/2591",
    "fetched_at": "2025-11-05T23:43:25Z",
    "user_agent": "Scraper/1.0 (+)",
    "pool": null,
    "center": null
  }
}