{
  "id": "2592",
  "count": 45,
  "words": [
    "clod",
    "clodding",
    "coddling",
    "codicil",
    "coding",
    "codon",
    "coinciding",
    "cold",
    "colliding",
    "colloid",
    "condo",
    "condoling",
    "condoning",
    "dicing",
    "diddling",
    "digging",
    "dildo",
    "dill",
    "ding",
    "dinging",
    "dingo",
    "dining",
    "dino",
    "dodging",
    "dodo",
    "dogging",
    "doggo",
    "doing",
    "doling",
    "doll",
    "dolling",
    "dong",
    "donning",
    "doodling",
    "gild",
    "gilding",
    "gliding",
    "gold",
    "good",
    "idling",
    "idol",
    "indigo",
    "lodging",
    "nodding",
    "noodling"
  ],
  "meta": {
    "source_url": "https://www.sbsolver.com/s/2592",
    "fetched_at": "2025-11-05T23:43:30Z",
    "user_agent": "Scraper/1.0 (+)",
    "pool": null,
    "center": null
  }
}