{
  "id": "2593",
  "count": 51,
  "words": [
    "alpaca",
    "anticipant",
    "apian",
    "appall",
    "applicant",
    "capital",
    "captain",
    "catalpa",
    "catnap",
    "catnip",
    "clap",
    "clip",
    "inapt",
    "pact",
    "pail",
    "pain",
    "paint",
    "palapa",
    "palatal",
    "palatial",
    "pall",
    "palp",
    "panic",
    "panini",
    "pant",
    "papa",
    "papal",
    "papilla",
    "patina",
    "pica",
    "piccata",
    "picnic",
    "pill",
    "pinata",
    "pint",
    "pintail",
    "pipit",
    "pippin",
    "pita",
    "pitapat",
    "plain",
    "plaint",
    "plait",
    "plan",
    "plant",
    "plantain",
    "plat",
    "pliant",
    "tapa",
    "tilapia",
    "tipi"
  ],
  "meta": {
    "source_url": "https://www.sbsolver.com/s/2593",
    "fetched_at": "2025-11-05T23:43:34Z",
    "user_agent": "Scraper/1.0 (+)",
    "pool": null,
    "center": null
  }
}