{
  "id": "2594",
  "count": 56,
  "words": [
    "demo",
    "demoed",
    "demote",
    "demoted",
    "dodo",
    "doeth",
    "dome",
    "domed",
    "doom",
    "doomed",
    "dote",
    "doted",
    "doth",
    "dotted",
    "emote",
    "emoted",
    "hoed",
    "home",
    "homed",
    "hood",
    "hooded",
    "hoodoo",
    "hoot",
    "hooted",
    "memo",
    "method",
    "mode",
    "modem",
    "mood",
    "mooed",
    "moot",
    "mooted",
    "mote",
    "motet",
    "moth",
    "motto",
    "moue",
    "mouth",
    "mouthed",
    "odeum",
    "outdo",
    "outed",
    "outmode",
    "outmoded",
    "thou",
    "toed",
    "tome",
    "toot",
    "tooted",
    "tooth",
    "toothed",
    "tote",
    "toted",
    "totem",
    "tout",
    "touted"
  ],
  "meta": {
    "source_url": "https://www.sbsolver.com/s/2594",
    "fetched_at": "2025-11-05T23:43:38Z",
    "user_agent": "Scraper/1.0 (+)",
    "pool": null,
    "center": null
  }
}