{
  "id": "2595",
  "count": 47,
  "words": [
    "alibi",
    "anal",
    "annal",
    "bacchanal",
    "bacchanalia",
    "bacchanalian",
    "bacilli",
    "bail",
    "ball",
    "banal",
    "biblical",
    "bilabial",
    "bill",
    "blab",
    "blah",
    "blanch",
    "blin",
    "blini",
    "cabal",
    "cabala",
    "call",
    "calla",
    "canal",
    "cannibal",
    "challah",
    "chili",
    "chill",
    "chinchilla",
    "cilia",
    "clan",
    "clinch",
    "clinic",
    "clinical",
    "clinician",
    "hail",
    "halal",
    "hall",
    "hill",
    "iliac",
    "labia",
    "labial",
    "laic",
    "laical",
    "lain",
    "lanai",
    "lilac",
    "nail"
  ],
  "meta": {
    "source_url": "https://www.sbsolver.com/s/2595",
    "fetched_at": "2025-11-05T23:43:41Z",
    "user_agent": "Scraper/1.0 (+)",
    "pool": null,
    "center": null
  }
}