{
  "id": "2596",
  "count": 40,
  "words": [
    "anion",
    "annatto",
    "annotation",
    "anoint",
    "anon",
    "anti",
    "antifa",
    "antitoxin",
    "attain",
    "axon",
    "faint",
    "finito",
    "fixation",
    "font",
    "fontina",
    "infant",
    "infix",
    "info",
    "initiation",
    "into",
    "intonation",
    "naan",
    "naif",
    "nana",
    "natant",
    "nation",
    "nonfat",
    "noon",
    "notation",
    "notion",
    "onion",
    "onto",
    "taint",
    "tannin",
    "taxation",
    "taxon",
    "tint",
    "titan",
    "toon",
    "toxin"
  ],
  "meta": {
    "source_url": "https://www.sbsolver.com/s/2596",
    "fetched_at": "2025-11-05T23:43:45Z",
    "user_agent": "Scraper/1.0 (+)",
    "pool": null,
    "center": null
  }
}