{
  "id": "2597",
  "count": 30,
  "words": [
    "affirm",
    "airman",
    "anima",
    "army",
    "farm",
    "firm",
    "imam",
    "infamy",
    "infirm",
    "infirmary",
    "mafia",
    "maim",
    "main",
    "mama",
    "mamma",
    "mammary",
    "mania",
    "manna",
    "many",
    "marina",
    "marinara",
    "marm",
    "marry",
    "miff",
    "mini",
    "minim",
    "minima",
    "mirin",
    "myna",
    "ramify"
  ],
  "meta": {
    "source_url": "https://www.sbsolver.com/s/2597",
    "fetched_at": "2025-11-05T23:43:48Z",
    "user_agent": "Scraper/1.0 (+)",
    "pool": null,
    "center": null
  }
}