{
  "id": "2598",
  "count": 42,
  "words": [
    "chenille",
    "chin",
    "cinch",
    "cinephile",
    "clench",
    "clinch",
    "clinic",
    "epicene",
    "heinie",
    "helpline",
    "hence",
    "hipline",
    "inch",
    "incipience",
    "incline",
    "innie",
    "lenience",
    "lichen",
    "lien",
    "linchpin",
    "line",
    "linen",
    "nene",
    "nice",
    "niche",
    "niece",
    "nine",
    "ninepin",
    "nipple",
    "peen",
    "pence",
    "pencil",
    "penicillin",
    "penile",
    "penne",
    "philhellene",
    "philhellenic",
    "picnic",
    "pinch",
    "pine",
    "pipeline",
    "pippin"
  ],
  "meta": {
    "source_url": "https://www.sbsolver.com/s/2598",
    "fetched_at": "2025-11-05T23:43:51Z",
    "user_agent": "Scraper/1.0 (+)",
    "pool": null,
    "center": null
  }
}