{
  "id": "2599",
  "count": 48,
  "words": [
    "ammo",
    "aorta",
    "armor",
    "aroma",
    "atom",
    "aviator",
    "imitator",
    "iota",
    "marmot",
    "mirror",
    "moat",
    "momma",
    "moor",
    "moot",
    "moratoria",
    "mortar",
    "motivator",
    "motor",
    "motto",
    "omit",
    "orator",
    "oratorio",
    "ratio",
    "riot",
    "roam",
    "roar",
    "room",
    "root",
    "rotator",
    "roti",
    "rotor",
    "taro",
    "tarot",
    "tattoo",
    "tomato",
    "tomtit",
    "toot",
    "tori",
    "torii",
    "toro",
    "tort",
    "torta",
    "traitor",
    "trattoria",
    "trio",
    "trot",
    "vomit",
    "vroom"
  ],
  "meta": {
    "source_url": "https://www.sbsolver.com/s/2599",
    "fetched_at": "2025-11-05T23:43:55Z",
    "user_agent": "Scraper/1.0 (+)",
    "pool": null,
    "center": null
  }
}