{
  "id": "2600",
  "count": 61,
  "words": [
    "aleph",
    "alpha",
    "alphabet",
    "appall",
    "appeal",
    "appealable",
    "appellate",
    "appellee",
    "apple",
    "applet",
    "beep",
    "bleep",
    "epee",
    "heap",
    "heeltap",
    "help",
    "helpable",
    "heptathlete",
    "lapel",
    "leap",
    "leapt",
    "paella",
    "palapa",
    "palatable",
    "palatal",
    "palate",
    "pale",
    "palette",
    "pall",
    "pallet",
    "palp",
    "palpable",
    "palpate",
    "papa",
    "papal",
    "pate",
    "patella",
    "patellae",
    "path",
    "peal",
    "peat",
    "pebble",
    "peel",
    "peelable",
    "peep",
    "pellet",
    "pelt",
    "petal",
    "phat",
    "plat",
    "plate",
    "platelet",
    "plea",
    "pleat",
    "pleb",
    "plebe",
    "tapa",
    "tape",
    "teepee",
    "telepath",
    "tepee"
  ],
  "meta": {
    "source_url": "https://www.sbsolver.com/s/2600",
    "fetched_at": "2025-11-05T23:44:01Z",
    "user_agent": "Scraper/1.0 (+)",
    "pool": null,
    "center": null
  }
}