{
  "id": "2601",
  "count": 34,
  "words": [
    "check",
    "checking",
    "cheek",
    "chicken",
    "chickening",
    "egging",
    "eking",
    "engine",
    "geek",
    "geeking",
    "gene",
    "genie",
    "genii",
    "ghee",
    "heck",
    "heinie",
    "hence",
    "henge",
    "hike",
    "hinge",
    "innie",
    "keen",
    "keening",
    "knee",
    "kneeing",
    "neck",
    "necking",
    "neigh",
    "neighing",
    "nene",
    "nice",
    "niche",
    "niece",
    "nine"
  ],
  "meta": {
    "source_url": "https://www.sbsolver.com/s/2601",
    "fetched_at": "2025-11-05T23:44:04Z",
    "user_agent": "Scraper/1.0 (+)",
    "pool": null,
    "center": null
  }
}