{
  "id": "2602",
  "count": 58,
  "words": [
    "eminent",
    "emit",
    "emote",
    "emotion",
    "enjoinment",
    "entente",
    "imminent",
    "intent",
    "intention",
    "into",
    "intone",
    "item",
    "jete",
    "joint",
    "meet",
    "memento",
    "mentee",
    "mention",
    "mete",
    "mint",
    "mite",
    "mitt",
    "mitten",
    "moment",
    "monotone",
    "monte",
    "moot",
    "mote",
    "motet",
    "motion",
    "motto",
    "nineteen",
    "nite",
    "nonet",
    "note",
    "notion",
    "ointment",
    "omit",
    "onetime",
    "onto",
    "teem",
    "teen",
    "tenement",
    "tenet",
    "tenon",
    "tent",
    "time",
    "tine",
    "tint",
    "tome",
    "tomtit",
    "tone",
    "tonne",
    "toon",
    "toonie",
    "toot",
    "tote",
    "totem"
  ],
  "meta": {
    "source_url": "https://www.sbsolver.com/s/2602",
    "fetched_at": "2025-11-05T23:44:08Z",
    "user_agent": "Scraper/1.0 (+)",
    "pool": null,
    "center": null
  }
}