{
  "id": "2603",
  "count": 24,
  "words": [
    "chick",
    "chock",
    "cock",
    "cocky",
    "cook",
    "cork",
    "corky",
    "crick",
    "crock",
    "crook",
    "hick",
    "hickory",
    "hock",
    "hook",
    "hooky",
    "icky",
    "kick",
    "kicky",
    "kook",
    "kooky",
    "rick",
    "rock",
    "rocky",
    "rook"
  ],
  "meta": {
    "source_url": "https://www.sbsolver.com/s/2603",
    "fetched_at": "2025-11-05T23:44:17Z",
    "user_agent": "Scraper/1.0 (+)",
    "pool": null,
    "center": null
  }
}