{
  "id": "2604",
  "count": 46,
  "words": [
    "acacia",
    "acai",
    "accept",
    "acetate",
    "acetic",
    "activate",
    "active",
    "apace",
    "apiece",
    "appetite",
    "appetitive",
    "attic",
    "aviate",
    "cacti",
    "cape",
    "captivate",
    "captive",
    "cava",
    "cave",
    "caveat",
    "eave",
    "ipecac",
    "pace",
    "pact",
    "papa",
    "pate",
    "pave",
    "peace",
    "peat",
    "pepita",
    "pica",
    "piccata",
    "pita",
    "pitapat",
    "tacet",
    "tacit",
    "tact",
    "tactic",
    "tapa",
    "tape",
    "teat",
    "titivate",
    "vacate",
    "vape",
    "vitiate",
    "vivace"
  ],
  "meta": {
    "source_url": "https://www.sbsolver.com/s/2604",
    "fetched_at": "2025-11-05T23:44:27Z",
    "user_agent": "Scraper/1.0 (+)",
    "pool": null,
    "center": null
  }
}