{
  "id": "2605",
  "count": 30,
  "words": [
    "beef",
    "befell",
    "belief",
    "biff",
    "boffo",
    "elfin",
    "enfeeble",
    "feeble",
    "feel",
    "feline",
    "fell",
    "felon",
    "fennel",
    "fief",
    "fife",
    "file",
    "fill",
    "fine",
    "flee",
    "floe",
    "foible",
    "foil",
    "folio",
    "fool",
    "infill",
    "info",
    "life",
    "lifeline",
    "nonbelief",
    "offline"
  ],
  "meta": {
    "source_url": "https://www.sbsolver.com/s/2605",
    "fetched_at": "2025-11-05T23:44:31Z",
    "user_agent": "Scraper/1.0 (+)",
    "pool": null,
    "center": null
  }
}