{
  "id": "2606",
  "count": 43,
  "words": [
    "acacia",
    "acai",
    "acorn",
    "anion",
    "anon",
    "arancini",
    "arcana",
    "arco",
    "aria",
    "arnica",
    "cacao",
    "cairn",
    "cancan",
    "canna",
    "cannon",
    "canon",
    "canonic",
    "carrion",
    "ciao",
    "circa",
    "coca",
    "cocoa",
    "corona",
    "crania",
    "czar",
    "czarina",
    "naan",
    "nana",
    "narc",
    "narco",
    "niacin",
    "ocarina",
    "orca",
    "raccoon",
    "rain",
    "rancor",
    "rani",
    "razor",
    "razz",
    "roan",
    "roar",
    "zinnia",
    "zirconia"
  ],
  "meta": {
    "source_url": "https://www.sbsolver.com/s/2606",
    "fetched_at": "2025-11-05T23:44:34Z",
    "user_agent": "Scraper/1.0 (+)",
    "pool": null,
    "center": null
  }
}