{
  "id": "2607",
  "count": 22,
  "words": [
    "deem",
    "deemed",
    "dime",
    "dimmed",
    "emcee",
    "emceed",
    "gimme",
    "gimmick",
    "gimmicked",
    "medic",
    "meek",
    "meme",
    "memed",
    "mice",
    "midge",
    "midi",
    "mike",
    "miked",
    "mime",
    "mimed",
    "mimic",
    "mimicked"
  ],
  "meta": {
    "source_url": "https://www.sbsolver.com/s/2607",
    "fetched_at": "2025-11-05T23:44:38Z",
    "user_agent": "Scraper/1.0 (+)",
    "pool": null,
    "center": null
  }
}