{
  "id": "2608",
  "count": 70,
  "words": [
    "agog",
    "agony",
    "alloy",
    "along",
    "analog",
    "analogy",
    "annoy",
    "anon",
    "apology",
    "gallon",
    "gallop",
    "galop",
    "gloop",
    "gloopy",
    "glop",
    "gloppy",
    "goal",
    "goggly",
    "golly",
    "gong",
    "gonna",
    "googly",
    "googol",
    "goon",
    "goony",
    "goop",
    "goopy",
    "lagoon",
    "llano",
    "loan",
    "logo",
    "logy",
    "loll",
    "lollop",
    "lollygag",
    "long",
    "longan",
    "loon",
    "loony",
    "loop",
    "loopy",
    "loyal",
    "loyally",
    "nonagon",
    "nonagonal",
    "nonapology",
    "noon",
    "nylon",
    "onlay",
    "only",
    "oolong",
    "opal",
    "panoply",
    "payola",
    "plop",
    "ploy",
    "pogo",
    "poll",
    "polo",
    "polygon",
    "polygonal",
    "polyp",
    "pong",
    "pony",
    "pool",
    "poop",
    "poppa",
    "poppy",
    "pylon",
    "yoga"
  ],
  "meta": {
    "source_url": "https://www.sbsolver.com/s/2608",
    "fetched_at": "2025-11-05T23:44:42Z",
    "user_agent": "Scraper/1.0 (+)",
    "pool": null,
    "center": null
  }
}