{
  "id": "2609",
  "count": 64,
  "words": [
    "agar",
    "agrarian",
    "airbag",
    "airing",
    "aria",
    "arraign",
    "arraigning",
    "arranging",
    "arriving",
    "barb",
    "barbarian",
    "bargain",
    "bargaining",
    "barging",
    "baring",
    "barn",
    "barraging",
    "barring",
    "birria",
    "brag",
    "bragging",
    "brain",
    "braining",
    "bran",
    "brava",
    "braving",
    "briar",
    "bribing",
    "brig",
    "bring",
    "bringing",
    "brining",
    "garaging",
    "garb",
    "garbing",
    "grab",
    "grabbing",
    "grain",
    "graining",
    "gran",
    "grin",
    "grinning",
    "ingrain",
    "ingraining",
    "nigiri",
    "nirvana",
    "rabbi",
    "raga",
    "ragbag",
    "ragging",
    "raging",
    "rain",
    "raining",
    "rang",
    "ranging",
    "rani",
    "raring",
    "ravaging",
    "raving",
    "ribbing",
    "rigging",
    "ring",
    "ringing",
    "virgin"
  ],
  "meta": {
    "source_url": "https://www.sbsolver.com/s/2609",
    "fetched_at": "2025-11-05T23:44:48Z",
    "user_agent": "Scraper/1.0 (+)",
    "pool": null,
    "center": null
  }
}