{
  "id": "2610",
  "count": 55,
  "words": [
    "aleph",
    "allele",
    "alpha",
    "appall",
    "appeal",
    "appellee",
    "apple",
    "halal",
    "hale",
    "hall",
    "halva",
    "halvah",
    "halve",
    "haul",
    "heal",
    "heel",
    "hell",
    "helluva",
    "help",
    "helve",
    "hula",
    "hull",
    "lapel",
    "lava",
    "lave",
    "leap",
    "leave",
    "levee",
    "level",
    "luau",
    "lull",
    "lulu",
    "paella",
    "palapa",
    "pale",
    "pall",
    "palp",
    "papal",
    "peal",
    "peel",
    "plea",
    "pule",
    "pull",
    "pulp",
    "pupal",
    "upheaval",
    "uvula",
    "uvulae",
    "vale",
    "value",
    "valve",
    "veal",
    "vulva",
    "vulvae",
    "vulval"
  ],
  "meta": {
    "source_url": "https://www.sbsolver.com/s/2610",
    "fetched_at": "2025-11-05T23:44:52Z",
    "user_agent": "Scraper/1.0 (+)",
    "pool": null,
    "center": null
  }
}