{
  "id": "2611",
  "count": 29,
  "words": [
    "been",
    "begem",
    "begone",
    "bogey",
    "bogeymen",
    "boggy",
    "bomb",
    "bombe",
    "bonbon",
    "bone",
    "bong",
    "bongo",
    "bonny",
    "bonobo",
    "bony",
    "boob",
    "booboo",
    "booby",
    "boom",
    "boomy",
    "boon",
    "bygone",
    "ebon",
    "ebony",
    "enby",
    "goby",
    "noob",
    "obey",
    "oboe"
  ],
  "meta": {
    "source_url": "https://www.sbsolver.com/s/2611",
    "fetched_at": "2025-11-05T23:44:57Z",
    "user_agent": "Scraper/1.0 (+)",
    "pool": null,
    "center": null
  }
}