{
  "id": "2612",
  "count": 44,
  "words": [
    "cling",
    "clinging",
    "clinic",
    "clog",
    "clogging",
    "cloning",
    "cluing",
    "clung",
    "cocci",
    "cocoon",
    "cocooning",
    "coil",
    "coiling",
    "coin",
    "coining",
    "colic",
    "colon",
    "colonic",
    "conic",
    "conning",
    "cooing",
    "cool",
    "cooling",
    "council",
    "cuing",
    "cull",
    "culling",
    "cunning",
    "icing",
    "icon",
    "iconic",
    "illogic",
    "inclining",
    "ionic",
    "loci",
    "loco",
    "logic",
    "nuncio",
    "oculi",
    "unclog",
    "unclogging",
    "uncoil",
    "uncoiling",
    "uncool"
  ],
  "meta": {
    "source_url": "https://www.sbsolver.com/s/2612",
    "fetched_at": "2025-11-05T23:45:00Z",
    "user_agent": "Scraper/1.0 (+)",
    "pool": null,
    "center": null
  }
}