{
  "id": "2613",
  "count": 41,
  "words": [
    "elite",
    "evil",
    "ileum",
    "ilium",
    "levee",
    "level",
    "lieu",
    "lilt",
    "lime",
    "limit",
    "lite",
    "little",
    "live",
    "lull",
    "lulu",
    "lute",
    "melee",
    "melt",
    "mettle",
    "mile",
    "milieu",
    "mill",
    "millet",
    "mule",
    "mull",
    "mullet",
    "multilevel",
    "tell",
    "tile",
    "till",
    "tilt",
    "title",
    "tittle",
    "tulle",
    "tumult",
    "utile",
    "veil",
    "vellum",
    "velum",
    "velvet",
    "vile"
  ],
  "meta": {
    "source_url": "https://www.sbsolver.com/s/2613",
    "fetched_at": "2025-11-05T23:45:04Z",
    "user_agent": "Scraper/1.0 (+)",
    "pool": null,
    "center": null
  }
}