{
  "id": "2614",
  "count": 61,
  "words": [
    "cent",
    "cite",
    "cocci",
    "cocoon",
    "coefficient",
    "coffee",
    "coffin",
    "coif",
    "coin",
    "conceit",
    "concoct",
    "concoction",
    "cone",
    "confect",
    "confection",
    "confetti",
    "confine",
    "confit",
    "conic",
    "connect",
    "connection",
    "connote",
    "content",
    "contention",
    "continence",
    "continent",
    "coot",
    "cootie",
    "cote",
    "cotton",
    "ecotone",
    "effect",
    "efficient",
    "entice",
    "fence",
    "fiction",
    "foci",
    "icon",
    "iconic",
    "incite",
    "incontinence",
    "incontinent",
    "inefficient",
    "infect",
    "infection",
    "innocence",
    "innocent",
    "ionic",
    "neocon",
    "nice",
    "nicotine",
    "niece",
    "nonce",
    "nonfiction",
    "notice",
    "octet",
    "office",
    "once",
    "tectonic",
    "tinct",
    "tonic"
  ],
  "meta": {
    "source_url": "https://www.sbsolver.com/s/2614",
    "fetched_at": "2025-11-05T23:45:08Z",
    "user_agent": "Scraper/1.0 (+)",
    "pool": null,
    "center": null
  }
}