{
  "id": "2615",
  "count": 69,
  "words": [
    "agar",
    "agrarian",
    "airily",
    "airing",
    "airy",
    "angrily",
    "angry",
    "aria",
    "aril",
    "arraign",
    "arraigning",
    "arranging",
    "array",
    "arraying",
    "garaging",
    "gargling",
    "girl",
    "girly",
    "glaring",
    "glaringly",
    "gnarl",
    "gnarling",
    "gnarly",
    "grail",
    "grain",
    "graining",
    "grainy",
    "gran",
    "granary",
    "granny",
    "gray",
    "graying",
    "grill",
    "grilling",
    "grin",
    "grinning",
    "grinningly",
    "ingrain",
    "ingraining",
    "lair",
    "liar",
    "lira",
    "nary",
    "nigiri",
    "raga",
    "ragging",
    "raging",
    "raglan",
    "rail",
    "railing",
    "rain",
    "raining",
    "rainy",
    "rally",
    "rallying",
    "rang",
    "ranging",
    "rangy",
    "rani",
    "raring",
    "raying",
    "rial",
    "rigging",
    "riling",
    "rill",
    "ring",
    "ringing",
    "riyal",
    "yarn"
  ],
  "meta": {
    "source_url": "https://www.sbsolver.com/s/2615",
    "fetched_at": "2025-11-05T23:45:11Z",
    "user_agent": "Scraper/1.0 (+)",
    "pool": null,
    "center": null
  }
}