{
  "id": "2616",
  "count": 47,
  "words": [
    "acacia",
    "acai",
    "archaic",
    "arctic",
    "aria",
    "armchair",
    "arthritic",
    "atria",
    "attic",
    "cacti",
    "cami",
    "cathartic",
    "chai",
    "chair",
    "chia",
    "chic",
    "chica",
    "chichi",
    "chit",
    "chitchat",
    "circa",
    "cirri",
    "citric",
    "critic",
    "hair",
    "hamachi",
    "hamartia",
    "hitch",
    "imam",
    "itch",
    "mahimahi",
    "maim",
    "mariachi",
    "matriarch",
    "mica",
    "mimic",
    "mirth",
    "mitt",
    "raita",
    "rich",
    "tacit",
    "tactic",
    "tamari",
    "tatami",
    "tiara",
    "trait",
    "trim"
  ],
  "meta": {
    "source_url": "https://www.sbsolver.com/s/2616",
    "fetched_at": "2025-11-05T23:45:14Z",
    "user_agent": "Scraper/1.0 (+)",
    "pool": null,
    "center": null
  }
}