{
  "id": "2617",
  "count": 29,
  "words": [
    "adapt",
    "apart",
    "apparat",
    "attar",
    "daft",
    "dart",
    "data",
    "draft",
    "drat",
    "fart",
    "frat",
    "part",
    "pfft",
    "prat",
    "putt",
    "raft",
    "rapt",
    "ratatat",
    "rattrap",
    "tapa",
    "tarp",
    "tart",
    "tartar",
    "taut",
    "trap",
    "tuft",
    "turf",
    "tutu",
    "updraft"
  ],
  "meta": {
    "source_url": "https://www.sbsolver.com/s/2617",
    "fetched_at": "2025-11-05T23:45:21Z",
    "user_agent": "Scraper/1.0 (+)",
    "pool": null,
    "center": null
  }
}