{
  "id": "2618",
  "count": 37,
  "words": [
    "addition",
    "anion",
    "annatto",
    "annotation",
    "anoint",
    "anon",
    "anoxia",
    "antioxidant",
    "antitoxin",
    "axon",
    "dino",
    "dioxin",
    "ditto",
    "dodo",
    "donation",
    "doodad",
    "doxx",
    "idiot",
    "initiation",
    "into",
    "intonation",
    "iota",
    "nation",
    "noon",
    "notation",
    "notion",
    "onion",
    "onto",
    "oxidant",
    "oxidation",
    "tattoo",
    "taxation",
    "taxon",
    "toad",
    "toon",
    "toot",
    "toxin"
  ],
  "meta": {
    "source_url": "https://www.sbsolver.com/s/2618",
    "fetched_at": "2025-11-05T23:45:24Z",
    "user_agent": "Scraper/1.0 (+)",
    "pool": null,
    "center": null
  }
}