{
  "id": "2619",
  "count": 61,
  "words": [
    "advantage",
    "advantaged",
    "advent",
    "agate",
    "agent",
    "andante",
    "ante",
    "anted",
    "antedate",
    "antedated",
    "antenna",
    "antennae",
    "attend",
    "attendant",
    "attended",
    "attendee",
    "data",
    "date",
    "dated",
    "dent",
    "dented",
    "detente",
    "eaten",
    "entente",
    "event",
    "gadget",
    "gannet",
    "gate",
    "gated",
    "gent",
    "gnat",
    "natant",
    "neat",
    "neaten",
    "neatened",
    "negate",
    "negated",
    "netted",
    "tagged",
    "tang",
    "tangent",
    "tanned",
    "tatted",
    "teat",
    "teed",
    "teen",
    "teenage",
    "teenaged",
    "tenant",
    "tend",
    "tended",
    "tenet",
    "tent",
    "tented",
    "vantage",
    "vegetate",
    "vegetated",
    "vendetta",
    "vent",
    "vented",
    "vetted"
  ],
  "meta": {
    "source_url": "https://www.sbsolver.com/s/2619",
    "fetched_at": "2025-11-05T23:45:29Z",
    "user_agent": "Scraper/1.0 (+)",
    "pool": null,
    "center": null
  }
}