{
  "id": "2620",
  "count": 53,
  "words": [
    "element",
    "elite",
    "entitle",
    "entitlement",
    "impel",
    "implement",
    "inlet",
    "intel",
    "lenient",
    "lent",
    "lentil",
    "lien",
    "lilt",
    "lime",
    "limit",
    "limn",
    "limp",
    "limpet",
    "line",
    "linemen",
    "linen",
    "liniment",
    "linnet",
    "lint",
    "lintel",
    "lite",
    "little",
    "melee",
    "melt",
    "mettle",
    "mile",
    "mill",
    "millet",
    "nettle",
    "nipple",
    "peel",
    "pellet",
    "pelt",
    "penile",
    "pile",
    "pill",
    "pimple",
    "pipeline",
    "plie",
    "tell",
    "temple",
    "tile",
    "till",
    "tilt",
    "timeline",
    "tipple",
    "title",
    "tittle"
  ],
  "meta": {
    "source_url": "https://www.sbsolver.com/s/2620",
    "fetched_at": "2025-11-05T23:45:32Z",
    "user_agent": "Scraper/1.0 (+)",
    "pool": null,
    "center": null
  }
}