{
  "id": "2621",
  "count": 42,
  "words": [
    "allow",
    "aloe",
    "aloof",
    "elope",
    "falloff",
    "fallow",
    "fellow",
    "floe",
    "flop",
    "flow",
    "foal",
    "follow",
    "fool",
    "fowl",
    "loaf",
    "loll",
    "lollop",
    "loofa",
    "loop",
    "lope",
    "offal",
    "oleo",
    "opal",
    "paleo",
    "peafowl",
    "people",
    "plop",
    "plow",
    "pole",
    "poll",
    "polo",
    "poof",
    "pool",
    "poop",
    "pope",
    "poppa",
    "powwow",
    "wallop",
    "wallow",
    "wolf",
    "woof",
    "wool"
  ],
  "meta": {
    "source_url": "https://www.sbsolver.com/s/2621",
    "fetched_at": "2025-11-05T23:45:37Z",
    "user_agent": "Scraper/1.0 (+)",
    "pool": null,
    "center": null
  }
}