{
  "id": "2622",
  "count": 53,
  "words": [
    "acacia",
    "acai",
    "actual",
    "antic",
    "attic",
    "cacti",
    "calculi",
    "call",
    "calla",
    "canal",
    "cancan",
    "canna",
    "cannula",
    "cant",
    "cantata",
    "cantina",
    "catcall",
    "cattail",
    "caul",
    "cilia",
    "clan",
    "clinic",
    "clinical",
    "clinician",
    "cull",
    "cult",
    "cultic",
    "iliac",
    "illicit",
    "incant",
    "intact",
    "italic",
    "lactic",
    "lacuna",
    "laic",
    "laical",
    "licit",
    "lilac",
    "lunatic",
    "nautical",
    "niacin",
    "tacit",
    "tact",
    "tactic",
    "tactical",
    "tactician",
    "tactual",
    "talc",
    "tannic",
    "tinct",
    "titanic",
    "tunic",
    "uncut"
  ],
  "meta": {
    "source_url": "https://www.sbsolver.com/s/2622",
    "fetched_at": "2025-11-05T23:45:40Z",
    "user_agent": "Scraper/1.0 (+)",
    "pool": null,
    "center": null
  }
}