{
  "id": "2623",
  "count": 57,
  "words": [
    "adding",
    "again",
    "aging",
    "agita",
    "agitating",
    "aiding",
    "angina",
    "anti",
    "attain",
    "attaining",
    "attuning",
    "audit",
    "auditing",
    "aunt",
    "dang",
    "data",
    "dating",
    "daunt",
    "daunting",
    "gadding",
    "gaga",
    "gagging",
    "gain",
    "gaining",
    "gait",
    "gang",
    "ganging",
    "gating",
    "gauging",
    "gaunt",
    "giant",
    "gnat",
    "iguana",
    "indignant",
    "initiating",
    "inundating",
    "naan",
    "nada",
    "nagging",
    "naiad",
    "nana",
    "natant",
    "tagging",
    "taiga",
    "taint",
    "tainting",
    "tang",
    "tannin",
    "tanning",
    "tatting",
    "taunt",
    "taunting",
    "taut",
    "titan",
    "tuna",
    "untag",
    "untagging"
  ],
  "meta": {
    "source_url": "https://www.sbsolver.com/s/2623",
    "fetched_at": "2025-11-05T23:45:44Z",
    "user_agent": "Scraper/1.0 (+)",
    "pool": null,
    "center": null
  }
}