{
  "id": "2624",
  "count": 49,
  "words": [
    "boot",
    "booth",
    "both",
    "bought",
    "bout",
    "broth",
    "brought",
    "brut",
    "burbot",
    "butt",
    "goth",
    "gout",
    "grotto",
    "grout",
    "hoot",
    "hurt",
    "ought",
    "outgo",
    "outro",
    "outthought",
    "robot",
    "root",
    "rotgut",
    "rotor",
    "rout",
    "thorough",
    "thou",
    "though",
    "thought",
    "throb",
    "through",
    "throughout",
    "thug",
    "toot",
    "tooth",
    "toro",
    "tort",
    "tough",
    "tour",
    "tout",
    "trot",
    "troth",
    "trough",
    "trout",
    "truth",
    "turbo",
    "turbot",
    "tutor",
    "tutu"
  ],
  "meta": {
    "source_url": "https://www.sbsolver.com/s/2624",
    "fetched_at": "2025-11-05T23:45:47Z",
    "user_agent": "Scraper/1.0 (+)",
    "pool": null,
    "center": null
  }
}