{
  "id": "2625",
  "count": 39,
  "words": [
    "acme",
    "ahem",
    "ameba",
    "amebae",
    "ammo",
    "amoeba",
    "amoebae",
    "bamboo",
    "beachcomb",
    "beam",
    "became",
    "become",
    "bomb",
    "bombe",
    "boom",
    "came",
    "cameo",
    "camo",
    "chemo",
    "coma",
    "comb",
    "combo",
    "come",
    "comma",
    "emcee",
    "heme",
    "home",
    "mace",
    "macho",
    "mama",
    "mamba",
    "mambo",
    "mamma",
    "mecca",
    "meme",
    "memo",
    "mocha",
    "momma",
    "mooch"
  ],
  "meta": {
    "source_url": "https://www.sbsolver.com/s/2625",
    "fetched_at": "2025-11-05T23:45:53Z",
    "user_agent": "Scraper/1.0 (+)",
    "pool": null,
    "center": null
  }
}