{
  "id": "2626",
  "count": 37,
  "words": [
    "chew",
    "chewing",
    "chic",
    "chichi",
    "chin",
    "chinning",
    "cinch",
    "cinching",
    "ghee",
    "heinie",
    "hence",
    "henge",
    "hewing",
    "hewn",
    "high",
    "hinge",
    "hinging",
    "inch",
    "inching",
    "neigh",
    "neighing",
    "niche",
    "nigh",
    "weigh",
    "weighing",
    "wench",
    "whee",
    "when",
    "whence",
    "whew",
    "which",
    "whine",
    "whinge",
    "whingeing",
    "whinging",
    "whining",
    "winch"
  ],
  "meta": {
    "source_url": "https://www.sbsolver.com/s/2626",
    "fetched_at": "2025-11-05T23:45:57Z",
    "user_agent": "Scraper/1.0 (+)",
    "pool": null,
    "center": null
  }
}