{
  "id": "2627",
  "count": 51,
  "words": [
    "acidity",
    "addict",
    "alit",
    "atilt",
    "attic",
    "cacti",
    "catalytic",
    "catalytically",
    "catcall",
    "cattail",
    "cattily",
    "catty",
    "city",
    "dactyl",
    "dactylic",
    "data",
    "daylit",
    "dicta",
    "didact",
    "didactic",
    "didactically",
    "ditty",
    "illicit",
    "illicitly",
    "italic",
    "itty",
    "lactic",
    "laity",
    "licit",
    "licitly",
    "lilt",
    "tacit",
    "tacitly",
    "tact",
    "tactic",
    "tactical",
    "tactically",
    "tactility",
    "tail",
    "talc",
    "tali",
    "tall",
    "tallit",
    "tally",
    "tatty",
    "tidal",
    "tidally",
    "tidily",
    "tidy",
    "till",
    "tilt"
  ],
  "meta": {
    "source_url": "https://www.sbsolver.com/s/2627",
    "fetched_at": "2025-11-05T23:46:03Z",
    "user_agent": "Scraper/1.0 (+)",
    "pool": null,
    "center": null
  }
}