{
  "id": "2628",
  "count": 37,
  "words": [
    "adenine",
    "aide",
    "aided",
    "apian",
    "appendix",
    "denied",
    "died",
    "dine",
    "dined",
    "dipped",
    "eddied",
    "idea",
    "inane",
    "indeed",
    "index",
    "indexed",
    "indie",
    "innie",
    "naiad",
    "nannied",
    "nine",
    "ninepin",
    "nipped",
    "nixed",
    "paid",
    "pain",
    "pained",
    "panini",
    "pied",
    "pine",
    "pined",
    "pinned",
    "pinniped",
    "pipe",
    "piped",
    "pippin",
    "pixie"
  ],
  "meta": {
    "source_url": "https://www.sbsolver.com/s/2628",
    "fetched_at": "2025-11-05T23:46:09Z",
    "user_agent": "Scraper/1.0 (+)",
    "pool": null,
    "center": null
  }
}