{
  "id": "2629",
  "count": 54,
  "words": [
    "abaci",
    "aboil",
    "acacia",
    "acai",
    "acid",
    "acidic",
    "adobo",
    "aioli",
    "alibi",
    "baba",
    "bacilli",
    "bail",
    "bald",
    "ball",
    "ballad",
    "baobab",
    "biblical",
    "bilabial",
    "blab",
    "boba",
    "bola",
    "cabal",
    "cabala",
    "cacao",
    "calico",
    "call",
    "calla",
    "callaloo",
    "ciao",
    "cicada",
    "cilia",
    "clad",
    "cloaca",
    "coal",
    "coca",
    "cocoa",
    "coda",
    "cola",
    "collab",
    "diabolic",
    "diabolical",
    "diabolo",
    "dial",
    "doodad",
    "iliac",
    "labia",
    "labial",
    "laic",
    "laical",
    "laid",
    "lilac",
    "load",
    "local",
    "oddball"
  ],
  "meta": {
    "source_url": "https://www.sbsolver.com/s/2629",
    "fetched_at": "2025-11-05T23:46:13Z",
    "user_agent": "Scraper/1.0 (+)",
    "pool": null,
    "center": null
  }
}