{
  "id": "2630",
  "count": 72,
  "words": [
    "gloop",
    "glop",
    "glopping",
    "goop",
    "lipo",
    "lipping",
    "lollipop",
    "lollop",
    "lolloping",
    "loop",
    "looping",
    "loping",
    "lopping",
    "nipping",
    "opining",
    "opinion",
    "opting",
    "option",
    "optioning",
    "pigging",
    "piling",
    "pill",
    "pilling",
    "pillion",
    "pilot",
    "piloting",
    "ping",
    "pinging",
    "pining",
    "pinion",
    "pinioning",
    "pinning",
    "pinot",
    "pinpoint",
    "pinpointing",
    "pint",
    "pinto",
    "piping",
    "pipit",
    "pippin",
    "piton",
    "pitting",
    "plop",
    "plopping",
    "plot",
    "plotting",
    "pogo",
    "pogoing",
    "point",
    "pointing",
    "poling",
    "polio",
    "poll",
    "polling",
    "polo",
    "pong",
    "pontoon",
    "pool",
    "pooling",
    "poop",
    "pooping",
    "poplin",
    "popping",
    "potion",
    "potting",
    "tipi",
    "tipping",
    "tippling",
    "tiptop",
    "toping",
    "topping",
    "toppling"
  ],
  "meta": {
    "source_url": "https://www.sbsolver.com/s/2630",
    "fetched_at": "2025-11-05T23:46:17Z",
    "user_agent": "Scraper/1.0 (+)",
    "pool": null,
    "center": null
  }
}