{
  "id": "2631",
  "count": 50,
  "words": [
    "airmail",
    "airman",
    "alarm",
    "amoral",
    "aria",
    "aril",
    "armor",
    "armorial",
    "aroma",
    "immoral",
    "iron",
    "ironman",
    "lair",
    "liar",
    "lira",
    "mailroom",
    "malaria",
    "malarial",
    "manor",
    "manorial",
    "marina",
    "marinara",
    "marlin",
    "marm",
    "maroon",
    "minor",
    "mirin",
    "mirror",
    "molar",
    "monorail",
    "moor",
    "moral",
    "morn",
    "moron",
    "noir",
    "nori",
    "norm",
    "normal",
    "oral",
    "rail",
    "rain",
    "rani",
    "rial",
    "rill",
    "roam",
    "roan",
    "roar",
    "roil",
    "roll",
    "room"
  ],
  "meta": {
    "source_url": "https://www.sbsolver.com/s/2631",
    "fetched_at": "2025-11-05T23:46:20Z",
    "user_agent": "Scraper/1.0 (+)",
    "pool": null,
    "center": null
  }
}