{
  "id": "2632",
  "count": 31,
  "words": [
    "beech",
    "biotech",
    "boho",
    "boohoo",
    "booth",
    "botch",
    "both",
    "chic",
    "chichi",
    "chit",
    "choice",
    "coho",
    "echo",
    "echoic",
    "etch",
    "ethic",
    "hectic",
    "hitch",
    "hobbit",
    "hobo",
    "hooch",
    "hoot",
    "hottie",
    "itch",
    "tech",
    "techie",
    "teeth",
    "teethe",
    "thee",
    "tithe",
    "tooth"
  ],
  "meta": {
    "source_url": "https://www.sbsolver.com/s/2632",
    "fetched_at": "2025-11-05T23:46:27Z",
    "user_agent": "Scraper/1.0 (+)",
    "pool": null,
    "center": null
  }
}