{
  "id": "2633",
  "count": 41,
  "words": [
    "cede",
    "ceded",
    "cite",
    "cited",
    "civet",
    "civic",
    "cued",
    "cute",
    "cutie",
    "deceit",
    "deceive",
    "deceived",
    "decide",
    "decided",
    "deduce",
    "deduced",
    "deduct",
    "deducted",
    "deductive",
    "deice",
    "deiced",
    "deicide",
    "detect",
    "detected",
    "detective",
    "deuce",
    "device",
    "dice",
    "diced",
    "dietetic",
    "duct",
    "ducted",
    "edict",
    "educe",
    "educed",
    "eidetic",
    "evict",
    "evicted",
    "evictee",
    "iced",
    "vice"
  ],
  "meta": {
    "source_url": "https://www.sbsolver.com/s/2633",
    "fetched_at": "2025-11-05T23:46:30Z",
    "user_agent": "Scraper/1.0 (+)",
    "pool": null,
    "center": null
  }
}