{
  "id": "2634",
  "count": 48,
  "words": [
    "ably",
    "affably",
    "alfalfa",
    "alibi",
    "allay",
    "ally",
    "anal",
    "anally",
    "annal",
    "bail",
    "bailiff",
    "ball",
    "banal",
    "banally",
    "bialy",
    "bilabial",
    "bill",
    "billy",
    "blab",
    "blabby",
    "blin",
    "blini",
    "fail",
    "fall",
    "fallibly",
    "filial",
    "filially",
    "fill",
    "filly",
    "final",
    "finally",
    "finial",
    "flab",
    "flabby",
    "flail",
    "flan",
    "flay",
    "flyby",
    "illy",
    "infallibly",
    "infill",
    "inlay",
    "labia",
    "labial",
    "lain",
    "lanai",
    "lily",
    "nail"
  ],
  "meta": {
    "source_url": "https://www.sbsolver.com/s/2634",
    "fetched_at": "2025-11-05T23:46:33Z",
    "user_agent": "Scraper/1.0 (+)",
    "pool": null,
    "center": null
  }
}