{
  "id": "2635",
  "count": 44,
  "words": [
    "amino",
    "ammo",
    "ammonia",
    "amnio",
    "anima",
    "animation",
    "atom",
    "imam",
    "imitation",
    "intimation",
    "maim",
    "main",
    "maintain",
    "mama",
    "mamma",
    "mammon",
    "mania",
    "manna",
    "manta",
    "mini",
    "minim",
    "minima",
    "minion",
    "minivan",
    "mint",
    "mitt",
    "moan",
    "moat",
    "momma",
    "mono",
    "monomania",
    "moon",
    "moot",
    "motion",
    "motivation",
    "motto",
    "nomination",
    "omit",
    "ottoman",
    "tatami",
    "tomato",
    "tomtit",
    "vitamin",
    "vomit"
  ],
  "meta": {
    "source_url": "https://www.sbsolver.com/s/2635",
    "fetched_at": "2025-11-05T23:46:37Z",
    "user_agent": "Scraper/1.0 (+)",
    "pool": null,
    "center": null
  }
}