{
  "id": "2636",
  "count": 57,
  "words": [
    "cell",
    "celled",
    "cello",
    "clod",
    "clone",
    "cloned",
    "clown",
    "clowned",
    "coddle",
    "coddled",
    "cold",
    "colleen",
    "colon",
    "colonel",
    "condole",
    "condoled",
    "condolence",
    "cool",
    "cooldown",
    "cooled",
    "cowl",
    "dell",
    "dole",
    "doled",
    "doll",
    "dolled",
    "doodle",
    "doodled",
    "dowel",
    "dwell",
    "dwelled",
    "lede",
    "lend",
    "lewd",
    "loco",
    "locoweed",
    "lode",
    "loll",
    "lolled",
    "lone",
    "loon",
    "lowdown",
    "lowed",
    "needle",
    "needled",
    "newel",
    "noel",
    "noodle",
    "noodled",
    "olden",
    "oleo",
    "weld",
    "welded",
    "well",
    "welled",
    "wool",
    "woolen"
  ],
  "meta": {
    "source_url": "https://www.sbsolver.com/s/2636",
    "fetched_at": "2025-11-05T23:46:40Z",
    "user_agent": "Scraper/1.0 (+)",
    "pool": null,
    "center": null
  }
}