{
  "id": "2637",
  "count": 38,
  "words": [
    "acacia",
    "acai",
    "acing",
    "acting",
    "activating",
    "antic",
    "attic",
    "cacti",
    "caging",
    "cancan",
    "caning",
    "canna",
    "canning",
    "cant",
    "cantata",
    "cantina",
    "cava",
    "caving",
    "citing",
    "civic",
    "gigantic",
    "icing",
    "inactivating",
    "incant",
    "incanting",
    "inciting",
    "intact",
    "niacin",
    "tacit",
    "tact",
    "tactic",
    "tactician",
    "tannic",
    "tinct",
    "titanic",
    "vacant",
    "vacating",
    "vaccinating"
  ],
  "meta": {
    "source_url": "https://www.sbsolver.com/s/2637",
    "fetched_at": "2025-11-05T23:46:43Z",
    "user_agent": "Scraper/1.0 (+)",
    "pool": null,
    "center": null
  }
}