{
  "id": "2638",
  "count": 35,
  "words": [
    "anon",
    "anorak",
    "know",
    "known",
    "koan",
    "krona",
    "kronor",
    "mammon",
    "manna",
    "manor",
    "maroon",
    "moan",
    "monk",
    "mono",
    "moon",
    "morn",
    "moron",
    "mown",
    "naan",
    "nana",
    "narrow",
    "nonwork",
    "nook",
    "noon",
    "norm",
    "rank",
    "roan",
    "rowan",
    "wanna",
    "warn",
    "woman",
    "wonk",
    "workman",
    "workwoman",
    "worn"
  ],
  "meta": {
    "source_url": "https://www.sbsolver.com/s/2638",
    "fetched_at": "2025-11-05T23:46:46Z",
    "user_agent": "Scraper/1.0 (+)",
    "pool": null,
    "center": null
  }
}