{
  "id": "2639",
  "count": 36,
  "words": [
    "actual",
    "annual",
    "annul",
    "aunt",
    "cannula",
    "caul",
    "clutch",
    "cull",
    "cult",
    "haul",
    "haunch",
    "haunt",
    "hula",
    "hull",
    "hunch",
    "hunt",
    "hutch",
    "lacuna",
    "launch",
    "luau",
    "lull",
    "lulu",
    "luna",
    "lunch",
    "lunula",
    "null",
    "nuthatch",
    "tactual",
    "taunt",
    "taut",
    "tuna",
    "tutu",
    "ulna",
    "unclutch",
    "uncut",
    "unlatch"
  ],
  "meta": {
    "source_url": "https://www.sbsolver.com/s/2639",
    "fetched_at": "2025-11-05T23:46:49Z",
    "user_agent": "Scraper/1.0 (+)",
    "pool": null,
    "center": null
  }
}