{
  "id": "2640",
  "count": 57,
  "words": [
    "accent",
    "acetate",
    "acetone",
    "acne",
    "cacao",
    "cage",
    "cancan",
    "cane",
    "canna",
    "cannon",
    "cannot",
    "canoe",
    "canon",
    "cant",
    "cantata",
    "canteen",
    "canton",
    "cent",
    "cetacean",
    "coat",
    "coca",
    "cocoa",
    "cocoon",
    "cogent",
    "cognac",
    "cognate",
    "concatenate",
    "concoct",
    "cone",
    "conga",
    "congee",
    "connect",
    "connote",
    "contact",
    "content",
    "coot",
    "cotangent",
    "cote",
    "cotenant",
    "cottage",
    "cotton",
    "ecotage",
    "ecotone",
    "enact",
    "encage",
    "neocon",
    "nonce",
    "ocean",
    "octagon",
    "octane",
    "octant",
    "octet",
    "once",
    "tacet",
    "taco",
    "tact",
    "toccata"
  ],
  "meta": {
    "source_url": "https://www.sbsolver.com/s/2640",
    "fetched_at": "2025-11-05T23:46:53Z",
    "user_agent": "Scraper/1.0 (+)",
    "pool": null,
    "center": null
  }
}