{
  "id": "2641",
  "count": 66,
  "words": [
    "airbag",
    "airball",
    "alibi",
    "baaing",
    "baba",
    "babbling",
    "bagging",
    "bail",
    "bailing",
    "baling",
    "ball",
    "balling",
    "banal",
    "banana",
    "bang",
    "banging",
    "banning",
    "barb",
    "barbarian",
    "bargain",
    "bargaining",
    "barging",
    "baring",
    "barn",
    "barraging",
    "barring",
    "bilabial",
    "bill",
    "billing",
    "binging",
    "binning",
    "birria",
    "blab",
    "blabbing",
    "blaring",
    "blin",
    "bling",
    "blini",
    "brag",
    "bragging",
    "brain",
    "braining",
    "bran",
    "briar",
    "bribing",
    "brig",
    "bring",
    "bringing",
    "brining",
    "gabbing",
    "gabbling",
    "garb",
    "garbing",
    "garbling",
    "gibing",
    "glib",
    "grab",
    "grabbing",
    "labia",
    "labial",
    "librarian",
    "nabbing",
    "nibbling",
    "rabbi",
    "ragbag",
    "ribbing"
  ],
  "meta": {
    "source_url": "https://www.sbsolver.com/s/2641",
    "fetched_at": "2025-11-05T23:46:56Z",
    "user_agent": "Scraper/1.0 (+)",
    "pool": null,
    "center": null
  }
}