{
  "id": "2642",
  "count": 29,
  "words": [
    "acne",
    "amen",
    "ankh",
    "cancan",
    "cane",
    "canna",
    "chance",
    "enema",
    "enhance",
    "hank",
    "hence",
    "henchman",
    "henchmen",
    "henna",
    "keen",
    "khan",
    "knack",
    "knee",
    "mane",
    "manna",
    "mean",
    "menace",
    "naan",
    "name",
    "namecheck",
    "nana",
    "nankeen",
    "neck",
    "nene"
  ],
  "meta": {
    "source_url": "https://www.sbsolver.com/s/2642",
    "fetched_at": "2025-11-05T23:47:02Z",
    "user_agent": "Scraper/1.0 (+)",
    "pool": null,
    "center": null
  }
}