{
  "id": "2643",
  "count": 39,
  "words": [
    "airplay",
    "apiary",
    "appall",
    "apply",
    "dippy",
    "drip",
    "drippy",
    "lapidary",
    "lipid",
    "lippy",
    "paddy",
    "paid",
    "pail",
    "pair",
    "palapa",
    "pall",
    "pallid",
    "pallidly",
    "palp",
    "papa",
    "papal",
    "papally",
    "papaya",
    "papilla",
    "pappy",
    "papyri",
    "parlay",
    "parry",
    "payday",
    "piddly",
    "pill",
    "pillar",
    "plaid",
    "play",
    "pray",
    "rapid",
    "rapidly",
    "ripply",
    "yappy"
  ],
  "meta": {
    "source_url": "https://www.sbsolver.com/s/2643",
    "fetched_at": "2025-11-05T23:47:06Z",
    "user_agent": "Scraper/1.0 (+)",
    "pool": null,
    "center": null
  }
}