{
  "id": "2644",
  "count": 53,
  "words": [
    "aeon",
    "agelong",
    "algae",
    "allege",
    "allele",
    "alley",
    "aloe",
    "alone",
    "angel",
    "angle",
    "anneal",
    "anyone",
    "eagle",
    "eely",
    "eggnog",
    "eggy",
    "elan",
    "elegy",
    "engage",
    "gage",
    "gaggle",
    "gale",
    "galleon",
    "galley",
    "gelee",
    "gene",
    "genealogy",
    "geology",
    "glean",
    "glee",
    "glen",
    "goggle",
    "gone",
    "gooey",
    "google",
    "lane",
    "lean",
    "leanly",
    "legal",
    "legally",
    "leggy",
    "loge",
    "lone",
    "lonely",
    "nene",
    "neon",
    "noel",
    "none",
    "oenology",
    "ogee",
    "ogle",
    "oleo",
    "yell"
  ],
  "meta": {
    "source_url": "https://www.sbsolver.com/s/2644",
    "fetched_at": "2025-11-05T23:47:09Z",
    "user_agent": "Scraper/1.0 (+)",
    "pool": null,
    "center": null
  }
}