{
  "id": "2645",
  "count": 50,
  "words": [
    "delude",
    "deluded",
    "deluge",
    "deluged",
    "dilute",
    "diluted",
    "dude",
    "duel",
    "dueled",
    "duet",
    "duetted",
    "dull",
    "dulled",
    "elude",
    "eluded",
    "etude",
    "gigue",
    "glue",
    "glued",
    "glug",
    "glugged",
    "glut",
    "glute",
    "glutei",
    "glutted",
    "guide",
    "guided",
    "guild",
    "guile",
    "guilt",
    "guilted",
    "gull",
    "gulled",
    "gullet",
    "gutted",
    "lieu",
    "luge",
    "luged",
    "lugged",
    "lull",
    "lulled",
    "lulu",
    "lute",
    "tugged",
    "tulle",
    "tutee",
    "tutted",
    "tutti",
    "tutu",
    "utile"
  ],
  "meta": {
    "source_url": "https://www.sbsolver.com/s/2645",
    "fetched_at": "2025-11-05T23:47:13Z",
    "user_agent": "Scraper/1.0 (+)",
    "pool": null,
    "center": null
  }
}