{
  "id": "2646",
  "count": 18,
  "words": [
    "bikini",
    "bumpkin",
    "bunk",
    "kink",
    "mini",
    "minim",
    "minimum",
    "mink",
    "nimbi",
    "nubbin",
    "numb",
    "pink",
    "pinup",
    "pippin",
    "pumpkin",
    "punk",
    "unkink",
    "unpin"
  ],
  "meta": {
    "source_url": "https://www.sbsolver.com/s/2646",
    "fetched_at": "2025-11-05T23:47:16Z",
    "user_agent": "Scraper/1.0 (+)",
    "pool": null,
    "center": null
  }
}