{
  "id": "2648",
  "count": 52,
  "words": [
    "chignon",
    "chino",
    "chock",
    "chocking",
    "choking",
    "cocci",
    "cock",
    "cocking",
    "cocoon",
    "cocooning",
    "coho",
    "coin",
    "coining",
    "conch",
    "conic",
    "conk",
    "conking",
    "conning",
    "cooing",
    "cook",
    "cooking",
    "ginkgo",
    "gnocchi",
    "going",
    "gong",
    "gonging",
    "goon",
    "hock",
    "hocking",
    "hogging",
    "honcho",
    "honing",
    "honk",
    "honking",
    "hooch",
    "hook",
    "hooking",
    "icon",
    "iconic",
    "ionic",
    "knock",
    "knocking",
    "kook",
    "nock",
    "nocking",
    "noggin",
    "nook",
    "noon",
    "oink",
    "oinking",
    "ongoing",
    "onion"
  ],
  "meta": {
    "source_url": "https://www.sbsolver.com/s/2648",
    "fetched_at": "2025-11-05T23:47:23Z",
    "user_agent": "Scraper/1.0 (+)",
    "pool": null,
    "center": null
  }
}