{
  "id": "2649",
  "count": 42,
  "words": [
    "delete",
    "deleted",
    "delt",
    "dent",
    "dented",
    "dependent",
    "dependently",
    "deplete",
    "depleted",
    "detente",
    "entente",
    "eyelet",
    "lent",
    "netted",
    "nettle",
    "nettled",
    "netty",
    "pellet",
    "pelleted",
    "pelt",
    "pelted",
    "pendent",
    "pent",
    "petted",
    "petty",
    "plenty",
    "teddy",
    "teed",
    "teen",
    "teeny",
    "teepee",
    "teletype",
    "tell",
    "tend",
    "tended",
    "tenet",
    "tent",
    "tented",
    "tepee",
    "type",
    "typed",
    "yente"
  ],
  "meta": {
    "source_url": "https://www.sbsolver.com/s/2649",
    "fetched_at": "2025-11-05T23:47:26Z",
    "user_agent": "Scraper/1.0 (+)",
    "pool": null,
    "center": null
  }
}