{
  "id": "2650",
  "count": 36,
  "words": [
    "ability",
    "alibi",
    "alit",
    "ataxia",
    "atilt",
    "axial",
    "axially",
    "axilla",
    "bail",
    "bait",
    "battily",
    "bialy",
    "biaxial",
    "biaxially",
    "bilabial",
    "bill",
    "billy",
    "illy",
    "itty",
    "labia",
    "labial",
    "lability",
    "laity",
    "laxity",
    "liability",
    "lilt",
    "lily",
    "tail",
    "tali",
    "tallit",
    "taxability",
    "taxi",
    "tibia",
    "tibial",
    "till",
    "tilt"
  ],
  "meta": {
    "source_url": "https://www.sbsolver.com/s/2650",
    "fetched_at": "2025-11-05T23:47:29Z",
    "user_agent": "Scraper/1.0 (+)",
    "pool": null,
    "center": null
  }
}