{
  "id": "2651",
  "count": 56,
  "words": [
    "agate",
    "agent",
    "agog",
    "among",
    "eggnog",
    "engage",
    "engagement",
    "gaga",
    "gage",
    "game",
    "gamete",
    "gamma",
    "gang",
    "gannet",
    "gate",
    "gene",
    "genome",
    "gent",
    "geotag",
    "gnat",
    "gnome",
    "goat",
    "goatee",
    "gone",
    "gong",
    "gonna",
    "goon",
    "gotta",
    "gotten",
    "mage",
    "magenta",
    "maggot",
    "magma",
    "magnate",
    "magnet",
    "magneto",
    "manage",
    "management",
    "manga",
    "mange",
    "mango",
    "mega",
    "megaton",
    "montage",
    "nametag",
    "negate",
    "nonagon",
    "ogee",
    "omega",
    "tang",
    "tangent",
    "tango",
    "teenage",
    "toga",
    "tong",
    "tonnage"
  ],
  "meta": {
    "source_url": "https://www.sbsolver.com/s/2651",
    "fetched_at": "2025-11-05T23:47:33Z",
    "user_agent": "Scraper/1.0 (+)",
    "pool": null,
    "center": null
  }
}