{
  "id": "2652",
  "count": 30,
  "words": [
    "daddy",
    "dahlia",
    "daily",
    "dally",
    "daylily",
    "dial",
    "diddly",
    "dildo",
    "dill",
    "dilly",
    "dillydally",
    "dodo",
    "doily",
    "doll",
    "dolly",
    "doodad",
    "dyad",
    "hold",
    "holiday",
    "hood",
    "hoodoo",
    "hyoid",
    "idly",
    "idol",
    "idyl",
    "idyll",
    "lady",
    "laid",
    "load",
    "oddly"
  ],
  "meta": {
    "source_url": "https://www.sbsolver.com/s/2652",
    "fetched_at": "2025-11-05T23:47:36Z",
    "user_agent": "Scraper/1.0 (+)",
    "pool": null,
    "center": null
  }
}