{
  "id": "2653",
  "count": 36,
  "words": [
    "actuator",
    "aura",
    "aurora",
    "author",
    "auto",
    "autocrat",
    "church",
    "churro",
    "coauthor",
    "couch",
    "court",
    "couth",
    "crouch",
    "crutch",
    "curacao",
    "curator",
    "curt",
    "cutout",
    "cutthroat",
    "hour",
    "hurrah",
    "hurt",
    "hutch",
    "occur",
    "ouch",
    "outro",
    "rout",
    "taut",
    "thou",
    "touch",
    "tour",
    "tout",
    "trout",
    "truth",
    "tutor",
    "tutu"
  ],
  "meta": {
    "source_url": "https://www.sbsolver.com/s/2653",
    "fetched_at": "2025-11-05T23:47:39Z",
    "user_agent": "Scraper/1.0 (+)",
    "pool": null,
    "center": null
  }
}