{
  "id": "2654",
  "count": 51,
  "words": [
    "cocoon",
    "cocooned",
    "code",
    "coded",
    "codon",
    "coed",
    "concede",
    "conceded",
    "condo",
    "condone",
    "condoned",
    "cone",
    "coned",
    "conned",
    "convene",
    "convened",
    "convey",
    "conveyed",
    "convoy",
    "convoyed",
    "cooed",
    "cove",
    "coven",
    "covey",
    "deco",
    "decode",
    "decoded",
    "decoy",
    "decoyed",
    "dodo",
    "done",
    "donee",
    "donned",
    "dove",
    "doyen",
    "doyenne",
    "encode",
    "encoded",
    "envoy",
    "neocon",
    "neon",
    "nodded",
    "node",
    "nonce",
    "none",
    "noon",
    "odeon",
    "once",
    "oven",
    "voodoo",
    "yond"
  ],
  "meta": {
    "source_url": "https://www.sbsolver.com/s/2654",
    "fetched_at": "2025-11-05T23:47:43Z",
    "user_agent": "Scraper/1.0 (+)",
    "pool": null,
    "center": null
  }
}