{
  "id": "2655",
  "count": 28,
  "words": [
    "aria",
    "arid",
    "atria",
    "bait",
    "bird",
    "birdbath",
    "birria",
    "birth",
    "braid",
    "briar",
    "dirt",
    "drib",
    "habit",
    "habitat",
    "hair",
    "rabbi",
    "rabbit",
    "rabid",
    "radii",
    "raid",
    "raita",
    "ribbit",
    "third",
    "tiara",
    "tibia",
    "tidbit",
    "trait",
    "triad"
  ],
  "meta": {
    "source_url": "https://www.sbsolver.com/s/2655",
    "fetched_at": "2025-11-05T23:47:46Z",
    "user_agent": "Scraper/1.0 (+)",
    "pool": null,
    "center": null
  }
}