{
  "id": "2656",
  "count": 50,
  "words": [
    "entente",
    "lent",
    "lento",
    "lone",
    "loon",
    "lune",
    "lunette",
    "nene",
    "neon",
    "nettle",
    "noel",
    "none",
    "nonet",
    "noon",
    "nope",
    "note",
    "noun",
    "null",
    "onto",
    "open",
    "opponent",
    "opulent",
    "peen",
    "peloton",
    "penne",
    "pent",
    "penult",
    "peon",
    "pollen",
    "pone",
    "pontoon",
    "potent",
    "punt",
    "teen",
    "tenet",
    "tenon",
    "tent",
    "tentpole",
    "tone",
    "tonne",
    "toon",
    "tune",
    "tuneup",
    "tunnel",
    "unlet",
    "unopen",
    "unpen",
    "unto",
    "untune",
    "upon"
  ],
  "meta": {
    "source_url": "https://www.sbsolver.com/s/2656",
    "fetched_at": "2025-11-05T23:47:50Z",
    "user_agent": "Scraper/1.0 (+)",
    "pool": null,
    "center": null
  }
}