{
  "id": "2657",
  "count": 71,
  "words": [
    "accruing",
    "agar",
    "agrarian",
    "airing",
    "arancini",
    "arcana",
    "arcing",
    "arguing",
    "aria",
    "arnica",
    "arraign",
    "arraigning",
    "arranging",
    "augur",
    "auguring",
    "aura",
    "cairn",
    "caring",
    "cigar",
    "circa",
    "cirri",
    "crag",
    "crania",
    "craning",
    "cringing",
    "curing",
    "garaging",
    "gracing",
    "grain",
    "graining",
    "gran",
    "grin",
    "grinning",
    "guar",
    "guru",
    "incur",
    "incurring",
    "ingrain",
    "ingraining",
    "inuring",
    "inurn",
    "inurning",
    "narc",
    "nigiri",
    "racing",
    "raga",
    "ragging",
    "raging",
    "ragu",
    "rain",
    "raining",
    "rang",
    "ranging",
    "rani",
    "raring",
    "ricin",
    "ricing",
    "rigging",
    "ring",
    "ringing",
    "ruin",
    "ruing",
    "ruining",
    "rung",
    "runic",
    "running",
    "uncaring",
    "unrig",
    "unrigging",
    "urging",
    "uric"
  ],
  "meta": {
    "source_url": "https://www.sbsolver.com/s/2657",
    "fetched_at": "2025-11-05T23:47:53Z",
    "user_agent": "Scraper/1.0 (+)",
    "pool": null,
    "center": null
  }
}