{
  "id": "2658",
  "count": 56,
  "words": [
    "abaci",
    "abdicate",
    "abdicated",
    "acacia",
    "acai",
    "accede",
    "acceded",
    "aced",
    "acetate",
    "acetic",
    "acid",
    "acidic",
    "acted",
    "addict",
    "addicted",
    "attic",
    "cabbed",
    "cabbie",
    "cacti",
    "caddie",
    "caddied",
    "cadet",
    "cede",
    "ceded",
    "ciabatta",
    "cicada",
    "cite",
    "cited",
    "decade",
    "deceit",
    "decide",
    "decided",
    "dedicate",
    "dedicated",
    "dedicatee",
    "deice",
    "deiced",
    "deicide",
    "detect",
    "detected",
    "diabetic",
    "dice",
    "diced",
    "dicta",
    "dictate",
    "dictated",
    "didact",
    "didactic",
    "dietetic",
    "edict",
    "eidetic",
    "iced",
    "tacet",
    "tacit",
    "tact",
    "tactic"
  ],
  "meta": {
    "source_url": "https://www.sbsolver.com/s/2658",
    "fetched_at": "2025-11-05T23:47:56Z",
    "user_agent": "Scraper/1.0 (+)",
    "pool": null,
    "center": null
  }
}