{
  "id": "2659",
  "count": 32,
  "words": [
    "beeline",
    "belie",
    "belief",
    "bible",
    "biff",
    "bile",
    "bill",
    "blin",
    "blini",
    "elfin",
    "exile",
    "feline",
    "fief",
    "fife",
    "file",
    "fill",
    "fine",
    "flexible",
    "ibex",
    "infill",
    "infix",
    "inflexible",
    "innie",
    "libel",
    "libelee",
    "lien",
    "life",
    "lifeline",
    "line",
    "linen",
    "nibble",
    "nine"
  ],
  "meta": {
    "source_url": "https://www.sbsolver.com/s/2659",
    "fetched_at": "2025-11-05T23:47:59Z",
    "user_agent": "Scraper/1.0 (+)",
    "pool": null,
    "center": null
  }
}