{
  "id": "2660",
  "count": 52,
  "words": [
    "emote",
    "emotion",
    "intention",
    "into",
    "intone",
    "ionize",
    "memento",
    "memo",
    "mention",
    "mezzo",
    "mezzotint",
    "mimeo",
    "minion",
    "moment",
    "monetize",
    "mono",
    "monotone",
    "monte",
    "moon",
    "moot",
    "mote",
    "motet",
    "motion",
    "motto",
    "neon",
    "nominee",
    "none",
    "nonet",
    "noon",
    "note",
    "notion",
    "ointment",
    "omen",
    "omit",
    "onetime",
    "onion",
    "onto",
    "ooze",
    "ozone",
    "tenon",
    "timezone",
    "tome",
    "tomtit",
    "tone",
    "tonne",
    "toon",
    "toonie",
    "toot",
    "tote",
    "totem",
    "zone",
    "zoom"
  ],
  "meta": {
    "source_url": "https://www.sbsolver.com/s/2660",
    "fetched_at": "2025-11-05T23:48:03Z",
    "user_agent": "Scraper/1.0 (+)",
    "pool": null,
    "center": null
  }
}