{
  "id": "2661",
  "count": 30,
  "words": [
    "allot",
    "allow",
    "alto",
    "atoll",
    "koala",
    "kola",
    "loll",
    "look",
    "lookout",
    "loot",
    "lotto",
    "lout",
    "luau",
    "lull",
    "lulu",
    "outlaw",
    "outlook",
    "outtalk",
    "talk",
    "tall",
    "tallow",
    "toll",
    "tool",
    "total",
    "walk",
    "walkout",
    "wall",
    "wallow",
    "waul",
    "wool"
  ],
  "meta": {
    "source_url": "https://www.sbsolver.com/s/2661",
    "fetched_at": "2025-11-05T23:48:06Z",
    "user_agent": "Scraper/1.0 (+)",
    "pool": null,
    "center": null
  }
}