{
  "id": "2662",
  "count": 28,
  "words": [
    "diddling",
    "dill",
    "dimpling",
    "giggling",
    "gild",
    "gilding",
    "gill",
    "gilling",
    "gliding",
    "idling",
    "limn",
    "limning",
    "limp",
    "limpid",
    "limping",
    "lining",
    "lipid",
    "lipping",
    "middling",
    "mild",
    "mill",
    "milling",
    "mingling",
    "niggling",
    "piddling",
    "piling",
    "pill",
    "pilling"
  ],
  "meta": {
    "source_url": "https://www.sbsolver.com/s/2662",
    "fetched_at": "2025-11-05T23:48:09Z",
    "user_agent": "Scraper/1.0 (+)",
    "pool": null,
    "center": null
  }
}