{
  "id": "2663",
  "count": 34,
  "words": [
    "cirri",
    "cocci",
    "cocoon",
    "coffin",
    "coif",
    "coin",
    "coir",
    "comic",
    "common",
    "confirm",
    "conform",
    "conic",
    "corn",
    "croc",
    "croci",
    "croon",
    "foci",
    "formic",
    "icon",
    "iconic",
    "ionic",
    "ironic",
    "micro",
    "microform",
    "micromini",
    "micron",
    "mimic",
    "morocco",
    "moronic",
    "noncom",
    "omicron",
    "ricin",
    "rococo",
    "romcom"
  ],
  "meta": {
    "source_url": "https://www.sbsolver.com/s/2663",
    "fetched_at": "2025-11-05T23:48:12Z",
    "user_agent": "Scraper/1.0 (+)",
    "pool": null,
    "center": null
  }
}