{
  "id": "2664",
  "count": 41,
  "words": [
    "devein",
    "deveined",
    "deveining",
    "dive",
    "dived",
    "divide",
    "divided",
    "dividend",
    "dividing",
    "divine",
    "divined",
    "diving",
    "divining",
    "divvied",
    "endive",
    "envied",
    "even",
    "evened",
    "evening",
    "give",
    "given",
    "giving",
    "hive",
    "hived",
    "hiving",
    "inveigh",
    "inveighed",
    "inveighing",
    "ivied",
    "vegged",
    "veggie",
    "vegging",
    "vein",
    "veined",
    "veining",
    "vend",
    "vended",
    "vending",
    "vied",
    "vine",
    "vivid"
  ],
  "meta": {
    "source_url": "https://www.sbsolver.com/s/2664",
    "fetched_at": "2025-11-05T23:48:15Z",
    "user_agent": "Scraper/1.0 (+)",
    "pool": null,
    "center": null
  }
}