{
  "id": "2665",
  "count": 49,
  "words": [
    "ability",
    "ably",
    "airball",
    "alibi",
    "arability",
    "arbitrarily",
    "arbitrary",
    "baba",
    "baby",
    "bail",
    "bait",
    "ball",
    "barb",
    "barbarity",
    "battily",
    "batty",
    "bialy",
    "bilabial",
    "biliary",
    "bill",
    "billy",
    "birria",
    "blab",
    "blabby",
    "blat",
    "brat",
    "bratty",
    "bray",
    "briar",
    "briary",
    "irritability",
    "irritably",
    "labia",
    "labial",
    "lability",
    "liability",
    "library",
    "rabbi",
    "rabbit",
    "ratability",
    "ribbit",
    "ribby",
    "tabby",
    "tabla",
    "tibia",
    "tibial",
    "tribal",
    "tribally",
    "trilby"
  ],
  "meta": {
    "source_url": "https://www.sbsolver.com/s/2665",
    "fetched_at": "2025-11-05T23:48:18Z",
    "user_agent": "Scraper/1.0 (+)",
    "pool": null,
    "center": null
  }
}