{
  "id": "2666",
  "count": 46,
  "words": [
    "allot",
    "although",
    "alto",
    "atoll",
    "aught",
    "auto",
    "galoot",
    "gloat",
    "glottal",
    "glut",
    "goat",
    "goth",
    "gotta",
    "gout",
    "halt",
    "hath",
    "hatha",
    "holt",
    "hoot",
    "lath",
    "loath",
    "loot",
    "lotto",
    "lout",
    "oath",
    "ought",
    "outgo",
    "outthought",
    "tall",
    "tattoo",
    "taught",
    "taut",
    "that",
    "thou",
    "though",
    "thought",
    "thug",
    "toga",
    "toll",
    "tool",
    "toot",
    "tooth",
    "total",
    "tough",
    "tout",
    "tutu"
  ],
  "meta": {
    "source_url": "https://www.sbsolver.com/s/2666",
    "fetched_at": "2025-11-05T23:48:21Z",
    "user_agent": "Scraper/1.0 (+)",
    "pool": null,
    "center": null
  }
}