{
  "id": "2667",
  "count": 28,
  "words": [
    "deem",
    "deemed",
    "dehumidified",
    "dime",
    "dimmed",
    "dumdum",
    "dummied",
    "femme",
    "fume",
    "fumed",
    "heme",
    "hemmed",
    "humid",
    "humidified",
    "hummed",
    "medium",
    "meme",
    "memed",
    "midi",
    "miff",
    "miffed",
    "mime",
    "mimed",
    "muddied",
    "muff",
    "muffed",
    "mummified",
    "muumuu"
  ],
  "meta": {
    "source_url": "https://www.sbsolver.com/s/2667",
    "fetched_at": "2025-11-05T23:48:26Z",
    "user_agent": "Scraper/1.0 (+)",
    "pool": null,
    "center": null
  }
}