{
  "id": "2668",
  "count": 50,
  "words": [
    "allay",
    "ally",
    "anal",
    "anally",
    "annal",
    "anvil",
    "avail",
    "avidly",
    "daily",
    "dally",
    "dandily",
    "daylily",
    "dial",
    "diddly",
    "dill",
    "dilly",
    "dillydally",
    "idly",
    "idyl",
    "idyll",
    "illy",
    "inlaid",
    "inland",
    "inlay",
    "invalid",
    "invalidly",
    "lady",
    "laid",
    "lain",
    "lanai",
    "land",
    "landlady",
    "lava",
    "lily",
    "livid",
    "lividly",
    "nail",
    "naval",
    "vainly",
    "valid",
    "validly",
    "vandal",
    "vanilla",
    "vanillin",
    "vial",
    "villa",
    "villain",
    "villainy",
    "vinyl",
    "vividly"
  ],
  "meta": {
    "source_url": "https://www.sbsolver.com/s/2668",
    "fetched_at": "2025-11-05T23:48:29Z",
    "user_agent": "Scraper/1.0 (+)",
    "pool": null,
    "center": null
  }
}