{
  "id": "2669",
  "count": 61,
  "words": [
    "accent",
    "acetate",
    "acetone",
    "acne",
    "avocet",
    "cacao",
    "cancan",
    "cane",
    "canna",
    "cannon",
    "cannot",
    "canoe",
    "canon",
    "cant",
    "cantata",
    "canteen",
    "canton",
    "cava",
    "cave",
    "caveat",
    "cent",
    "cetacean",
    "coat",
    "coca",
    "cocoa",
    "cocoon",
    "concatenate",
    "concave",
    "concoct",
    "cone",
    "connect",
    "connote",
    "contact",
    "content",
    "convect",
    "convene",
    "convent",
    "coot",
    "cote",
    "cotenant",
    "cotton",
    "cove",
    "coven",
    "covenant",
    "covet",
    "ecotone",
    "enact",
    "neocon",
    "nonce",
    "ocean",
    "octane",
    "octant",
    "octave",
    "octet",
    "once",
    "tacet",
    "taco",
    "tact",
    "toccata",
    "vacant",
    "vacate"
  ],
  "meta": {
    "source_url": "https://www.sbsolver.com/s/2669",
    "fetched_at": "2025-11-05T23:48:34Z",
    "user_agent": "Scraper/1.0 (+)",
    "pool": null,
    "center": null
  }
}