{
  "id": "2670",
  "count": 45,
  "words": [
    "cock",
    "cocked",
    "coke",
    "conk",
    "conked",
    "cook",
    "cooked",
    "cuckoo",
    "cuckooed",
    "cuke",
    "deck",
    "decked",
    "deke",
    "deked",
    "dock",
    "docked",
    "duck",
    "ducked",
    "duke",
    "duked",
    "dunk",
    "dunked",
    "eked",
    "keen",
    "keened",
    "kendo",
    "keno",
    "knee",
    "kneed",
    "knock",
    "knocked",
    "kook",
    "kudu",
    "neck",
    "necked",
    "nock",
    "nocked",
    "nook",
    "nuke",
    "nuked",
    "uncock",
    "uncocked",
    "uncooked",
    "undock",
    "undocked"
  ],
  "meta": {
    "source_url": "https://www.sbsolver.com/s/2670",
    "fetched_at": "2025-11-05T23:48:38Z",
    "user_agent": "Scraper/1.0 (+)",
    "pool": null,
    "center": null
  }
}