{
  "id": "2671",
  "count": 70,
  "words": [
    "again",
    "agaze",
    "ageing",
    "aging",
    "aiming",
    "amaze",
    "amazing",
    "amen",
    "anemia",
    "angina",
    "anima",
    "anime",
    "enema",
    "engage",
    "engaging",
    "enigma",
    "gaga",
    "gage",
    "gagging",
    "gain",
    "gaining",
    "game",
    "gamin",
    "gamine",
    "gaming",
    "gamma",
    "gang",
    "ganging",
    "gaze",
    "gazing",
    "image",
    "imagine",
    "imaging",
    "imagining",
    "imam",
    "inane",
    "magazine",
    "mage",
    "magi",
    "magma",
    "maim",
    "maiming",
    "main",
    "maize",
    "mama",
    "mamma",
    "manage",
    "managing",
    "mane",
    "manga",
    "mange",
    "mania",
    "manna",
    "manning",
    "maze",
    "mean",
    "meanie",
    "meaning",
    "mega",
    "mezzanine",
    "minima",
    "naan",
    "nagging",
    "name",
    "naming",
    "nana",
    "zagging",
    "zigzag",
    "zigzagging",
    "zinnia"
  ],
  "meta": {
    "source_url": "https://www.sbsolver.com/s/2671",
    "fetched_at": "2025-11-05T23:48:41Z",
    "user_agent": "Scraper/1.0 (+)",
    "pool": null,
    "center": null
  }
}