{
  "id": "2672",
  "count": 33,
  "words": [
    "chic",
    "chichi",
    "choir",
    "chromium",
    "chum",
    "church",
    "churro",
    "cirri",
    "cocci",
    "coho",
    "coir",
    "comic",
    "couch",
    "croc",
    "croci",
    "crouch",
    "curio",
    "curium",
    "hooch",
    "ichor",
    "micro",
    "mimic",
    "mochi",
    "mooch",
    "morocco",
    "much",
    "mucho",
    "occur",
    "ouch",
    "rich",
    "rococo",
    "romcom",
    "uric"
  ],
  "meta": {
    "source_url": "https://www.sbsolver.com/s/2672",
    "fetched_at": "2025-11-05T23:48:44Z",
    "user_agent": "Scraper/1.0 (+)",
    "pool": null,
    "center": null
  }
}