{
  "id": "2673",
  "count": 46,
  "words": [
    "acacia",
    "acai",
    "accent",
    "acetate",
    "acetic",
    "acne",
    "ancient",
    "antic",
    "attic",
    "cacti",
    "cancan",
    "cane",
    "canine",
    "canna",
    "canny",
    "cant",
    "cantata",
    "canteen",
    "cantina",
    "catty",
    "cayenne",
    "cent",
    "cetacean",
    "cite",
    "city",
    "cyan",
    "cynic",
    "enact",
    "entice",
    "incant",
    "incite",
    "intact",
    "niacin",
    "nice",
    "nicety",
    "niece",
    "tacet",
    "tacit",
    "tact",
    "tactic",
    "tactician",
    "tannic",
    "tenacity",
    "tenancy",
    "tinct",
    "titanic"
  ],
  "meta": {
    "source_url": "https://www.sbsolver.com/s/2673",
    "fetched_at": "2025-11-05T23:48:47Z",
    "user_agent": "Scraper/1.0 (+)",
    "pool": null,
    "center": null
  }
}