{
  "id": "2674",
  "count": 40,
  "words": [
    "blob",
    "blobs",
    "bloc",
    "block",
    "blocks",
    "blocs",
    "bobs",
    "bock",
    "bocks",
    "boho",
    "boll",
    "bolls",
    "bolo",
    "bolos",
    "boob",
    "booboo",
    "booboos",
    "boobs",
    "boohoo",
    "boohoos",
    "book",
    "books",
    "boos",
    "bosh",
    "boss",
    "cobs",
    "cookbook",
    "cookbooks",
    "hobo",
    "hobos",
    "lobo",
    "lobos",
    "lobs",
    "lookbook",
    "lookbooks",
    "schoolbook",
    "schoolbooks",
    "slob",
    "slobs",
    "sobs"
  ],
  "meta": {
    "source_url": "https://www.sbsolver.com/s/2674",
    "fetched_at": "2025-11-05T23:48:50Z",
    "user_agent": "Scraper/1.0 (+)",
    "pool": null,
    "center": null
  }
}