{
  "id": "2675",
  "count": 55,
  "words": [
    "agar",
    "agog",
    "agora",
    "angora",
    "argon",
    "argonaut",
    "argot",
    "arrogant",
    "augur",
    "gaga",
    "gang",
    "gargantuan",
    "gator",
    "gaunt",
    "gnat",
    "goat",
    "gong",
    "gonna",
    "goon",
    "gorgon",
    "gotta",
    "gout",
    "gran",
    "grant",
    "grantor",
    "groan",
    "groat",
    "grog",
    "grotto",
    "grout",
    "grunt",
    "guano",
    "guar",
    "guarantor",
    "guru",
    "nonagon",
    "nougat",
    "orang",
    "orangutan",
    "organ",
    "outgo",
    "outgun",
    "raga",
    "ragout",
    "ragtag",
    "ragu",
    "rang",
    "rotgut",
    "rung",
    "tang",
    "tango",
    "tarragon",
    "toga",
    "tong",
    "untag"
  ],
  "meta": {
    "source_url": "https://www.sbsolver.com/s/2675",
    "fetched_at": "2025-11-05T23:48:53Z",
    "user_agent": "Scraper/1.0 (+)",
    "pool": null,
    "center": null
  }
}