{
  "id": "2676",
  "count": 57,
  "words": [
    "achoo",
    "ahoy",
    "alcohol",
    "alloy",
    "aloha",
    "ancho",
    "annoy",
    "anon",
    "anyhoo",
    "cacao",
    "callaloo",
    "cannon",
    "canola",
    "canon",
    "canyon",
    "cloaca",
    "cloy",
    "coach",
    "coal",
    "coca",
    "cocoa",
    "cocoon",
    "coho",
    "cola",
    "colcannon",
    "colon",
    "colony",
    "conch",
    "cool",
    "coolly",
    "coyly",
    "halcyon",
    "halo",
    "holly",
    "holy",
    "honcho",
    "hooch",
    "llano",
    "loach",
    "loan",
    "local",
    "locally",
    "loch",
    "loco",
    "loll",
    "loon",
    "loony",
    "loyal",
    "loyally",
    "nacho",
    "nonlocal",
    "noon",
    "nylon",
    "onlay",
    "only",
    "yahoo",
    "yoohoo"
  ],
  "meta": {
    "source_url": "https://www.sbsolver.com/s/2676",
    "fetched_at": "2025-11-05T23:48:58Z",
    "user_agent": "Scraper/1.0 (+)",
    "pool": null,
    "center": null
  }
}