{
  "id": "2677",
  "count": 41,
  "words": [
    "abbey",
    "able",
    "ably",
    "allay",
    "allele",
    "alley",
    "ally",
    "anal",
    "anally",
    "annal",
    "anneal",
    "baba",
    "babble",
    "babe",
    "babel",
    "baby",
    "bale",
    "baleen",
    "ball",
    "banal",
    "banally",
    "banana",
    "bane",
    "banyan",
    "bean",
    "beanball",
    "belay",
    "blab",
    "blabby",
    "elan",
    "enable",
    "eyeball",
    "jean",
    "jellybean",
    "label",
    "lane",
    "lean",
    "leanly",
    "naan",
    "nana",
    "nanny"
  ],
  "meta": {
    "source_url": "https://www.sbsolver.com/s/2677",
    "fetched_at": "2025-11-05T23:49:01Z",
    "user_agent": "Scraper/1.0 (+)",
    "pool": null,
    "center": null
  }
}