{
  "id": "2678",
  "count": 26,
  "words": [
    "clove",
    "codevelop",
    "codeveloped",
    "coevolve",
    "coevolved",
    "cove",
    "delve",
    "delved",
    "develop",
    "developed",
    "devolve",
    "devolved",
    "dove",
    "evolve",
    "evolved",
    "levee",
    "level",
    "leveled",
    "love",
    "loved",
    "peeve",
    "peeved",
    "veep",
    "veld",
    "vole",
    "voodoo"
  ],
  "meta": {
    "source_url": "https://www.sbsolver.com/s/2678",
    "fetched_at": "2025-11-05T23:49:04Z",
    "user_agent": "Scraper/1.0 (+)",
    "pool": null,
    "center": null
  }
}