{
  "id": "2679",
  "count": 49,
  "words": [
    "digging",
    "ding",
    "dinging",
    "dingo",
    "dining",
    "dino",
    "dipping",
    "dodging",
    "dodo",
    "dogging",
    "doggo",
    "doing",
    "dong",
    "donning",
    "donor",
    "door",
    "doping",
    "drip",
    "dripping",
    "droid",
    "droning",
    "droop",
    "drooping",
    "drop",
    "dropping",
    "gird",
    "girding",
    "good",
    "grid",
    "gridiron",
    "grind",
    "grinding",
    "indigo",
    "indoor",
    "nodding",
    "odor",
    "opioid",
    "pidgin",
    "pond",
    "priding",
    "prod",
    "prodding",
    "ridding",
    "ridging",
    "riding",
    "rigid",
    "rind",
    "rondo",
    "rood"
  ],
  "meta": {
    "source_url": "https://www.sbsolver.com/s/2679",
    "fetched_at": "2025-11-05T23:49:07Z",
    "user_agent": "Scraper/1.0 (+)",
    "pool": null,
    "center": null
  }
}