{
  "id": "2680",
  "count": 39,
  "words": [
    "alga",
    "algal",
    "alpha",
    "alum",
    "amalgam",
    "appall",
    "gaga",
    "gala",
    "gall",
    "galumph",
    "gamma",
    "glam",
    "gulag",
    "halal",
    "hall",
    "haul",
    "hula",
    "lama",
    "lamp",
    "laugh",
    "llama",
    "luau",
    "magma",
    "mall",
    "mama",
    "mamma",
    "mammal",
    "maul",
    "mullah",
    "palapa",
    "pall",
    "palm",
    "palp",
    "pampa",
    "papa",
    "papal",
    "puma",
    "pupa",
    "pupal"
  ],
  "meta": {
    "source_url": "https://www.sbsolver.com/s/2680",
    "fetched_at": "2025-11-05T23:49:11Z",
    "user_agent": "Scraper/1.0 (+)",
    "pool": null,
    "center": null
  }
}