{
  "id": "2681",
  "count": 59,
  "words": [
    "been",
    "bellmen",
    "bend",
    "blend",
    "blended",
    "blond",
    "blonde",
    "bonbon",
    "bond",
    "bonded",
    "bone",
    "boned",
    "bonobo",
    "boon",
    "debone",
    "deboned",
    "demon",
    "done",
    "donee",
    "donned",
    "ebon",
    "embolden",
    "emboldened",
    "emend",
    "emended",
    "ended",
    "ennoble",
    "ennobled",
    "lemon",
    "lend",
    "lone",
    "loon",
    "melodeon",
    "melon",
    "mend",
    "mended",
    "mondo",
    "mono",
    "moon",
    "mooned",
    "need",
    "needed",
    "needle",
    "needled",
    "nene",
    "neon",
    "noble",
    "noblemen",
    "nodded",
    "node",
    "noel",
    "none",
    "noob",
    "noodle",
    "noodled",
    "noon",
    "odeon",
    "olden",
    "omen"
  ],
  "meta": {
    "source_url": "https://www.sbsolver.com/s/2681",
    "fetched_at": "2025-11-05T23:49:14Z",
    "user_agent": "Scraper/1.0 (+)",
    "pool": null,
    "center": null
  }
}