{
  "id": "2682",
  "count": 42,
  "words": [
    "airy",
    "apart",
    "apiary",
    "apparat",
    "aria",
    "array",
    "arty",
    "atria",
    "attar",
    "aura",
    "irrupt",
    "pair",
    "papyri",
    "parity",
    "parry",
    "part",
    "partita",
    "party",
    "pituitary",
    "prat",
    "pray",
    "purity",
    "purr",
    "raita",
    "rapt",
    "rarity",
    "ratatat",
    "rattrap",
    "ratty",
    "rutty",
    "tapir",
    "tarp",
    "tarry",
    "tart",
    "tartar",
    "tiara",
    "trait",
    "trap",
    "tray",
    "trip",
    "trippy",
    "yurt"
  ],
  "meta": {
    "source_url": "https://www.sbsolver.com/s/2682",
    "fetched_at": "2025-11-05T23:49:17Z",
    "user_agent": "Scraper/1.0 (+)",
    "pool": null,
    "center": null
  }
}