{
  "id": "2683",
  "count": 53,
  "words": [
    "acacia",
    "acai",
    "acing",
    "alack",
    "cackling",
    "caging",
    "caking",
    "call",
    "calla",
    "calling",
    "canal",
    "cancan",
    "caning",
    "canna",
    "canning",
    "cilia",
    "clack",
    "clacking",
    "clan",
    "clang",
    "clanging",
    "clank",
    "clanking",
    "click",
    "clicking",
    "cling",
    "clinging",
    "clinic",
    "clinical",
    "clinician",
    "clink",
    "clinking",
    "glacial",
    "glancing",
    "icing",
    "iliac",
    "inclining",
    "kick",
    "kicking",
    "knack",
    "knickknack",
    "lacing",
    "lack",
    "lacking",
    "laic",
    "laical",
    "lancing",
    "lick",
    "licking",
    "lilac",
    "niacin",
    "nick",
    "nicking"
  ],
  "meta": {
    "source_url": "https://www.sbsolver.com/s/2683",
    "fetched_at": "2025-11-05T23:49:20Z",
    "user_agent": "Scraper/1.0 (+)",
    "pool": null,
    "center": null
  }
}