{
  "id": "2684",
  "count": 19,
  "words": [
    "chic",
    "chichi",
    "chick",
    "chin",
    "cinch",
    "cumin",
    "hick",
    "inch",
    "kick",
    "kimchi",
    "kink",
    "mimic",
    "mini",
    "minim",
    "minimum",
    "mink",
    "munchkin",
    "nick",
    "unkink"
  ],
  "meta": {
    "source_url": "https://www.sbsolver.com/s/2684",
    "fetched_at": "2025-11-05T23:49:23Z",
    "user_agent": "Scraper/1.0 (+)",
    "pool": null,
    "center": null
  }
}