{
  "id": "2685",
  "count": 41,
  "words": [
    "abaci",
    "abbot",
    "abiotic",
    "anabiotic",
    "antibiotic",
    "baba",
    "baboon",
    "bacon",
    "bait",
    "banana",
    "banc",
    "baobab",
    "baton",
    "bionic",
    "biota",
    "biotic",
    "biotin",
    "boat",
    "boba",
    "bobbin",
    "bobcat",
    "bocci",
    "bonbon",
    "bonito",
    "bonobo",
    "boob",
    "booboo",
    "boon",
    "boot",
    "botanic",
    "cabana",
    "cabin",
    "ciabatta",
    "nabob",
    "nanobot",
    "noob",
    "obit",
    "obtain",
    "taboo",
    "tibia",
    "tobacco"
  ],
  "meta": {
    "source_url": "https://www.sbsolver.com/s/2685",
    "fetched_at": "2025-11-05T23:49:27Z",
    "user_agent": "Scraper/1.0 (+)",
    "pool": null,
    "center": null
  }
}