{
  "id": "2686",
  "count": 58,
  "words": [
    "adopt",
    "adopted",
    "adoptee",
    "atop",
    "depot",
    "dodo",
    "doeth",
    "doodad",
    "dope",
    "doped",
    "dote",
    "doted",
    "doth",
    "dotted",
    "epode",
    "hoed",
    "hood",
    "hooded",
    "hoodoo",
    "hoop",
    "hooped",
    "hoot",
    "hooted",
    "hope",
    "hoped",
    "hopped",
    "hothead",
    "hotheaded",
    "hotpot",
    "oath",
    "opted",
    "peapod",
    "photo",
    "poet",
    "pooh",
    "poop",
    "pooped",
    "pope",
    "poppa",
    "popped",
    "poppet",
    "potato",
    "pothead",
    "potted",
    "tattoo",
    "tattooed",
    "teapot",
    "toad",
    "toed",
    "toot",
    "tooted",
    "tooth",
    "toothed",
    "tope",
    "toped",
    "topped",
    "tote",
    "toted"
  ],
  "meta": {
    "source_url": "https://www.sbsolver.com/s/2686",
    "fetched_at": "2025-11-05T23:49:30Z",
    "user_agent": "Scraper/1.0 (+)",
    "pool": null,
    "center": null
  }
}