{
  "id": "2687",
  "count": 31,
  "words": [
    "awed",
    "cawed",
    "chaw",
    "chew",
    "chewed",
    "hawed",
    "heehaw",
    "heehawed",
    "hewed",
    "thaw",
    "thawed",
    "twee",
    "tweed",
    "tweet",
    "tweeted",
    "wadded",
    "wade",
    "waded",
    "watch",
    "watched",
    "watt",
    "wedded",
    "weed",
    "weeded",
    "wetted",
    "what",
    "wheat",
    "whee",
    "whet",
    "whetted",
    "whew"
  ],
  "meta": {
    "source_url": "https://www.sbsolver.com/s/2687",
    "fetched_at": "2025-11-05T23:49:33Z",
    "user_agent": "Scraper/1.0 (+)",
    "pool": null,
    "center": null
  }
}