{
  "id": "2688",
  "count": 30,
  "words": [
    "cell",
    "cello",
    "cellule",
    "clef",
    "clone",
    "clue",
    "cocoon",
    "coffee",
    "colleen",
    "colon",
    "colonel",
    "cone",
    "confluence",
    "cool",
    "coulee",
    "cuff",
    "cull",
    "effluence",
    "fence",
    "fleece",
    "flounce",
    "loco",
    "neocon",
    "nonce",
    "nucleon",
    "once",
    "ounce",
    "uncle",
    "uncool",
    "uncuff"
  ],
  "meta": {
    "source_url": "https://www.sbsolver.com/s/2688",
    "fetched_at": "2025-11-05T23:49:37Z",
    "user_agent": "Scraper/1.0 (+)",
    "pool": null,
    "center": null
  }
}