{
  "id": "2689",
  "count": 51,
  "words": [
    "clinic",
    "coconut",
    "cocoon",
    "coin",
    "colon",
    "colonic",
    "concoct",
    "concoction",
    "conic",
    "cotillion",
    "cotton",
    "council",
    "count",
    "icon",
    "iconic",
    "into",
    "intuit",
    "intuition",
    "ionic",
    "linocut",
    "lint",
    "lion",
    "locution",
    "loin",
    "loon",
    "lotion",
    "nonillion",
    "nonunion",
    "noon",
    "notion",
    "noun",
    "null",
    "nuncio",
    "octillion",
    "onion",
    "onto",
    "tinct",
    "tint",
    "tonic",
    "toon",
    "tuition",
    "tunic",
    "uncoil",
    "uncool",
    "unction",
    "uncut",
    "union",
    "unit",
    "unlit",
    "until",
    "unto"
  ],
  "meta": {
    "source_url": "https://www.sbsolver.com/s/2689",
    "fetched_at": "2025-11-05T23:49:41Z",
    "user_agent": "Scraper/1.0 (+)",
    "pool": null,
    "center": null
  }
}