{
  "id": "2690",
  "count": 21,
  "words": [
    "aggravating",
    "arriving",
    "avatar",
    "avian",
    "aviating",
    "giving",
    "gravitating",
    "invariant",
    "inviting",
    "navigating",
    "nirvana",
    "ravaging",
    "raving",
    "titivating",
    "trivia",
    "vagina",
    "vagrant",
    "vain",
    "variant",
    "virgin",
    "vitiating"
  ],
  "meta": {
    "source_url": "https://www.sbsolver.com/s/2690",
    "fetched_at": "2025-11-05T23:49:44Z",
    "user_agent": "Scraper/1.0 (+)",
    "pool": null,
    "center": null
  }
}