{
  "id": "2691",
  "count": 36,
  "words": [
    "elope",
    "epee",
    "epilog",
    "gelee",
    "ghee",
    "giggle",
    "glee",
    "goggle",
    "google",
    "heel",
    "hell",
    "hellhole",
    "hello",
    "help",
    "hippie",
    "hole",
    "hope",
    "liege",
    "loge",
    "logophile",
    "loophole",
    "lope",
    "ogee",
    "ogle",
    "oleo",
    "ollie",
    "peel",
    "peep",
    "peephole",
    "people",
    "piehole",
    "pile",
    "pipe",
    "plie",
    "pole",
    "pope"
  ],
  "meta": {
    "source_url": "https://www.sbsolver.com/s/2691",
    "fetched_at": "2025-11-05T23:49:53Z",
    "user_agent": "Scraper/1.0 (+)",
    "pool": null,
    "center": null
  }
}