{
  "id": "2692",
  "count": 69,
  "words": [
    "added",
    "addend",
    "addenda",
    "addle",
    "addled",
    "adze",
    "allay",
    "allayed",
    "allele",
    "alley",
    "ally",
    "anal",
    "anally",
    "analyze",
    "analyzed",
    "annal",
    "anneal",
    "annealed",
    "azalea",
    "daddy",
    "dale",
    "dally",
    "dandle",
    "dandled",
    "dandy",
    "daze",
    "dazed",
    "dazedly",
    "dazzle",
    "dazzled",
    "dead",
    "deaden",
    "deadened",
    "deadeye",
    "deadly",
    "deal",
    "dean",
    "delay",
    "delayed",
    "dyad",
    "elan",
    "eland",
    "ennead",
    "lade",
    "laded",
    "laden",
    "ladle",
    "ladled",
    "lady",
    "land",
    "landed",
    "landlady",
    "lane",
    "laze",
    "lazed",
    "lazy",
    "lead",
    "leaded",
    "leaden",
    "leadenly",
    "lean",
    "leaned",
    "leanly",
    "naan",
    "nada",
    "nana",
    "nanny",
    "zany",
    "zeal"
  ],
  "meta": {
    "source_url": "https://www.sbsolver.com/s/2692",
    "fetched_at": "2025-11-05T23:49:58Z",
    "user_agent": "Scraper/1.0 (+)",
    "pool": null,
    "center": null
  }
}