{
  "id": "2693",
  "count": 34,
  "words": [
    "afar",
    "affair",
    "affiant",
    "aircraft",
    "antiaircraft",
    "antifa",
    "artifact",
    "caftan",
    "craft",
    "fact",
    "faint",
    "fair",
    "fanatic",
    "fanfic",
    "farina",
    "fart",
    "fiat",
    "franc",
    "frantic",
    "frat",
    "friar",
    "frittata",
    "infant",
    "infarct",
    "infract",
    "naif",
    "raffia",
    "raft",
    "riff",
    "riffraff",
    "rift",
    "tariff",
    "tiff",
    "traffic"
  ],
  "meta": {
    "source_url": "https://www.sbsolver.com/s/2693",
    "fetched_at": "2025-11-05T23:50:01Z",
    "user_agent": "Scraper/1.0 (+)",
    "pool": null,
    "center": null
  }
}