{
  "id": "2694",
  "count": 33,
  "words": [
    "dhoti",
    "digging",
    "digit",
    "ding",
    "dinging",
    "dingo",
    "dining",
    "dino",
    "dint",
    "ditto",
    "dodging",
    "dodo",
    "dogging",
    "doggo",
    "doing",
    "dong",
    "donning",
    "doth",
    "doting",
    "dotting",
    "good",
    "goodnight",
    "hiding",
    "hind",
    "hood",
    "hooding",
    "hoodoo",
    "hotdog",
    "hotdogging",
    "idiot",
    "indigo",
    "nodding",
    "tiding"
  ],
  "meta": {
    "source_url": "https://www.sbsolver.com/s/2694",
    "fetched_at": "2025-11-05T23:50:05Z",
    "user_agent": "Scraper/1.0 (+)",
    "pool": null,
    "center": null
  }
}