{
  "id": "2695",
  "count": 37,
  "words": [
    "abate",
    "abet",
    "acetate",
    "acetic",
    "attack",
    "attic",
    "backbit",
    "backbite",
    "bait",
    "bate",
    "batik",
    "beat",
    "beet",
    "beta",
    "betake",
    "bite",
    "cacti",
    "ciabatta",
    "cite",
    "kite",
    "tacet",
    "tacit",
    "tack",
    "tact",
    "tactic",
    "take",
    "takeback",
    "teacake",
    "teak",
    "teat",
    "tibia",
    "tibiae",
    "tick",
    "ticket",
    "tieback",
    "tiki",
    "tikka"
  ],
  "meta": {
    "source_url": "https://www.sbsolver.com/s/2695",
    "fetched_at": "2025-11-05T23:50:09Z",
    "user_agent": "Scraper/1.0 (+)",
    "pool": null,
    "center": null
  }
}