{
  "id": "2696",
  "count": 56,
  "words": [
    "accumulate",
    "acme",
    "alum",
    "amulet",
    "calm",
    "came",
    "camel",
    "cecum",
    "cellmate",
    "clam",
    "emcee",
    "emulate",
    "lama",
    "lame",
    "lemma",
    "llama",
    "mace",
    "macula",
    "malamute",
    "male",
    "mall",
    "mallet",
    "malt",
    "mama",
    "mamma",
    "mammal",
    "mate",
    "matte",
    "maul",
    "meal",
    "meat",
    "mecca",
    "meet",
    "melee",
    "melt",
    "meme",
    "meta",
    "metal",
    "mete",
    "mettle",
    "mule",
    "mull",
    "mullet",
    "mutate",
    "mute",
    "mutt",
    "mutual",
    "muumuu",
    "talcum",
    "tamale",
    "tame",
    "team",
    "teammate",
    "teem",
    "tumult",
    "umlaut"
  ],
  "meta": {
    "source_url": "https://www.sbsolver.com/s/2696",
    "fetched_at": "2025-11-05T23:50:12Z",
    "user_agent": "Scraper/1.0 (+)",
    "pool": null,
    "center": null
  }
}