{
  "id": "2697",
  "count": 37,
  "words": [
    "gouging",
    "group",
    "grouping",
    "gunning",
    "guru",
    "inuring",
    "inurn",
    "inurning",
    "nonunion",
    "noun",
    "oppugn",
    "oppugning",
    "pinup",
    "popgun",
    "pour",
    "pouring",
    "pronoun",
    "pruning",
    "punning",
    "purging",
    "purr",
    "purring",
    "rouging",
    "ruin",
    "ruing",
    "ruining",
    "rung",
    "running",
    "ungroup",
    "union",
    "unpin",
    "unpinning",
    "unrig",
    "unrigging",
    "upon",
    "upping",
    "urging"
  ],
  "meta": {
    "source_url": "https://www.sbsolver.com/s/2697",
    "fetched_at": "2025-11-05T23:50:15Z",
    "user_agent": "Scraper/1.0 (+)",
    "pool": null,
    "center": null
  }
}