{
  "id": "2698",
  "count": 53,
  "words": [
    "aargh",
    "agar",
    "agog",
    "agora",
    "alarm",
    "alga",
    "algal",
    "aloha",
    "amalgam",
    "ammo",
    "amoral",
    "armor",
    "aroma",
    "gaga",
    "gala",
    "gall",
    "gamma",
    "glam",
    "glamor",
    "goal",
    "gram",
    "gramma",
    "grammar",
    "halal",
    "hall",
    "halo",
    "haram",
    "harm",
    "hoar",
    "hologram",
    "hoorah",
    "hora",
    "lama",
    "largo",
    "llama",
    "loam",
    "logogram",
    "magma",
    "mall",
    "mama",
    "mamma",
    "mammal",
    "mammogram",
    "marm",
    "molar",
    "momma",
    "moola",
    "moolah",
    "moral",
    "oral",
    "raga",
    "roam",
    "roar"
  ],
  "meta": {
    "source_url": "https://www.sbsolver.com/s/2698",
    "fetched_at": "2025-11-05T23:50:19Z",
    "user_agent": "Scraper/1.0 (+)",
    "pool": null,
    "center": null
  }
}