{
  "id": "2699",
  "count": 30,
  "words": [
    "cell",
    "celli",
    "cicely",
    "clemency",
    "clime",
    "clinic",
    "cycle",
    "cyclic",
    "eely",
    "icicle",
    "icily",
    "illy",
    "inclemency",
    "incline",
    "lenience",
    "leniency",
    "lice",
    "lien",
    "lily",
    "lime",
    "limn",
    "line",
    "linemen",
    "linen",
    "melee",
    "mile",
    "mill",
    "myelin",
    "nicely",
    "yell"
  ],
  "meta": {
    "source_url": "https://www.sbsolver.com/s/2699",
    "fetched_at": "2025-11-05T23:50:22Z",
    "user_agent": "Scraper/1.0 (+)",
    "pool": null,
    "center": null
  }
}