{
  "id": "2700",
  "count": 71,
  "words": [
    "denote",
    "denoted",
    "dentition",
    "detention",
    "devoid",
    "devote",
    "devoted",
    "devotee",
    "devotion",
    "dino",
    "diode",
    "ditto",
    "divot",
    "dodo",
    "done",
    "donee",
    "donned",
    "dote",
    "doted",
    "dotted",
    "dove",
    "edition",
    "endnote",
    "idiot",
    "intention",
    "intentioned",
    "into",
    "intone",
    "intoned",
    "invention",
    "iodide",
    "iodine",
    "neon",
    "nodded",
    "node",
    "none",
    "nonet",
    "nonevent",
    "noon",
    "note",
    "noted",
    "notion",
    "odeon",
    "onion",
    "onto",
    "oven",
    "ovine",
    "ovoid",
    "tendon",
    "tenon",
    "tenoned",
    "toed",
    "tone",
    "toned",
    "tonne",
    "toon",
    "toonie",
    "toot",
    "tooted",
    "tote",
    "toted",
    "veto",
    "vetoed",
    "video",
    "videoed",
    "void",
    "voided",
    "voodoo",
    "vote",
    "voted",
    "votive"
  ],
  "meta": {
    "source_url": "https://www.sbsolver.com/s/2700",
    "fetched_at": "2025-11-05T23:50:25Z",
    "user_agent": "Scraper/1.0 (+)",
    "pool": null,
    "center": null
  }
}