{
  "id": "2701",
  "count": 30,
  "words": [
    "atop",
    "capo",
    "capon",
    "catnap",
    "coop",
    "coopt",
    "copout",
    "coup",
    "coupon",
    "cuppa",
    "cutup",
    "occupant",
    "output",
    "pact",
    "pant",
    "papa",
    "pontoon",
    "poop",
    "poppa",
    "potato",
    "pout",
    "punt",
    "pupa",
    "putout",
    "putt",
    "tapa",
    "topcoat",
    "unapt",
    "uncap",
    "upon"
  ],
  "meta": {
    "source_url": "https://www.sbsolver.com/s/2701",
    "fetched_at": "2025-11-05T23:50:29Z",
    "user_agent": "Scraper/1.0 (+)",
    "pool": null,
    "center": null
  }
}