{
  "id": "2702",
  "count": 46,
  "words": [
    "belie",
    "belittle",
    "bibelot",
    "bible",
    "bile",
    "bill",
    "billet",
    "biotic",
    "bite",
    "bocci",
    "boil",
    "bootie",
    "celli",
    "cite",
    "cocci",
    "coil",
    "colic",
    "collectible",
    "collie",
    "cootie",
    "eclectic",
    "elicit",
    "elite",
    "icicle",
    "illicit",
    "libel",
    "libelee",
    "lice",
    "licit",
    "lilt",
    "lite",
    "little",
    "loci",
    "obit",
    "oleic",
    "olio",
    "ollie",
    "tile",
    "till",
    "tilt",
    "title",
    "tittle",
    "toil",
    "toile",
    "toilet",
    "toilette"
  ],
  "meta": {
    "source_url": "https://www.sbsolver.com/s/2702",
    "fetched_at": "2025-11-05T23:50:32Z",
    "user_agent": "Scraper/1.0 (+)",
    "pool": null,
    "center": null
  }
}