{
  "id": "2703",
  "count": 30,
  "words": [
    "affiant",
    "afoot",
    "antifa",
    "caftan",
    "citification",
    "coffin",
    "coif",
    "confit",
    "fact",
    "faction",
    "faint",
    "fanatic",
    "fanfic",
    "fiat",
    "fiction",
    "finito",
    "focaccia",
    "foci",
    "font",
    "fontina",
    "foot",
    "infant",
    "info",
    "naif",
    "nonfat",
    "nonfiction",
    "notification",
    "officiant",
    "officiation",
    "tiff"
  ],
  "meta": {
    "source_url": "https://www.sbsolver.com/s/2703",
    "fetched_at": "2025-11-05T23:50:36Z",
    "user_agent": "Scraper/1.0 (+)",
    "pool": null,
    "center": null
  }
}