{
  "id": "2704",
  "count": 61,
  "words": [
    "agita",
    "agitating",
    "alit",
    "anti",
    "atilt",
    "attain",
    "attaining",
    "gait",
    "gallant",
    "gating",
    "giant",
    "gilt",
    "glint",
    "glinting",
    "glitz",
    "gnat",
    "igniting",
    "initial",
    "initialing",
    "initializing",
    "initiating",
    "lantana",
    "ligating",
    "lilt",
    "lilting",
    "lint",
    "litigant",
    "litigating",
    "natal",
    "natant",
    "tagging",
    "taiga",
    "tail",
    "tailgating",
    "tailing",
    "taint",
    "tainting",
    "tali",
    "tall",
    "tallit",
    "tang",
    "tangling",
    "tannin",
    "tanning",
    "tantalizing",
    "tatting",
    "tattling",
    "tiling",
    "till",
    "tilling",
    "tilt",
    "tilting",
    "tinging",
    "tingling",
    "tinning",
    "tint",
    "tinting",
    "titan",
    "titillating",
    "titling",
    "ziti"
  ],
  "meta": {
    "source_url": "https://www.sbsolver.com/s/2704",
    "fetched_at": "2025-11-05T23:50:39Z",
    "user_agent": "Scraper/1.0 (+)",
    "pool": null,
    "center": null
  }
}