{
  "id": "2705",
  "count": 38,
  "words": [
    "cocoon",
    "codon",
    "coin",
    "common",
    "communion",
    "condo",
    "condom",
    "condominium",
    "conic",
    "cumin",
    "dino",
    "dominion",
    "domino",
    "dunno",
    "icon",
    "iconic",
    "indium",
    "ionic",
    "mind",
    "mini",
    "minim",
    "minimum",
    "minion",
    "mondo",
    "mono",
    "moon",
    "mound",
    "noncom",
    "nonunion",
    "noon",
    "noun",
    "nuncio",
    "onion",
    "udon",
    "uncommon",
    "undid",
    "undo",
    "union"
  ],
  "meta": {
    "source_url": "https://www.sbsolver.com/s/2705",
    "fetched_at": "2025-11-05T23:50:43Z",
    "user_agent": "Scraper/1.0 (+)",
    "pool": null,
    "center": null
  }
}