{
  "id": "2706",
  "count": 50,
  "words": [
    "ache",
    "ached",
    "ahead",
    "cache",
    "cached",
    "chad",
    "chai",
    "chain",
    "chained",
    "chance",
    "chanced",
    "chia",
    "chic",
    "chica",
    "chichi",
    "chide",
    "chided",
    "chin",
    "china",
    "chinned",
    "cinch",
    "cinched",
    "dacha",
    "deadhead",
    "deadheaded",
    "each",
    "echidna",
    "echinacea",
    "enchain",
    "enchained",
    "enhance",
    "enhanced",
    "hacienda",
    "hand",
    "handed",
    "head",
    "headache",
    "headed",
    "heed",
    "heeded",
    "heinie",
    "hence",
    "henna",
    "hennaed",
    "hidden",
    "hide",
    "hind",
    "inch",
    "inched",
    "niche"
  ],
  "meta": {
    "source_url": "https://www.sbsolver.com/s/2706",
    "fetched_at": "2025-11-05T23:50:46Z",
    "user_agent": "Scraper/1.0 (+)",
    "pool": null,
    "center": null
  }
}