{
  "id": "2707",
  "count": 45,
  "words": [
    "eggnog",
    "entente",
    "gene",
    "genotype",
    "gent",
    "gone",
    "gong",
    "goon",
    "goony",
    "gotten",
    "nene",
    "neon",
    "netty",
    "none",
    "nonet",
    "noon",
    "nope",
    "note",
    "onto",
    "ontogeny",
    "open",
    "opponent",
    "peen",
    "penne",
    "penny",
    "pent",
    "peon",
    "peony",
    "pone",
    "pong",
    "pongee",
    "pontoon",
    "pony",
    "potent",
    "teen",
    "teeny",
    "tenet",
    "tenon",
    "tent",
    "tone",
    "tong",
    "tonne",
    "tony",
    "toon",
    "yente"
  ],
  "meta": {
    "source_url": "https://www.sbsolver.com/s/2707",
    "fetched_at": "2025-11-05T23:50:49Z",
    "user_agent": "Scraper/1.0 (+)",
    "pool": null,
    "center": null
  }
}