{
  "id": "2708",
  "count": 50,
  "words": [
    "ailing",
    "alga",
    "algal",
    "alibi",
    "align",
    "aligning",
    "anal",
    "angling",
    "annal",
    "babbling",
    "bail",
    "bailing",
    "baling",
    "ball",
    "balling",
    "banal",
    "bilabial",
    "bill",
    "billing",
    "blab",
    "blabbing",
    "blazing",
    "blin",
    "bling",
    "blini",
    "gabbling",
    "gala",
    "galangal",
    "gall",
    "galling",
    "ganglia",
    "gangling",
    "giggling",
    "gill",
    "gilling",
    "glazing",
    "glia",
    "glib",
    "labia",
    "labial",
    "labializing",
    "lagging",
    "lain",
    "lanai",
    "lazing",
    "lining",
    "nail",
    "nailing",
    "nibbling",
    "niggling"
  ],
  "meta": {
    "source_url": "https://www.sbsolver.com/s/2708",
    "fetched_at": "2025-11-05T23:50:53Z",
    "user_agent": "Scraper/1.0 (+)",
    "pool": null,
    "center": null
  }
}