{
  "id": "2709",
  "count": 50,
  "words": [
    "afar",
    "affair",
    "affray",
    "agar",
    "agita",
    "airy",
    "aria",
    "array",
    "arty",
    "atria",
    "attar",
    "fair",
    "fairy",
    "fart",
    "fatty",
    "fiat",
    "frag",
    "frat",
    "fratty",
    "fray",
    "friar",
    "friary",
    "frittata",
    "gaff",
    "gaga",
    "gait",
    "graffiti",
    "graft",
    "gratify",
    "gray",
    "raffia",
    "raft",
    "raga",
    "ragtag",
    "raita",
    "rarity",
    "ratatat",
    "ratify",
    "ratty",
    "riffraff",
    "taffy",
    "taiga",
    "tariff",
    "tarry",
    "tart",
    "tartar",
    "tatty",
    "tiara",
    "trait",
    "tray"
  ],
  "meta": {
    "source_url": "https://www.sbsolver.com/s/2709",
    "fetched_at": "2025-11-05T23:50:56Z",
    "user_agent": "Scraper/1.0 (+)",
    "pool": null,
    "center": null
  }
}