{
  "id": "2710",
  "count": 42,
  "words": [
    "addend",
    "addenda",
    "anew",
    "annex",
    "annexed",
    "dawn",
    "dawned",
    "deaden",
    "deadened",
    "dean",
    "denude",
    "denuded",
    "dune",
    "dunned",
    "ended",
    "endue",
    "endued",
    "ennead",
    "naan",
    "nada",
    "nana",
    "need",
    "needed",
    "nene",
    "nude",
    "undead",
    "undue",
    "unneeded",
    "unwaxed",
    "unweaned",
    "unwed",
    "unwedded",
    "unweeded",
    "wand",
    "wane",
    "waned",
    "wanna",
    "waxen",
    "wean",
    "weaned",
    "wend",
    "wended"
  ],
  "meta": {
    "source_url": "https://www.sbsolver.com/s/2710",
    "fetched_at": "2025-11-05T23:50:59Z",
    "user_agent": "Scraper/1.0 (+)",
    "pool": null,
    "center": null
  }
}