{
  "id": "2711",
  "count": 29,
  "words": [
    "inurn",
    "iron",
    "lion",
    "loin",
    "loon",
    "noir",
    "nonillion",
    "nonunion",
    "noon",
    "nori",
    "noun",
    "null",
    "onion",
    "opinion",
    "pillion",
    "pinion",
    "pinup",
    "pippin",
    "poplin",
    "porn",
    "porno",
    "prion",
    "pronoun",
    "purloin",
    "ruin",
    "union",
    "unpin",
    "unroll",
    "upon"
  ],
  "meta": {
    "source_url": "https://www.sbsolver.com/s/2711",
    "fetched_at": "2025-11-05T23:51:03Z",
    "user_agent": "Scraper/1.0 (+)",
    "pool": null,
    "center": null
  }
}