{
  "id": "2712",
  "count": 31,
  "words": [
    "eely",
    "illy",
    "keel",
    "kelp",
    "kelpie",
    "kill",
    "leek",
    "lieu",
    "like",
    "likely",
    "lily",
    "lippy",
    "lull",
    "lulu",
    "peel",
    "pile",
    "pileup",
    "pill",
    "plie",
    "pule",
    "puli",
    "pull",
    "pulley",
    "pulp",
    "pulpy",
    "pupil",
    "puppylike",
    "ukulele",
    "yell",
    "yelp",
    "yule"
  ],
  "meta": {
    "source_url": "https://www.sbsolver.com/s/2712",
    "fetched_at": "2025-11-05T23:51:06Z",
    "user_agent": "Scraper/1.0 (+)",
    "pool": null,
    "center": null
  }
}