{
  "id": "2713",
  "count": 54,
  "words": [
    "element",
    "emolument",
    "emote",
    "lemon",
    "loom",
    "lumen",
    "meet",
    "melee",
    "melon",
    "melt",
    "meme",
    "memento",
    "memo",
    "mentee",
    "menu",
    "mete",
    "mettle",
    "mole",
    "moll",
    "molt",
    "molten",
    "moment",
    "momentum",
    "mono",
    "monotone",
    "monte",
    "monument",
    "moon",
    "moot",
    "mote",
    "motel",
    "motet",
    "mottle",
    "motto",
    "moue",
    "mount",
    "mule",
    "mull",
    "mullet",
    "mute",
    "mutt",
    "mutton",
    "muumuu",
    "omelet",
    "omelette",
    "omen",
    "teem",
    "tenement",
    "tome",
    "totem",
    "tumult",
    "unmet",
    "unmount",
    "unmute"
  ],
  "meta": {
    "source_url": "https://www.sbsolver.com/s/2713",
    "fetched_at": "2025-11-05T23:51:17Z",
    "user_agent": "Scraper/1.0 (+)",
    "pool": null,
    "center": null
  }
}