{
  "id": "2714",
  "count": 65,
  "words": [
    "abaci",
    "abate",
    "abet",
    "ablate",
    "able",
    "albeit",
    "alibi",
    "baba",
    "babble",
    "babe",
    "babel",
    "bacilli",
    "bail",
    "bait",
    "bale",
    "ball",
    "ballet",
    "balletic",
    "bate",
    "battle",
    "beat",
    "beatable",
    "beet",
    "beetle",
    "belie",
    "belittle",
    "bell",
    "belle",
    "belt",
    "beta",
    "betel",
    "bible",
    "biblical",
    "bilabial",
    "bile",
    "bill",
    "billable",
    "billet",
    "bite",
    "blab",
    "blat",
    "bleat",
    "cabal",
    "cabala",
    "cabbie",
    "cable",
    "callable",
    "celeb",
    "celibate",
    "ciabatta",
    "citable",
    "electable",
    "label",
    "labia",
    "labial",
    "labile",
    "liable",
    "libel",
    "libelee",
    "tabla",
    "table",
    "tablet",
    "tibia",
    "tibiae",
    "tibial"
  ],
  "meta": {
    "source_url": "https://www.sbsolver.com/s/2714",
    "fetched_at": "2025-11-05T23:51:29Z",
    "user_agent": "Scraper/1.0 (+)",
    "pool": null,
    "center": null
  }
}