{
  "id": "2715",
  "count": 23,
  "words": [
    "city",
    "comity",
    "commit",
    "commodity",
    "coot",
    "dimity",
    "ditto",
    "ditty",
    "dotty",
    "idiot",
    "idiotic",
    "itty",
    "mitt",
    "moot",
    "motto",
    "oddity",
    "omit",
    "tidy",
    "timid",
    "timidity",
    "toddy",
    "tomtit",
    "toot"
  ],
  "meta": {
    "source_url": "https://www.sbsolver.com/s/2715",
    "fetched_at": "2025-11-05T23:51:37Z",
    "user_agent": "Scraper/1.0 (+)",
    "pool": null,
    "center": null
  }
}