{
  "id": "2716",
  "count": 29,
  "words": [
    "lipping",
    "lippy",
    "nipping",
    "nippy",
    "pigging",
    "piggy",
    "piling",
    "pill",
    "pilling",
    "ping",
    "pinging",
    "pining",
    "pinning",
    "pinny",
    "pint",
    "piping",
    "pipit",
    "pippin",
    "pitting",
    "pity",
    "pitying",
    "pityingly",
    "plying",
    "tipi",
    "tipping",
    "tippling",
    "tippy",
    "typing",
    "yipping"
  ],
  "meta": {
    "source_url": "https://www.sbsolver.com/s/2716",
    "fetched_at": "2025-11-05T23:51:42Z",
    "user_agent": "Scraper/1.0 (+)",
    "pool": null,
    "center": null
  }
}