{
  "id": "2717",
  "count": 60,
  "words": [
    "cocci",
    "cocoon",
    "coin",
    "conceit",
    "concoct",
    "concoction",
    "cone",
    "conic",
    "conjoin",
    "conjoint",
    "connect",
    "connection",
    "connote",
    "content",
    "contention",
    "continence",
    "continent",
    "coot",
    "cootie",
    "cote",
    "cotton",
    "ecotone",
    "ejection",
    "enjoin",
    "icon",
    "iconic",
    "incontinence",
    "incontinent",
    "injection",
    "innocence",
    "innocent",
    "intention",
    "into",
    "intone",
    "ionic",
    "join",
    "joint",
    "neocon",
    "neon",
    "nicotine",
    "nonce",
    "none",
    "nonet",
    "noon",
    "note",
    "notice",
    "notion",
    "octet",
    "once",
    "onion",
    "onto",
    "tectonic",
    "tenon",
    "tone",
    "tonic",
    "tonne",
    "toon",
    "toonie",
    "toot",
    "tote"
  ],
  "meta": {
    "source_url": "https://www.sbsolver.com/s/2717",
    "fetched_at": "2025-11-05T23:51:46Z",
    "user_agent": "Scraper/1.0 (+)",
    "pool": null,
    "center": null
  }
}