{
  "id": "2718",
  "count": 66,
  "words": [
    "ante",
    "antenatal",
    "antenna",
    "antennae",
    "attenuate",
    "attune",
    "aunt",
    "eaten",
    "elate",
    "entente",
    "exalt",
    "exeunt",
    "extant",
    "extent",
    "extenuate",
    "exult",
    "exultant",
    "lantana",
    "late",
    "laten",
    "latent",
    "latex",
    "latte",
    "leant",
    "lent",
    "lunate",
    "lunette",
    "lute",
    "luteal",
    "natal",
    "natant",
    "neat",
    "neaten",
    "nettle",
    "next",
    "tale",
    "talent",
    "tall",
    "tattle",
    "tattletale",
    "taunt",
    "taut",
    "tauten",
    "taxa",
    "teal",
    "teat",
    "teen",
    "teletext",
    "telex",
    "tell",
    "telltale",
    "tenant",
    "tenet",
    "tent",
    "text",
    "textual",
    "tulle",
    "tuna",
    "tune",
    "tunnel",
    "tutee",
    "tutu",
    "ululate",
    "uneaten",
    "unlet",
    "untune"
  ],
  "meta": {
    "source_url": "https://www.sbsolver.com/s/2718",
    "fetched_at": "2025-11-05T23:51:50Z",
    "user_agent": "Scraper/1.0 (+)",
    "pool": null,
    "center": null
  }
}