{
  "id": "2719",
  "count": 38,
  "words": [
    "belie",
    "bell",
    "belle",
    "bezel",
    "bible",
    "bile",
    "bill",
    "blob",
    "bloom",
    "bobble",
    "boil",
    "boll",
    "bolo",
    "embezzle",
    "emblem",
    "immobile",
    "immobilize",
    "libel",
    "libelee",
    "limb",
    "limbo",
    "lime",
    "limo",
    "lobe",
    "lobo",
    "loll",
    "loom",
    "melee",
    "mile",
    "mill",
    "mobile",
    "mobilize",
    "moil",
    "mole",
    "moll",
    "oleo",
    "olio",
    "ollie"
  ],
  "meta": {
    "source_url": "https://www.sbsolver.com/s/2719",
    "fetched_at": "2025-11-05T23:51:55Z",
    "user_agent": "Scraper/1.0 (+)",
    "pool": null,
    "center": null
  }
}