{
  "id": "2720",
  "count": 41,
  "words": [
    "cello",
    "cloche",
    "clone",
    "cocoon",
    "coho",
    "colleen",
    "colon",
    "colonel",
    "conch",
    "cone",
    "cool",
    "couch",
    "coulee",
    "echelon",
    "echo",
    "hellhole",
    "hello",
    "hole",
    "honcho",
    "hone",
    "hooch",
    "loch",
    "loco",
    "loll",
    "lone",
    "loon",
    "louche",
    "luncheon",
    "neocon",
    "neon",
    "noel",
    "nonce",
    "none",
    "noon",
    "noun",
    "nucleon",
    "oleo",
    "once",
    "ouch",
    "ounce",
    "uncool"
  ],
  "meta": {
    "source_url": "https://www.sbsolver.com/s/2720",
    "fetched_at": "2025-11-05T23:52:03Z",
    "user_agent": "Scraper/1.0 (+)",
    "pool": null,
    "center": null
  }
}