{
  "id": "2721",
  "count": 49,
  "words": [
    "beet",
    "befit",
    "befitting",
    "beget",
    "begetting",
    "beignet",
    "benefit",
    "benefiting",
    "benefitting",
    "bent",
    "betting",
    "bite",
    "biting",
    "bitten",
    "effete",
    "entente",
    "feet",
    "feint",
    "feinting",
    "fete",
    "feting",
    "fifteen",
    "finite",
    "fitting",
    "gent",
    "getting",
    "gift",
    "gifting",
    "ignite",
    "igniting",
    "infinite",
    "intent",
    "netting",
    "nineteen",
    "nite",
    "teeing",
    "teen",
    "teff",
    "tenet",
    "tent",
    "tenting",
    "tiff",
    "tine",
    "tinge",
    "tingeing",
    "tinging",
    "tinning",
    "tint",
    "tinting"
  ],
  "meta": {
    "source_url": "https://www.sbsolver.com/s/2721",
    "fetched_at": "2025-11-05T23:52:07Z",
    "user_agent": "Scraper/1.0 (+)",
    "pool": null,
    "center": null
  }
}