{
  "id": "2722",
  "count": 33,
  "words": [
    "ghee",
    "hedge",
    "hedged",
    "hedging",
    "heed",
    "heeded",
    "heeding",
    "heinie",
    "henge",
    "hidden",
    "hide",
    "hiding",
    "high",
    "hind",
    "hinge",
    "hinged",
    "hinging",
    "hued",
    "huge",
    "hugged",
    "hugging",
    "hung",
    "neigh",
    "neighed",
    "neighing",
    "nigh",
    "unheeded",
    "unheeding",
    "unhidden",
    "unhinge",
    "unhinged",
    "unhinging",
    "unhung"
  ],
  "meta": {
    "source_url": "https://www.sbsolver.com/s/2722",
    "fetched_at": "2025-11-05T23:52:10Z",
    "user_agent": "Scraper/1.0 (+)",
    "pool": null,
    "center": null
  }
}