{
  "id": "2723",
  "count": 32,
  "words": [
    "demonym",
    "deny",
    "doomy",
    "doyen",
    "doyenne",
    "dyed",
    "dyne",
    "eddy",
    "enemy",
    "eyed",
    "homey",
    "homonym",
    "homonymy",
    "honey",
    "honeyed",
    "honeymoon",
    "honeymooned",
    "hooey",
    "hymen",
    "hymn",
    "mommy",
    "money",
    "moneyed",
    "moneymen",
    "mononym",
    "moody",
    "moony",
    "needy",
    "yenned",
    "yeomen",
    "yond",
    "yoohoo"
  ],
  "meta": {
    "source_url": "https://www.sbsolver.com/s/2723",
    "fetched_at": "2025-11-05T23:52:13Z",
    "user_agent": "Scraper/1.0 (+)",
    "pool": null,
    "center": null
  }
}