{
  "id": "2724",
  "count": 26,
  "words": [
    "clog",
    "clot",
    "cocci",
    "coil",
    "colic",
    "colt",
    "cool",
    "coot",
    "gigolo",
    "googol",
    "igloo",
    "illogic",
    "loci",
    "loco",
    "logic",
    "logo",
    "loll",
    "loot",
    "lotto",
    "olio",
    "toil",
    "toll",
    "tool",
    "toot",
    "toxic",
    "toxicologic"
  ],
  "meta": {
    "source_url": "https://www.sbsolver.com/s/2724",
    "fetched_at": "2025-11-05T23:52:16Z",
    "user_agent": "Scraper/1.0 (+)",
    "pool": null,
    "center": null
  }
}