{
  "id": "2725",
  "count": 49,
  "words": [
    "abaci",
    "aback",
    "acacia",
    "acai",
    "alack",
    "alfalfa",
    "alibi",
    "alkali",
    "baba",
    "babka",
    "bacilli",
    "back",
    "backfill",
    "bail",
    "bailiff",
    "balalaika",
    "balk",
    "ball",
    "biblical",
    "bilabial",
    "blab",
    "black",
    "blackball",
    "cabal",
    "cabala",
    "calf",
    "call",
    "calla",
    "callback",
    "cilia",
    "clack",
    "facial",
    "fail",
    "fall",
    "fallback",
    "filial",
    "flab",
    "flack",
    "flail",
    "flak",
    "iliac",
    "kickback",
    "kickball",
    "labia",
    "labial",
    "lack",
    "laic",
    "laical",
    "lilac"
  ],
  "meta": {
    "source_url": "https://www.sbsolver.com/s/2725",
    "fetched_at": "2025-11-05T23:52:20Z",
    "user_agent": "Scraper/1.0 (+)",
    "pool": null,
    "center": null
  }
}