{
  "id": "2726",
  "count": 66,
  "words": [
    "deep",
    "deepen",
    "deepened",
    "depend",
    "depended",
    "dependent",
    "dipped",
    "emptied",
    "epee",
    "impede",
    "impeded",
    "impediment",
    "impend",
    "impended",
    "impenitent",
    "independent",
    "inept",
    "ninepin",
    "nipped",
    "pediment",
    "peed",
    "peen",
    "peep",
    "peeped",
    "pend",
    "pended",
    "pendent",
    "penitent",
    "penmen",
    "penne",
    "penned",
    "pent",
    "pepped",
    "peptide",
    "petit",
    "petite",
    "petted",
    "pied",
    "pimp",
    "pimped",
    "pine",
    "pined",
    "pinned",
    "pinniped",
    "pint",
    "pipe",
    "piped",
    "pipet",
    "pipette",
    "pipit",
    "pippin",
    "pitied",
    "pitted",
    "teepee",
    "temp",
    "temped",
    "tempi",
    "tempt",
    "tempted",
    "tenpin",
    "tepee",
    "tepid",
    "tiepin",
    "tipi",
    "tipped",
    "tippet"
  ],
  "meta": {
    "source_url": "https://www.sbsolver.com/s/2726",
    "fetched_at": "2025-11-05T23:52:23Z",
    "user_agent": "Scraper/1.0 (+)",
    "pool": null,
    "center": null
  }
}