{
  "id": "2727",
  "count": 51,
  "words": [
    "afloat",
    "afoot",
    "alfalfa",
    "aloft",
    "aloof",
    "effete",
    "fake",
    "falafel",
    "fall",
    "falloff",
    "fatal",
    "fate",
    "feat",
    "feel",
    "feet",
    "fell",
    "fella",
    "fellate",
    "felt",
    "feta",
    "fetal",
    "fete",
    "fettle",
    "flak",
    "flake",
    "flat",
    "flatfeet",
    "flatfoot",
    "flea",
    "flee",
    "fleet",
    "float",
    "floe",
    "foal",
    "folate",
    "folk",
    "folktale",
    "fool",
    "foot",
    "footfall",
    "leaf",
    "leaflet",
    "left",
    "loaf",
    "loft",
    "loofa",
    "offal",
    "taffeta",
    "takeoff",
    "teff",
    "toffee"
  ],
  "meta": {
    "source_url": "https://www.sbsolver.com/s/2727",
    "fetched_at": "2025-11-05T23:52:26Z",
    "user_agent": "Scraper/1.0 (+)",
    "pool": null,
    "center": null
  }
}