{
  "id": "2728",
  "count": 70,
  "words": [
    "amen",
    "amenity",
    "amity",
    "anemia",
    "anima",
    "animate",
    "anime",
    "anytime",
    "attainment",
    "emanate",
    "eminent",
    "emit",
    "enema",
    "enemy",
    "enmity",
    "imam",
    "imitate",
    "imminent",
    "inanimate",
    "inmate",
    "intimate",
    "item",
    "maim",
    "main",
    "maintain",
    "mama",
    "mamma",
    "manatee",
    "mane",
    "mania",
    "manna",
    "manta",
    "many",
    "mate",
    "matey",
    "matinee",
    "matte",
    "mean",
    "meanie",
    "meant",
    "meantime",
    "meany",
    "meat",
    "meaty",
    "meet",
    "meme",
    "mentee",
    "meta",
    "mete",
    "mien",
    "mime",
    "mine",
    "mini",
    "minim",
    "minima",
    "mint",
    "minty",
    "mite",
    "mitt",
    "mitten",
    "myna",
    "name",
    "tame",
    "tatami",
    "team",
    "teammate",
    "teatime",
    "teem",
    "tenement",
    "time"
  ],
  "meta": {
    "source_url": "https://www.sbsolver.com/s/2728",
    "fetched_at": "2025-11-05T23:52:29Z",
    "user_agent": "Scraper/1.0 (+)",
    "pool": null,
    "center": null
  }
}