{
  "id": "2729",
  "count": 22,
  "words": [
    "avid",
    "dial",
    "dill",
    "diva",
    "divan",
    "dual",
    "dull",
    "individual",
    "inlaid",
    "inland",
    "invalid",
    "laid",
    "land",
    "laud",
    "livid",
    "nada",
    "naiad",
    "undid",
    "unlaid",
    "valid",
    "vandal",
    "vivid"
  ],
  "meta": {
    "source_url": "https://www.sbsolver.com/s/2729",
    "fetched_at": "2025-11-05T23:52:32Z",
    "user_agent": "Scraper/1.0 (+)",
    "pool": null,
    "center": null
  }
}