{
  "id": "2730",
  "count": 34,
  "words": [
    "bill",
    "billion",
    "billionth",
    "biotin",
    "blin",
    "blini",
    "bobbin",
    "boil",
    "bonito",
    "hill",
    "hilt",
    "hint",
    "hobbit",
    "inhibit",
    "inhibition",
    "into",
    "lilt",
    "lint",
    "lion",
    "litho",
    "loin",
    "lotion",
    "ninth",
    "nonillion",
    "notion",
    "obit",
    "olio",
    "onion",
    "thin",
    "till",
    "tilt",
    "tilth",
    "tint",
    "toil"
  ],
  "meta": {
    "source_url": "https://www.sbsolver.com/s/2730",
    "fetched_at": "2025-11-05T23:52:36Z",
    "user_agent": "Scraper/1.0 (+)",
    "pool": null,
    "center": null
  }
}