{
  "id": "2731",
  "count": 59,
  "words": [
    "cell",
    "celled",
    "celli",
    "cellule",
    "clinic",
    "clue",
    "clued",
    "cuddle",
    "cuddled",
    "cull",
    "culled",
    "decline",
    "declined",
    "deli",
    "dell",
    "delude",
    "deluded",
    "diddle",
    "diddled",
    "dill",
    "duel",
    "dueled",
    "dull",
    "dulled",
    "elide",
    "elided",
    "elude",
    "eluded",
    "icicle",
    "idle",
    "idled",
    "incline",
    "inclined",
    "include",
    "included",
    "lede",
    "lend",
    "lenience",
    "leucine",
    "lice",
    "lidded",
    "lied",
    "lien",
    "lieu",
    "line",
    "lined",
    "linen",
    "lucid",
    "lull",
    "lulled",
    "lulu",
    "lune",
    "needle",
    "needled",
    "nuclei",
    "nucleic",
    "null",
    "uncle",
    "unlined"
  ],
  "meta": {
    "source_url": "https://www.sbsolver.com/s/2731",
    "fetched_at": "2025-11-05T23:52:43Z",
    "user_agent": "Scraper/1.0 (+)",
    "pool": null,
    "center": null
  }
}