{
  "id": "2732",
  "count": 45,
  "words": [
    "afar",
    "afro",
    "alarm",
    "amoral",
    "amour",
    "armful",
    "armor",
    "aroma",
    "arum",
    "aura",
    "aural",
    "aurora",
    "auroral",
    "farm",
    "farro",
    "floor",
    "flora",
    "floral",
    "flour",
    "fora",
    "form",
    "formal",
    "formula",
    "forum",
    "four",
    "from",
    "froufrou",
    "furl",
    "furor",
    "marm",
    "molar",
    "moor",
    "moral",
    "mural",
    "murmur",
    "oral",
    "roam",
    "roar",
    "roll",
    "roof",
    "room",
    "roomful",
    "ruff",
    "rumor",
    "rural"
  ],
  "meta": {
    "source_url": "https://www.sbsolver.com/s/2732",
    "fetched_at": "2025-11-05T23:52:48Z",
    "user_agent": "Scraper/1.0 (+)",
    "pool": null,
    "center": null
  }
}