{
  "id": "2733",
  "count": 27,
  "words": [
    "nitwit",
    "twig",
    "twin",
    "twinging",
    "twining",
    "twinning",
    "twit",
    "twitch",
    "twitching",
    "which",
    "whinging",
    "whining",
    "whit",
    "whiting",
    "wigging",
    "wight",
    "winch",
    "wincing",
    "wing",
    "winging",
    "wining",
    "winning",
    "witch",
    "witching",
    "with",
    "within",
    "witting"
  ],
  "meta": {
    "source_url": "https://www.sbsolver.com/s/2733",
    "fetched_at": "2025-11-05T23:52:52Z",
    "user_agent": "Scraper/1.0 (+)",
    "pool": null,
    "center": null
  }
}