{
  "id": "2734",
  "count": 67,
  "words": [
    "addle",
    "addled",
    "allele",
    "anal",
    "annal",
    "anneal",
    "annealed",
    "dale",
    "dandle",
    "dandled",
    "deal",
    "dell",
    "elan",
    "eland",
    "enamel",
    "enameled",
    "halal",
    "hale",
    "hall",
    "handheld",
    "handle",
    "handled",
    "headland",
    "heal",
    "healed",
    "heel",
    "heeled",
    "held",
    "hell",
    "helm",
    "helmed",
    "lade",
    "laded",
    "laden",
    "ladle",
    "ladled",
    "lama",
    "lame",
    "lamed",
    "land",
    "landed",
    "lane",
    "lead",
    "leaded",
    "leaden",
    "lean",
    "leaned",
    "lede",
    "lemma",
    "lend",
    "llama",
    "male",
    "mall",
    "mammal",
    "mandala",
    "manhandle",
    "manhandled",
    "meal",
    "medal",
    "medaled",
    "meddle",
    "meddled",
    "meld",
    "melded",
    "melee",
    "needle",
    "needled"
  ],
  "meta": {
    "source_url": "https://www.sbsolver.com/s/2734",
    "fetched_at": "2025-11-05T23:53:00Z",
    "user_agent": "Scraper/1.0 (+)",
    "pool": null,
    "center": null
  }
}