{
  "id": "2735",
  "count": 29,
  "words": [
    "effete",
    "feet",
    "fete",
    "foot",
    "footie",
    "gift",
    "petit",
    "petite",
    "pettifog",
    "pfft",
    "pipet",
    "pipette",
    "pipit",
    "poet",
    "poppet",
    "potpie",
    "teepee",
    "teff",
    "tepee",
    "tiff",
    "tipi",
    "tipoff",
    "tippet",
    "tiptoe",
    "tiptop",
    "toffee",
    "toot",
    "tope",
    "tote"
  ],
  "meta": {
    "source_url": "https://www.sbsolver.com/s/2735",
    "fetched_at": "2025-11-05T23:53:05Z",
    "user_agent": "Scraper/1.0 (+)",
    "pool": null,
    "center": null
  }
}