{
  "id": "2736",
  "count": 58,
  "words": [
    "deepen",
    "deepened",
    "denude",
    "denuded",
    "depend",
    "depended",
    "done",
    "donee",
    "donned",
    "dune",
    "dunned",
    "dunno",
    "ended",
    "endue",
    "endued",
    "expend",
    "expended",
    "expound",
    "expounded",
    "need",
    "needed",
    "nene",
    "neon",
    "nodded",
    "node",
    "none",
    "noon",
    "nope",
    "noun",
    "nude",
    "odeon",
    "open",
    "opened",
    "oxen",
    "peen",
    "pend",
    "pended",
    "penne",
    "penned",
    "peon",
    "pond",
    "pone",
    "pound",
    "pounded",
    "punned",
    "udon",
    "undo",
    "undone",
    "undue",
    "unneeded",
    "unopen",
    "unopened",
    "unpen",
    "unpenned",
    "upend",
    "upended",
    "upon",
    "xenon"
  ],
  "meta": {
    "source_url": "https://www.sbsolver.com/s/2736",
    "fetched_at": "2025-11-05T23:53:09Z",
    "user_agent": "Scraper/1.0 (+)",
    "pool": null,
    "center": null
  }
}