{
  "id": "2737",
  "count": 42,
  "words": [
    "actual",
    "actuate",
    "acute",
    "calculate",
    "caul",
    "cellule",
    "clue",
    "cuff",
    "cull",
    "cult",
    "cute",
    "cutlet",
    "cuttle",
    "effectual",
    "effectuate",
    "factual",
    "fateful",
    "faucet",
    "fault",
    "flauta",
    "fluctuate",
    "flue",
    "fluff",
    "flute",
    "fuel",
    "full",
    "lettuce",
    "luau",
    "luff",
    "lull",
    "lulu",
    "lute",
    "luteal",
    "tactful",
    "tactual",
    "taut",
    "tuffet",
    "tuft",
    "tulle",
    "tutee",
    "tutu",
    "ululate"
  ],
  "meta": {
    "source_url": "https://www.sbsolver.com/s/2737",
    "fetched_at": "2025-11-05T23:53:16Z",
    "user_agent": "Scraper/1.0 (+)",
    "pool": null,
    "center": null
  }
}