{
  "id": "2738",
  "count": 46,
  "words": [
    "amount",
    "anatomy",
    "annatto",
    "annoy",
    "anon",
    "antonym",
    "antonymy",
    "aunt",
    "aunty",
    "automaton",
    "autonomy",
    "autumn",
    "mammon",
    "manna",
    "manta",
    "many",
    "moan",
    "mono",
    "mononym",
    "monotony",
    "moon",
    "moony",
    "mount",
    "mutant",
    "mutton",
    "myna",
    "naan",
    "nana",
    "nanny",
    "natant",
    "natty",
    "noon",
    "noun",
    "nutty",
    "onto",
    "ottoman",
    "outman",
    "tantamount",
    "taunt",
    "tony",
    "toon",
    "tuna",
    "unman",
    "unmount",
    "unto",
    "yuan"
  ],
  "meta": {
    "source_url": "https://www.sbsolver.com/s/2738",
    "fetched_at": "2025-11-05T23:53:19Z",
    "user_agent": "Scraper/1.0 (+)",
    "pool": null,
    "center": null
  }
}